id_candidat,fold,label_committee,committee_probability,neutral_score,context_score,policy_decision,remote,region
C008033,0,0,0.0011043116536683278,27.199148211151577,-32.50669516773115,0,1,Cote-Nord
C004299,0,0,0.2338441065050391,29.84902896059274,-30.77428741022644,0,1,Cote-Nord
C002119,0,0,0.17250240808974485,29.442197614868768,-30.664716149960235,0,1,Bas-Saint-Laurent
C003278,0,1,0.5326982914907201,30.52524701858596,-30.423125774003115,1,1,Cote-Nord
C000063,0,0,0.000897879306556626,25.87829642230315,-31.347350805337943,0,1,Bas-Saint-Laurent
C004359,0,0,0.0004865899502843013,22.368415672861985,-28.31542756174687,0,0,Montreal
C005884,0,1,0.8133745456951179,32.339880749441164,-31.192138010832004,1,1,Gaspesie-Iles-de-la-Madeleine
C000092,0,1,0.9995762761780868,34.53683134572397,-28.481910962941054,1,0,Montreal
C004708,0,0,0.034899819944458586,26.699148211151577,-29.287457610999514,0,0,Capitale-Nationale
C003659,0,1,0.9703860734444106,31.64451448029637,-28.923895855960662,1,0,Montreal
C008274,0,0,0.0008742784407631966,23.41219761486877,-28.902038287618822,0,0,Capitale-Nationale
C013136,0,1,0.9427285205977726,33.71829642230315,-31.534460008218414,1,1,Cote-Nord
C007646,0,1,0.7061109732710223,30.269880749441164,-29.586445352144448,1,0,Montreal
C002773,0,1,0.9979081078397797,34.87914821115157,-30.070462101366708,1,0,Montreal
C010675,0,1,0.6046230412827106,29.21756388401356,-28.8863869575157,0,0,Montreal
C000289,0,1,0.9995632280667203,35.26219761486877,-29.23093424278069,1,0,Montreal
C007013,0,0,0.8074153043430676,30.45219761486877,-29.33469506030275,1,0,Capitale-Nationale
C001126,0,1,0.975032228444878,32.90451448029637,-30.047114147119736,1,0,Montreal
C004860,0,0,0.02194214105863143,26.68378194200678,-29.64431320868878,0,0,Capitale-Nationale
C010656,0,1,0.9973441522995365,33.27914821115157,-28.65700607394233,1,0,Capitale-Nationale
C001644,0,0,0.3082107094632488,30.909880749441164,-31.540242120765566,1,1,Bas-Saint-Laurent
C001319,0,0,0.0139796411057129,28.309880749441163,-31.628214350911247,0,1,Bas-Saint-Laurent
C010454,0,0,0.019212035381469275,26.496831345723976,-29.56313230380611,0,0,Montreal
C001916,0,1,0.9753821765638876,33.28829642230315,-30.419611154677334,1,1,Gaspesie-Iles-de-la-Madeleine
C008648,0,0,0.3069680483471168,28.37073253828959,-29.005643045151515,0,0,Capitale-Nationale
C008636,0,0,0.02771148116395855,26.989148211151576,-29.76306235553164,0,0,Montreal
C011514,0,0,0.0337124233545615,26.116831345723973,-28.733087884286462,0,0,Capitale-Nationale
C004596,0,1,0.7748484844677019,29.726098807434383,-28.762509488564355,0,0,Montreal
C010477,0,1,0.9999790907149668,39.648296422303154,-31.2471220083957,1,1,Bas-Saint-Laurent
C002930,0,1,0.9837984993824882,33.09609880743439,-29.8945267856091,1,0,Montreal
C008710,0,0,0.013015680384183097,26.36073253828959,-29.735533266243046,0,0,Montreal
C012011,0,0,0.21719127191729345,30.587563884013562,-31.587186470099407,1,1,Cote-Nord
C003412,0,1,0.8957606388052514,30.119880749441162,-28.442823674259433,1,0,Capitale-Nationale
C006985,0,0,0.4645128746723635,29.56451448029637,-29.675373853113804,0,0,Montreal
C004548,0,0,0.5068629333523749,28.911465076579177,-28.890060441544723,0,0,Montreal
C000554,0,0,0.07218867697463975,27.875366269144795,-29.866288641345285,0,0,Montreal
C006045,0,0,0.16007531481662607,29.66756388401356,-30.959997607221993,0,1,Gaspesie-Iles-de-la-Madeleine
C007797,0,1,0.9997482636931091,35.48609880743438,-29.02507036091027,1,0,Capitale-Nationale
C012213,0,0,0.02631015661930439,28.032930153158354,-30.848425644590183,0,1,Gaspesie-Iles-de-la-Madeleine
C003331,0,0,0.011665355731270841,27.459148211151575,-30.92041324949701,0,1,Cote-Nord
C000573,0,0,0.5005788450738481,31.99219761486877,-31.99039238169524,1,1,Gaspesie-Iles-de-la-Madeleine
C002044,0,0,0.04165207926746714,29.32756388401356,-31.772499281042947,0,1,Cote-Nord
C005235,0,0,0.04669687945043129,26.223781942006784,-28.575465686625662,0,0,Montreal
C013606,0,0,0.011792879302068921,27.24524701858596,-30.697934489634267,0,1,Cote-Nord
C005337,0,1,0.9590394828318006,33.855247018585956,-31.396695433567896,1,1,Cote-Nord
C006285,0,1,0.2400954431668375,27.70378194200678,-28.602083565078942,0,0,Capitale-Nationale
C009894,0,1,0.9988002482331387,34.31146507657918,-29.068621384090207,1,0,Capitale-Nationale
C011574,0,1,0.9659324407080824,33.199148211151574,-30.59134857271277,1,1,Cote-Nord
C009122,0,1,0.5446538612122025,30.968415672861987,-30.828782558759055,1,1,Bas-Saint-Laurent
C006750,0,0,0.3812161335506125,31.094514480296368,-31.472178443076345,1,1,Bas-Saint-Laurent
C010060,0,0,0.3168910751368764,27.887563884013563,-28.486425404357675,0,0,Montreal
C010937,0,0,0.010673862932850095,27.319880749441165,-30.851182021364114,0,1,Cote-Nord
C010364,0,0,0.04445076695031472,29.34219761486877,-31.73415013397177,0,1,Bas-Saint-Laurent
C005881,0,0,0.19116105538888933,30.302197614868767,-31.426858626191947,1,1,Cote-Nord
C010550,0,0,0.42529549841081365,29.490732538289592,-29.72546914913516,0,0,Montreal
C012064,0,0,0.15869407457194556,27.74451448029637,-29.04498602569826,0,0,Capitale-Nationale
C000725,0,0,0.13691428537212744,30.760613287730756,-32.19610952289002,1,1,Gaspesie-Iles-de-la-Madeleine
C009624,0,1,0.9951981314384186,35.022197614868766,-30.86348760627741,1,1,Cote-Nord
C011794,0,0,7.683554054393062e-06,22.45219761486877,-31.633918560606695,0,1,Cote-Nord
C000642,0,0,0.7930367067618798,30.566831345723976,-29.519478867074934,1,0,Capitale-Nationale
C011180,0,0,0.3728956288300493,29.609880749441164,-30.015164418410972,0,1,Bas-Saint-Laurent
C011330,0,0,0.021074950328150245,28.06451448029637,-31.057176055748332,0,1,Cote-Nord
C005144,0,0,0.0006475787455418454,25.426831345723976,-31.15087346211122,0,1,Bas-Saint-Laurent
C012026,0,0,0.288360451270314,29.61451448029637,-30.318837306331606,0,1,Cote-Nord
C000479,0,0,0.09262748105468899,27.61451448029637,-29.39369567132682,0,0,Capitale-Nationale
C006977,0,0,0.6504809214623013,29.083049403717194,-28.598754455111823,0,0,Capitale-Nationale
C013622,0,0,0.09208549656467113,29.725979556875547,-31.510201740376477,0,1,Cote-Nord
C013490,0,1,0.7570100841711819,30.106831345723975,-29.220848263632195,1,0,Montreal
C001508,0,1,0.7371144272010985,30.348415672861986,-29.544557050017517,1,0,Capitale-Nationale
C011142,0,1,0.7300484260191816,32.062930153158355,-31.287261280711324,1,1,Gaspesie-Iles-de-la-Madeleine
C004434,0,1,0.9175113474789958,31.179148211151578,-29.30092009498609,1,0,Capitale-Nationale
C010993,0,1,0.9684892567262019,31.57451448029637,-28.903826243192963,1,0,Montreal
C007979,0,1,0.9389225759882658,31.57451448029637,-29.44399569795074,1,0,Montreal
C011620,0,0,0.0004270996285678481,24.78524701858596,-30.833977753264648,0,1,Gaspesie-Iles-de-la-Madeleine
C002705,0,0,0.2329509410622833,27.823781942006782,-28.752932425824866,0,0,Montreal
C009917,0,1,0.9761683980988005,32.56609880743438,-29.67147864638201,1,0,Capitale-Nationale
C001062,0,0,0.05012838995375251,29.38451448029637,-31.678100133179875,0,1,Cote-Nord
C001467,0,0,0.004690720431203321,26.220613287730753,-30.3976694154714,0,1,Cote-Nord
C009818,0,0,0.000327606447034511,23.45378194200678,-29.70936207479028,0,0,Montreal
C003155,0,1,0.9978127964031264,34.246098807434386,-29.47222523324696,1,0,Montreal
C010637,0,0,0.04006605241585034,28.379148211151577,-30.855641121275173,0,1,Gaspesie-Iles-de-la-Madeleine
C013053,0,0,0.12384793863987605,27.968415672861987,-29.493828291101174,0,0,Montreal
C010428,0,0,0.11691368066890288,29.679148211151578,-31.255630699925906,0,1,Bas-Saint-Laurent
C012774,0,1,0.1283704141824927,27.71524701858596,-29.20866155537904,0,0,Montreal
C003610,0,0,0.0997017901924124,26.913781942006782,-28.62947867211787,0,0,Montreal
C005046,0,1,0.9417559722547546,32.84451448029637,-30.674611520022474,1,1,Bas-Saint-Laurent
C007036,0,1,0.9999516524739236,37.240732538289585,-29.493115788713194,1,0,Montreal
C002693,0,0,0.020550445971574946,27.932930153158356,-30.94565899557572,0,1,Gaspesie-Iles-de-la-Madeleine
C011350,0,1,0.9271326778100599,30.421465076579178,-28.438408633046883,1,0,Capitale-Nationale
C012469,0,1,0.9998324173086903,35.35378194200678,-28.57543610239799,1,0,Capitale-Nationale
C003577,0,0,0.034249137819024084,27.59683134572397,-30.200339836499325,0,0,Montreal
C013402,0,1,0.968932094863541,32.077563884013564,-29.39548436636677,1,0,Montreal
C000439,0,1,0.9303041016052565,31.576831345723974,-29.556418065828336,1,0,Capitale-Nationale
C002922,0,1,0.22805270612489192,28.722930153158355,-29.67361248691121,0,0,Montreal
C013371,0,0,0.7057913164551415,30.413781942006782,-29.731547151072252,1,0,Capitale-Nationale
C009845,0,0,0.2625140006753409,28.969880749441163,-29.775235090833387,0,0,Montreal
C004609,0,0,0.35385265620348727,28.95378194200678,-29.423257815848782,0,0,Capitale-Nationale
C011720,0,0,0.23208005357146616,28.72146507657918,-29.654420534564768,0,0,Montreal
C002764,0,0,0.6232312921876778,29.566831345723976,-29.17443422458883,0,0,Capitale-Nationale
C002620,0,1,0.8351907124224094,31.153781942006784,-29.888478144173522,1,0,Capitale-Nationale
C006500,0,1,0.723332205596442,29.211465076579177,-28.462162435225757,0,0,Montreal
C000095,0,0,0.24082216979514365,28.869148211151575,-29.764347489230115,0,0,Montreal
C004377,0,0,0.10605329882413093,28.119148211151575,-29.78117398293394,0,0,Montreal
C003212,0,0,0.005207056667020533,25.93304940371719,-30.028281137854677,0,0,Capitale-Nationale
C013303,0,0,3.0868465991372723e-06,20.03451448029637,-29.927245079940143,0,0,Capitale-Nationale
C003758,0,0,0.0008276263126786083,25.05683134572397,-30.589463312808558,0,1,Cote-Nord
C010860,0,0,0.0047772726008858,24.768415672861984,-28.931148811049763,0,0,Capitale-Nationale
C012484,0,0,0.00938943408383763,26.416098807434384,-30.048375487409494,0,0,Montreal
C013786,0,0,0.14190337052864915,30.143781942006783,-31.546852832747874,1,1,Gaspesie-Iles-de-la-Madeleine
C000965,0,0,0.006210306111794525,24.923781942006784,-28.88085270419177,0,0,Capitale-Nationale
C000970,0,1,0.8763676036766781,30.47451448029637,-28.947551975835104,1,0,Capitale-Nationale
C010575,0,0,0.16315868363854633,31.04451448029637,-32.31920557840691,1,1,Cote-Nord
C013618,0,0,0.6846774633723047,30.63146507657918,-30.026946578029833,1,0,Capitale-Nationale
C003288,0,1,0.6171568161781732,31.309880749441163,-30.937590166470624,1,1,Bas-Saint-Laurent
C008676,0,1,0.9987278078050763,33.11073253828959,-27.913655006733762,1,0,Montreal
C005032,0,0,0.3952011593192561,31.38524701858596,-31.716997355460126,1,1,Gaspesie-Iles-de-la-Madeleine
C003023,0,0,0.011503548556599767,26.286831345723975,-29.75911432562483,0,0,Capitale-Nationale
C008077,0,1,0.9763973198554236,31.859148211151577,-28.95681966967062,1,0,Capitale-Nationale
C008836,0,0,0.6759417400826307,29.856098807434385,-29.28289828929683,0,0,Montreal
C004969,0,1,0.9710265630609796,34.56597955687555,-31.827798775649924,1,1,Gaspesie-Iles-de-la-Madeleine
C004661,0,0,0.8935165480525419,31.121465076579177,-29.46297051217517,1,0,Capitale-Nationale
C004056,0,0,0.0027713700835375814,24.731465076579177,-29.32032017233712,0,0,Capitale-Nationale
C010312,0,1,0.5905160458252653,28.83146507657918,-28.54602862880453,0,0,Capitale-Nationale
C003725,0,0,0.0026504691038353304,26.847563884013564,-31.471290806785063,0,1,Gaspesie-Iles-de-la-Madeleine
C007860,0,0,0.10159603352698167,28.74451448029637,-30.443894983235474,0,1,Gaspesie-Iles-de-la-Madeleine
C003413,0,1,0.9599131288531476,31.643781942006783,-29.167710960545286,1,0,Montreal
C010031,0,0,0.41487012595310924,29.61219761486877,-29.880301390485748,0,0,Montreal
C008807,0,0,0.4886456771293992,29.239148211151576,-29.274564795859376,0,0,Montreal
C010292,0,1,0.783131373405764,31.99146507657918,-30.990362116668237,1,1,Bas-Saint-Laurent
C012370,0,0,0.01030260342184111,28.449148211151577,-32.0083434285655,0,1,Gaspesie-Iles-de-la-Madeleine
C006014,0,0,0.00011273284913174792,24.135979556875547,-31.223473028440026,0,1,Bas-Saint-Laurent
C007131,0,0,0.8042599865745759,30.173781942006784,-29.072002883272113,1,0,Montreal
C011742,0,1,0.8692000193840561,30.919148211151576,-29.44252824884522,1,0,Montreal
C008290,0,1,0.37845370532317646,28.686831345723974,-29.073638567973482,0,0,Capitale-Nationale
C008883,0,1,0.8108999774642234,29.119148211151575,-27.984051242852217,0,0,Capitale-Nationale
C004943,0,0,0.12080740771522326,29.169880749441162,-30.717374572274892,0,1,Bas-Saint-Laurent
C000895,0,1,0.9921116605281656,33.272197614868766,-29.502922368531383,1,0,Montreal
C010841,0,1,0.9251391372847025,30.873781942006783,-28.91344779316354,1,0,Capitale-Nationale
C000183,0,0,0.9727831399657176,33.436712095165134,-30.64835942801357,1,1,Cote-Nord
C007164,0,0,0.011630070447403919,27.36451448029637,-30.828169267631342,0,1,Gaspesie-Iles-de-la-Madeleine
C012777,0,0,0.02918133132538828,28.833781942006784,-31.56622135520673,0,1,Cote-Nord
C009405,0,0,0.022478927192647397,26.91683134572397,-29.858090541633665,0,0,Capitale-Nationale
C012727,0,1,0.8926021680488609,31.649148211151577,-29.998118422285682,1,0,Montreal
C012809,0,0,0.04783270499917477,27.913781942006782,-30.245798947351286,0,1,Bas-Saint-Laurent
C005400,0,0,0.006067027463804516,27.887563884013563,-31.862945643343725,0,1,Gaspesie-Iles-de-la-Madeleine
C001664,0,0,0.13033742066700443,28.411465076579177,-29.891261948422404,0,0,Capitale-Nationale
C007335,0,1,0.9812720475644996,31.96451448029637,-28.877931829381374,1,0,Montreal
C009108,0,0,0.1032151519314649,29.072930153158357,-30.758576761579853,0,1,Bas-Saint-Laurent
C011671,0,0,0.008237076459801224,28.170613287730752,-31.905886036476748,0,1,Cote-Nord
C002616,0,0,0.1923953156005883,28.20683134572397,-29.32528382450214,0,0,Montreal
C005583,0,1,0.9999817142409336,37.926098807434386,-29.420391412180837,1,0,Montreal
C008668,0,1,0.8239697361795014,30.92073253828959,-29.717329274558583,1,0,Montreal
C000585,0,1,0.2789179955086641,29.733781942006782,-30.47433976013927,0,1,Bas-Saint-Laurent
C006524,0,1,0.9542696156071079,31.676098807434386,-29.307318677223883,1,0,Montreal
C006736,0,0,0.003126237894113148,25.330732538289592,-29.825368862983037,0,0,Montreal
C005164,0,0,0.01238939873088759,25.373781942006783,-28.787525613335717,0,0,Montreal
C000786,0,0,0.21467206009121798,28.06146507657918,-29.07268902946618,0,0,Capitale-Nationale
C013213,0,1,0.9999736116161151,37.119880749441165,-28.900163646722717,1,0,Montreal
C005563,0,1,0.5896538208051476,30.87451448029637,-30.59185725375172,1,1,Gaspesie-Iles-de-la-Madeleine
C003897,0,1,0.8000594615271848,30.596098807434384,-29.51495701079469,1,0,Montreal
C004090,0,1,0.5785120238551789,31.732930153158357,-31.486033576710184,1,1,Bas-Saint-Laurent
C001097,0,1,0.9951418281926151,33.52609880743439,-29.376521576665766,1,0,Montreal
C005449,0,0,0.00016200054522420488,22.106098807434385,-28.910862040080932,0,0,Capitale-Nationale
C007206,0,0,0.013824393895842686,25.970613287730753,-29.297776491280427,0,0,Montreal
C006950,0,0,5.661650884423176e-06,22.38524701858596,-31.805054757113222,0,1,Gaspesie-Iles-de-la-Madeleine
C006645,0,0,0.27430903130067297,28.146831345723974,-28.90534799241991,0,0,Capitale-Nationale
C011589,0,0,0.11531629567168898,29.359148211151577,-30.94776577299876,0,1,Gaspesie-Iles-de-la-Madeleine
C001751,0,1,0.6114089508288985,30.421465076579178,-30.068088616124573,1,0,Capitale-Nationale
C002310,0,1,0.9999625496698882,37.329880749441166,-29.38312817326646,1,0,Capitale-Nationale
C011984,0,0,0.14086031019713657,29.999880749441164,-31.40965092136819,1,1,Cote-Nord
C012843,0,0,0.0026502150032807477,26.449880749441164,-31.073682621416037,0,1,Gaspesie-Iles-de-la-Madeleine
C000438,0,1,0.3935185270170229,31.367563884013563,-31.704807012986656,1,1,Bas-Saint-Laurent
C009121,0,0,0.8938046192829584,32.03914821115158,-30.378290209756166,1,1,Cote-Nord
C005340,0,0,0.01591383421398784,28.91756388401356,-32.13333168539999,0,1,Gaspesie-Iles-de-la-Madeleine
C005576,0,0,0.03887794077125839,26.333049403717194,-28.833976642231168,0,0,Montreal
C011030,0,1,0.629187039974002,30.649880749441163,-30.237645258285294,1,1,Gaspesie-Iles-de-la-Madeleine
C013100,0,1,0.15815048136642687,29.345979556875548,-30.649629986238804,0,1,Cote-Nord
C006291,0,0,0.22602443322430368,28.77219761486877,-29.731891135370123,0,0,Montreal
C009045,0,0,0.8866318837985464,30.346098807434384,-28.74248175357917,1,0,Montreal
C009346,0,0,0.6907403314290281,31.790613287730753,-31.164084036134422,1,1,Gaspesie-Iles-de-la-Madeleine
C007635,0,1,0.8879637432217816,31.45146507657918,-29.837463849904935,1,0,Capitale-Nationale
C000599,0,1,0.9478010502248855,32.53841567286199,-30.27808845634131,1,0,Montreal
C008966,0,0,0.41886413911014114,29.459148211151575,-29.714441732814088,0,0,Montreal
C002361,0,0,0.010067554143453785,27.889880749441165,-31.467254983676415,0,1,Gaspesie-Iles-de-la-Madeleine
C005489,0,1,0.4645687593593616,31.40219761486877,-31.512881820258887,1,1,Bas-Saint-Laurent
C007680,0,0,0.0008343242088595735,25.12829642230315,-30.654638768292262,0,1,Gaspesie-Iles-de-la-Madeleine
C012696,0,0,0.0013692018963487793,25.851465076579178,-30.99117168828243,0,1,Gaspesie-Iles-de-la-Madeleine
C001616,0,1,0.9977647467110439,33.423781942006784,-28.66688870130208,1,0,Capitale-Nationale
C003438,0,0,0.1857407041488851,28.06146507657918,-29.21376047474587,0,0,Capitale-Nationale
C013654,0,0,0.011235893638178073,25.006098807434384,-28.49694794856981,0,0,Capitale-Nationale
C007474,0,1,0.9943715491782293,33.21841567286199,-29.18418778632533,1,0,Montreal
C007982,0,0,0.015845461506963775,27.79146507657918,-31.010644061863722,0,1,Bas-Saint-Laurent
C008055,0,0,0.030636294071717796,26.77451448029637,-29.467848736972304,0,0,Montreal
C002878,0,0,0.0029223539793068343,26.353781942006783,-30.90115933810714,0,1,Bas-Saint-Laurent
C008396,0,0,0.04005505144284658,29.23597955687555,-31.712695506154972,0,1,Cote-Nord
C010718,0,1,0.9914810180882038,33.25146507657918,-29.542650929107705,1,0,Montreal
C008945,0,0,0.4302110671565783,28.922197614868768,-29.141277109721376,0,0,Capitale-Nationale
C013588,0,0,0.8882040764543768,31.172197614868768,-29.556311097933865,1,0,Montreal
C000421,0,0,0.25831511424581083,29.09219761486877,-29.914549984918917,0,0,Montreal
C008737,0,1,0.395320244478306,30.30451448029637,-30.63587638374646,1,1,Cote-Nord
C000310,0,1,0.9999903843484852,38.50451448029637,-29.49768274540848,1,0,Capitale-Nationale
C000627,0,1,0.22940678158483477,30.890613287730755,-31.835311155221447,1,1,Gaspesie-Iles-de-la-Madeleine
C008007,0,0,0.00033897295043927475,25.630613287730753,-31.859592134737284,0,1,Cote-Nord
C000647,0,1,0.20081453156519297,28.356831345723975,-29.433720240891766,0,0,Capitale-Nationale
C012327,0,1,0.9977666505601221,33.42304940371719,-28.66549031822755,1,0,Montreal
C002865,0,0,0.11899440689880529,30.23597955687555,-31.7968689755748,1,1,Gaspesie-Iles-de-la-Madeleine
C006931,0,1,0.8403891176177462,30.437563884013564,-29.14243379202648,1,0,Montreal
C001247,0,0,0.0411272508261411,28.592930153158356,-31.048178898867047,0,1,Cote-Nord
C005607,0,0,0.7796409183409606,30.07451448029637,-29.08934302557903,1,0,Capitale-Nationale
C011349,0,1,0.9650629538434826,32.286831345723975,-29.699383219005306,1,0,Capitale-Nationale
C007207,0,1,0.3411182083038352,29.691345826020346,-30.204614286359458,0,1,Bas-Saint-Laurent
C009777,0,0,0.003279814250120649,25.039148211151577,-29.496274203829007,0,0,Montreal
C003814,0,1,0.9857022986939334,34.605979556875546,-31.305437503433193,1,1,Bas-Saint-Laurent
C012702,0,0,0.014863031310315732,28.579148211151576,-31.849008750129336,0,1,Bas-Saint-Laurent
C004517,0,0,0.007695336367716619,24.993781942006784,-28.78252218801497,0,0,Montreal
C001715,0,0,0.003575111244534411,26.797563884013563,-31.187243894243238,0,1,Cote-Nord
C009723,0,0,0.030755758814175718,25.733781942006782,-28.423985733284454,0,0,Montreal
C003604,0,0,0.009007438997265256,28.308415672861987,-31.973375939422112,0,1,Bas-Saint-Laurent
C011123,0,0,0.0001212162158207802,24.56146507657918,-31.59238297757708,0,1,Bas-Saint-Laurent
C007649,0,1,0.9700401745995968,32.98914821115157,-30.277861539395833,1,0,Montreal
C005900,0,1,0.9561121330472598,30.931465076579176,-28.529117042857305,1,0,Capitale-Nationale
C005776,0,0,0.006704142394168294,25.88304940371719,-29.78007586678573,0,0,Montreal
C001538,0,1,0.9999843475276448,39.86829642230315,-31.24135322802102,1,1,Bas-Saint-Laurent
C001109,0,0,0.013607947150859745,27.81146507657918,-31.15110314753535,0,1,Gaspesie-Iles-de-la-Madeleine
C005973,0,0,0.8794996792280836,31.136831345723976,-29.587080836334483,1,0,Capitale-Nationale
C009274,0,0,0.0010668853950595795,23.61378194200678,-28.948240072793592,0,0,Montreal
C002291,0,1,0.9882624639007543,34.006831345723974,-30.550432659625407,1,0,Montreal
C010676,0,1,0.9069604729432997,31.04146507657918,-29.266098629430076,1,0,Capitale-Nationale
C007453,0,1,0.9271285645383116,32.56146507657918,-30.57845610227708,1,0,Montreal
C006005,0,1,0.9496011971784614,31.279148211151576,-28.989979101473107,1,0,Capitale-Nationale
C003497,0,0,0.012515855214536747,27.452930153158356,-30.858656367310374,0,1,Cote-Nord
C007807,0,1,0.36098800716643986,30.50451448029637,-30.94976719690073,1,1,Bas-Saint-Laurent
C004790,0,1,0.8122681199651962,30.462197614868767,-29.320124870816215,1,0,Montreal
C000671,0,0,0.9430095260975488,33.65061328773075,-31.462709599856087,1,1,Bas-Saint-Laurent
C004646,0,0,0.001411973386497977,24.41451448029637,-29.530204834367083,0,0,Montreal
C009919,0,0,0.03345021064564971,27.56451448029637,-30.187070482980996,0,0,Capitale-Nationale
C007594,0,0,0.004694784309744811,26.850613287730756,-31.026991045334942,0,1,Gaspesie-Iles-de-la-Madeleine
C007240,0,1,0.4576247748466606,30.071465076579177,-30.203937607244217,1,0,Capitale-Nationale
C008941,0,1,0.14863535298891245,29.488296422303154,-30.849089041135127,0,1,Gaspesie-Iles-de-la-Madeleine
C002739,0,1,0.49517673557834313,30.522930153158356,-30.537972836492628,1,1,Cote-Nord
C002401,0,1,0.923398079582691,32.72134582602034,-30.7804056817528,1,1,Bas-Saint-Laurent
C004065,0,0,0.49403221399823655,31.389880749441165,-31.40849324621813,1,1,Gaspesie-Iles-de-la-Madeleine
C011133,0,0,0.017327655350218473,27.267563884013562,-30.415849140758702,0,1,Gaspesie-Iles-de-la-Madeleine
C003868,0,1,0.4018484845199402,29.661465076579177,-29.971593584030988,0,0,Montreal
C005417,0,0,0.0017711431519751156,23.36524701858596,-28.303954922165627,0,0,Montreal
C001512,0,0,0.22614931644204286,28.099148211151576,-29.05828525454303,0,0,Montreal
C008535,0,0,0.5966359685257283,31.882930153158355,-31.577714562229108,1,1,Cote-Nord
C004350,0,0,0.0006935081183878009,25.61219761486877,-31.282778930244742,0,1,Cote-Nord
C003888,0,0,0.4274281947882809,29.656098807434383,-29.88403674487435,0,0,Montreal
C000351,0,0,0.5826233005302229,29.018415672861984,-28.75835547116315,0,0,Capitale-Nationale
C007156,0,1,0.9814253817419276,33.01378194200678,-29.9206676844435,1,0,Capitale-Nationale
C000887,0,0,0.00986836598153873,24.939880749441162,-28.532992386880604,0,0,Capitale-Nationale
C005581,0,0,0.05714917745911838,27.859148211151577,-30.04475251440335,0,0,Montreal
C004095,0,0,0.06759842830509384,27.819148211151575,-29.865141529967747,0,0,Capitale-Nationale
C000153,0,0,0.34551691220606534,31.56524701858596,-32.06330340085973,1,1,Cote-Nord
C010715,0,1,0.9654636095823311,30.74219761486877,-28.145433000308724,1,0,Montreal
C004964,0,1,0.8122094882751852,31.499148211151578,-30.357375213251796,1,0,Montreal
C006128,0,0,0.21969073650286808,27.99451448029637,-28.98272233699545,0,0,Capitale-Nationale
C009622,0,0,0.8095923036021979,31.109148211151577,-29.98068262480948,1,0,Montreal
C008354,0,0,0.5225615313182066,31.671465076579178,-31.60105507438395,1,1,Bas-Saint-Laurent
C002086,0,0,0.1035550716818844,27.42524701858596,-29.10803456495419,0,0,Montreal
C009333,0,0,0.09067307419188045,27.10451448029637,-28.902000001893455,0,0,Montreal
C010412,0,1,0.8016693457042333,30.506831345723974,-29.417819101261284,1,0,Montreal
C010755,0,0,0.2878321912723974,29.501465076579176,-30.20779606878363,0,0,Montreal
C006965,0,1,0.7345134893965777,30.20146507657918,-29.408038405167016,1,0,Montreal
C013810,0,1,0.8590290134929136,32.17988074944117,-30.770823382021565,1,1,Bas-Saint-Laurent
C001296,0,0,0.03950403070061577,26.506098807434384,-28.99406222225081,0,0,Montreal
C000412,0,1,0.6913475221605231,29.54451448029637,-28.915767881885458,0,0,Capitale-Nationale
C001849,0,0,6.913419647137025e-05,23.26524701858596,-30.73401074677502,0,1,Gaspesie-Iles-de-la-Madeleine
C008193,0,1,0.9746527346394249,32.383781942006785,-29.53844644007706,1,0,Montreal
C006264,0,0,0.8358169423863983,31.546831345723973,-30.277974992786827,1,0,Montreal
C009978,0,0,0.014263908835325509,26.179880749441164,-29.482294454527178,0,0,Montreal
C011126,0,0,0.026700471529008785,27.985247018585962,-30.788948349872427,0,1,Gaspesie-Iles-de-la-Madeleine
C009841,0,0,0.07989042184721383,27.650732538289592,-29.556118578486345,0,0,Montreal
C005255,0,0,0.012086839995636358,27.52524701858596,-30.95850599653341,0,1,Gaspesie-Iles-de-la-Madeleine
C010690,0,0,0.0010261132963980534,24.44073253828959,-29.805602635170686,0,0,Montreal
C012937,0,0,0.14016010155902786,28.161465076579177,-29.575755789629937,0,0,Montreal
C007993,0,1,0.9958000695222238,33.462197614868764,-29.198589401697916,1,0,Montreal
C000256,0,0,0.018714599617355863,26.786098807434385,-29.873248161858438,0,0,Montreal
C012964,0,1,0.9852405574769104,32.578415672861986,-29.303020173806843,1,0,Montreal
C010727,0,0,0.1458345559686471,27.779148211151576,-29.157333382499093,0,0,Montreal
C007093,0,0,0.03813833510711665,26.729880749441165,-29.246382903962918,0,0,Montreal
C005757,0,1,0.9882403697970847,32.53146507657918,-29.076550050357152,1,0,Montreal
C003463,0,1,0.9501364854584504,31.52378194200678,-29.225848253545035,1,0,Capitale-Nationale
C012701,0,0,0.40880819683686925,28.852197614868768,-29.139813493584978,0,0,Montreal
C009205,0,1,0.9959951585514099,34.28134582602034,-29.980500676130088,1,1,Cote-Nord
C010494,0,1,0.7784278382029937,30.329148211151576,-29.349471150520046,1,0,Montreal
C008410,0,0,0.007576292825755352,26.657563884013562,-30.458553080851587,0,1,Gaspesie-Iles-de-la-Madeleine
C012493,0,1,0.9422503296282014,31.38451448029637,-29.207556511906134,1,0,Montreal
C000522,0,0,0.020974473745184803,26.576098807434384,-29.57256643437781,0,0,Capitale-Nationale
C001541,0,1,0.8872700937515914,32.813781942006784,-31.205202291407456,1,1,Bas-Saint-Laurent
C010174,0,0,0.16612955583234615,27.711465076579177,-28.969314436636722,0,0,Montreal
C012222,0,1,0.9706417534758741,32.65451448029637,-29.92692972990354,1,0,Montreal
C001757,0,0,0.06785685453941867,26.898415672861987,-28.94121790126123,0,0,Montreal
C002407,0,0,0.6783031057565817,31.782197614868767,-31.200575966259954,1,1,Gaspesie-Iles-de-la-Madeleine
C010714,0,1,0.688860277526598,29.656831345723973,-29.037152516212295,0,0,Montreal
C009642,0,1,0.49090302779118355,29.48451448029637,-29.512888153655975,0,0,Montreal
C009761,0,0,0.12982781484047198,29.050613287730755,-30.533921301393246,0,1,Gaspesie-Iles-de-la-Madeleine
C005686,0,1,0.02732414252455191,26.841465076579176,-29.626664518725093,0,0,Capitale-Nationale
C012644,0,0,0.0038265849856233304,26.95524701858596,-31.291731030010506,0,1,Cote-Nord
C001107,0,0,0.0016994789324475286,25.80829642230315,-30.779263388432877,0,1,Cote-Nord
C002629,0,0,0.15842482299663332,29.42451448029637,-30.72655947790053,0,1,Bas-Saint-Laurent
C009610,0,0,0.006513503428168306,26.02219761486877,-29.941865721937802,0,0,Montreal
C007939,0,1,0.4527850432616451,28.12451448029637,-28.27220283443219,0,0,Capitale-Nationale
C011151,0,0,0.5766203449705095,28.79146507657918,-28.550613528509388,0,0,Capitale-Nationale
C012826,0,0,0.12726159723544675,29.609148211151577,-31.110317709739316,0,1,Bas-Saint-Laurent
C012608,0,1,0.977749403828009,33.73524701858596,-30.785845688352047,1,1,Gaspesie-Iles-de-la-Madeleine
C007562,0,1,0.9905682509204663,32.326831345723974,-28.698093785019754,1,0,Montreal
C009461,0,0,0.7938952298684245,31.13451448029637,-30.083077459850823,1,0,Montreal
C013798,0,1,0.99397435054762,33.88756388401357,-29.906813988974754,1,1,Bas-Saint-Laurent
C000737,0,0,0.005501871609700945,26.86219761486877,-30.914259047376447,0,1,Gaspesie-Iles-de-la-Madeleine
C013732,0,0,0.38116562400411513,28.563781942006784,-28.94161285425557,0,0,Montreal
C009268,0,0,0.00036031597250894837,23.321465076579177,-29.502819824326394,0,0,Montreal
C006135,0,0,0.015549184534827823,28.05683134572397,-31.290961223056318,0,1,Cote-Nord
C004696,0,0,0.35332202123240913,29.463781942006783,-29.935067905763542,0,0,Montreal
C008347,0,1,0.9309981900561837,32.96378194200678,-30.934983667920392,1,1,Bas-Saint-Laurent
C004818,0,1,0.9546601309994591,31.88524701858596,-29.50946129417969,1,0,Montreal
C000608,0,0,0.05312523115612402,26.75219761486877,-28.998048406849996,0,0,Montreal
C004948,0,0,0.36068923825928095,31.16451448029637,-31.610777199881454,1,1,Gaspesie-Iles-de-la-Madeleine
C001058,0,0,0.018722931490326375,27.11219761486877,-30.198993311911337,0,1,Bas-Saint-Laurent
C013095,0,0,0.0027034299122273074,26.157563884013562,-30.765823899723433,0,1,Gaspesie-Iles-de-la-Madeleine
C009757,0,1,0.8097844029256075,31.995979556875547,-30.86654199936055,1,1,Gaspesie-Iles-de-la-Madeleine
C011895,0,1,0.9554123019934729,31.54524701858596,-29.155804324510886,1,0,Montreal
C012946,0,1,0.9095556974660015,32.63146507657918,-30.831813804566234,1,1,Bas-Saint-Laurent
C005936,0,0,0.013509263986880793,27.11524701858596,-30.460637758989286,0,1,Cote-Nord
C013043,0,0,0.10387584594015664,29.302197614868767,-30.982294734315737,0,1,Bas-Saint-Laurent
C011188,0,0,0.02090261885389958,25.266831345723972,-28.266031792831793,0,0,Montreal
C008011,0,0,0.0003623906427798551,25.582930153158355,-31.759806881382378,0,1,Gaspesie-Iles-de-la-Madeleine
C010076,0,1,0.9958912083831168,33.61219761486877,-29.3314128706717,1,0,Montreal
C005628,0,0,0.10981651445109596,28.216831345723975,-29.848381624709283,0,0,Montreal
C002925,0,0,0.2944594807304184,30.51451448029637,-31.19580782881565,1,1,Cote-Nord
C009345,0,0,0.3255539419307066,29.687563884013564,-30.25544701921056,0,0,Montreal
C008126,0,0,0.021461022188922076,27.527563884013563,-30.505764389244053,0,1,Gaspesie-Iles-de-la-Madeleine
C011966,0,1,0.9987839102883401,33.84914821115157,-28.616862995915096,1,0,Montreal
C001194,0,0,0.16933677598071864,28.40451448029637,-29.64445080756783,0,0,Montreal
C010407,0,0,0.04309298195633825,28.36146507657918,-30.778711649077255,0,1,Bas-Saint-Laurent
C006968,0,0,6.115834059592092e-05,24.420613287730752,-31.984957702495603,0,1,Cote-Nord
C010271,0,0,0.014464789596975246,26.086098807434386,-29.377450000823156,0,0,Montreal
C001645,0,1,0.7728221118334796,30.38146507657918,-29.426903081801367,1,0,Montreal
C013395,0,1,0.9242551852735312,31.96524701858596,-30.01481054517619,1,1,Gaspesie-Iles-de-la-Madeleine
C000424,0,1,0.3680280670806162,29.536098807434385,-29.95765524465993,0,0,Montreal
C000617,0,0,0.34584382242366674,28.506831345723974,-29.0037608558846,0,0,Montreal
C005201,0,1,0.48257083537725326,30.69451448029637,-30.748892493871192,1,0,Montreal
C004633,0,0,0.009366689048568225,28.325247018585962,-31.95943256957346,0,1,Bas-Saint-Laurent
C009772,0,1,0.9799831417707117,32.24146507657918,-29.2078001886297,1,0,Montreal
C011196,0,1,0.999539941569823,35.53683134572397,-29.546084014835333,1,0,Montreal
C010111,0,1,0.9956885142074353,33.16914821115157,-28.926066084143997,1,0,Capitale-Nationale
C005622,0,1,0.9760191868173351,32.28378194200678,-29.394147313764336,1,0,Montreal
C004297,0,0,0.1254603957178236,30.117563884013563,-31.631454769758736,1,1,Bas-Saint-Laurent
C005992,0,0,0.27575053845086434,28.97146507657918,-29.724344977521913,0,0,Capitale-Nationale
C002815,0,0,0.1421096897445722,29.492930153158355,-30.89468078767122,0,1,Gaspesie-Iles-de-la-Madeleine
C005584,0,0,0.06205305648408172,29.259148211151576,-31.376500628425738,0,1,Cote-Nord
C006798,0,1,0.8136058901141169,31.96756388401356,-30.81863232595467,1,1,Bas-Saint-Laurent
C004444,0,1,0.991896077357402,33.453781942006785,-29.705698037794903,1,0,Montreal
C003062,0,0,0.47202756464971884,31.342930153158356,-31.430258402405947,1,1,Bas-Saint-Laurent
C011480,0,0,0.003184041487183185,26.547563884013563,-31.02787069154405,0,1,Bas-Saint-Laurent
C013252,0,0,0.023024001933323907,26.15146507657918,-29.073609340786824,0,0,Montreal
C002667,0,0,0.008377503172805893,25.86146507657918,-29.58344754069222,0,0,Capitale-Nationale
C000149,0,1,0.9226040792100684,31.629148211151577,-29.69691866933199,1,0,Montreal
C004342,0,1,0.5587012763369884,29.768415672861984,-29.584497061491646,0,0,Capitale-Nationale
C011828,0,0,0.4056745833526354,31.70219761486877,-31.999934602676838,1,1,Bas-Saint-Laurent
C009463,0,1,0.9916583954364253,34.02146507657918,-30.296106229260573,1,0,Montreal
C005274,0,0,0.11193679940981512,28.819880749441165,-30.4346617387725,0,0,Montreal
C002063,0,1,0.9971173640586288,34.22219761486877,-29.66411991225222,1,0,Capitale-Nationale
C005079,0,0,2.277212693362759e-05,22.029880749441162,-30.364513588719095,0,1,Bas-Saint-Laurent
C003310,0,1,0.6196349964152966,30.051465076579177,-29.670986731751537,1,0,Capitale-Nationale
C008504,0,0,1.9209656679064108e-05,21.571465076579177,-30.038741399514254,0,1,Bas-Saint-Laurent
C003307,0,0,0.38385873918497243,28.946098807434385,-29.315039890565025,0,0,Montreal
C007017,0,1,0.7649926225394167,29.921465076579178,-29.00126021391282,0,0,Montreal
C005162,0,0,0.03990899200718017,28.12756388401356,-30.607246691177686,0,1,Bas-Saint-Laurent
C005391,0,1,0.859042988693889,31.36524701858596,-29.956099670487635,1,0,Montreal
C004123,0,0,0.09589613582572379,28.972930153158355,-30.722258834375744,0,1,Cote-Nord
C007077,0,0,0.8593822634702258,29.836098807434386,-28.424764714174046,0,0,Montreal
C011535,0,1,0.9812280722974593,32.15304940371719,-29.068330297780026,1,0,Montreal
C013033,0,1,0.7676027423393166,31.083781942006784,-30.152213523614364,1,0,Capitale-Nationale
C007010,0,0,0.21657604255268492,27.572930153158357,-28.575376936015612,0,0,Montreal
C010797,0,1,0.952131951186079,31.392197614868767,-29.06078543998732,1,0,Montreal
C011495,0,1,0.9520632363527363,31.68451448029637,-29.35427699346318,1,0,Montreal
C001560,0,0,0.013155733364550323,26.316831345723976,-29.683176742963674,0,0,Montreal
C001566,0,1,0.6782473321584611,31.836831345723972,-31.255408970353404,1,1,Cote-Nord
C009854,0,0,3.8137972509231305e-05,21.693781942006783,-29.626347954177767,0,0,Montreal
C002286,0,0,0.06839979016193885,27.344514480296368,-29.380648987201145,0,0,Capitale-Nationale
C005172,0,0,0.041990529501249874,28.88219761486877,-31.320547890527333,0,1,Cote-Nord
C013412,0,0,0.03032913500028673,29.672197614868768,-32.373635294213074,0,1,Bas-Saint-Laurent
C001789,0,0,0.001156073340150988,24.47219761486877,-29.743989822335735,0,0,Capitale-Nationale
C009278,0,1,0.4587821880903625,30.74219761486877,-30.87103514204345,1,1,Bas-Saint-Laurent
C011366,0,1,0.9833814402370811,31.826831345723974,-28.645406210911716,1,0,Montreal
C012346,0,0,0.027600424385496883,28.406831345723973,-31.183965430501015,0,1,Bas-Saint-Laurent
C001656,0,0,0.11901492657100604,28.09683134572397,-29.6575681682657,0,0,Montreal
C013650,0,0,0.6617504944016278,31.102197614868768,-30.57895740330365,1,1,Gaspesie-Iles-de-la-Madeleine
C006703,0,0,0.9621589994078497,31.789148211151577,-29.266302789452112,1,0,Montreal
C001204,0,1,0.7073320931506318,31.77683134572397,-31.08880247663309,1,1,Cote-Nord
C009216,0,0,0.00012642999215995308,23.32756388401356,-30.32564357786252,0,0,Montreal
C001582,0,0,0.015302407054141244,26.490732538289592,-29.73753103807553,0,0,Montreal
C009876,0,1,0.33585818448641447,28.799148211151575,-29.33073238824505,0,0,Capitale-Nationale
C001966,0,0,0.14829974303475002,27.429148211151578,-28.792010556819488,0,0,Montreal
C004415,0,0,0.20270294139329875,28.62683134572397,-29.69457820169701,0,0,Montreal
C009720,0,0,0.008562769568201836,27.455979556875548,-31.16076202293762,0,1,Cote-Nord
C009850,0,1,0.9355234204677743,32.019148211151574,-29.933683891514466,1,0,Montreal
C002923,0,0,0.2681714846110999,28.196098807434385,-28.97882470030659,0,0,Montreal
C002364,0,0,0.13806952649279264,28.003781942006782,-29.431682870406046,0,0,Montreal
C009567,0,1,0.999390914424942,34.77756388401357,-29.00571229662081,1,0,Montreal
C003016,0,0,0.004868960558125723,26.15524701858596,-30.303086269819154,0,1,Bas-Saint-Laurent
C010470,0,0,0.8321909713357194,31.138415672861985,-29.889980638503033,1,0,Montreal
C005130,0,1,0.5922874514755302,29.38219761486877,-29.091045719707505,0,0,Capitale-Nationale
C013762,0,1,0.99351966522464,35.09671209516514,-31.173037509094247,1,1,Bas-Saint-Laurent
C013198,0,0,0.0502417615718976,28.32671209516514,-30.618443355275836,0,1,Gaspesie-Iles-de-la-Madeleine
C002737,0,0,0.01888079094130817,26.844514480296368,-29.92463863400042,0,0,Montreal
C011045,0,1,0.9790472895064283,31.999148211151578,-29.001853842103085,1,0,Montreal
C011005,0,0,0.04158199015564164,28.570613287730755,-31.0169187814439,0,1,Bas-Saint-Laurent
C013021,0,1,0.9004469222097639,33.009148211151576,-31.29215890279672,1,1,Gaspesie-Iles-de-la-Madeleine
C013138,0,0,0.1921998123653506,28.011465076579178,-29.130898940734273,0,0,Capitale-Nationale
C010169,0,0,0.001415356733015337,27.066831345723976,-32.18065306116447,0,1,Gaspesie-Iles-de-la-Madeleine
C007963,0,0,0.7331041794587924,31.003781942006782,-30.215980516330117,1,0,Montreal
C004718,0,0,0.05699808952335931,27.173781942006784,-29.36157515323419,0,0,Capitale-Nationale
C012371,0,0,0.062061636636589694,28.28451448029637,-30.401751966805293,0,0,Montreal
C012439,0,0,0.8171649004117941,30.636831345723976,-29.469465679350193,1,0,Montreal
C006527,0,0,0.00011352776954176314,24.38219761486877,-31.464212022435497,0,1,Gaspesie-Iles-de-la-Madeleine
C011889,0,1,0.5967001721671196,30.209148211151575,-29.90372461461743,1,0,Capitale-Nationale
C004310,0,0,0.0007729691069202827,23.55073253828959,-29.136676274297134,0,0,Montreal
C000851,0,1,0.9871450635877906,33.53146507657918,-30.14684848341014,1,0,Montreal
C008564,0,1,0.9692925041701482,31.589148211151578,-28.897681152039485,1,0,Montreal
C006207,0,0,0.07781571082916483,26.836098807434386,-28.763756066699482,0,0,Montreal
C012798,0,1,0.6970166041198894,29.992930153158355,-29.343362796369714,1,0,Montreal
C011761,0,0,0.005236993762625261,27.789880749441163,-31.880619275815256,0,1,Gaspesie-Iles-de-la-Madeleine
C001081,0,1,0.020911773608522307,26.219880749441163,-29.21873250787602,0,0,Montreal
C008825,0,0,0.5365705237095911,29.926098807434386,-29.811843025555124,0,0,Montreal
C012938,0,0,0.006752681829179431,25.63146507657918,-29.5228287977199,0,0,Capitale-Nationale
C002997,0,0,0.3361214621229839,29.142197614868767,-29.672861715528427,0,0,Capitale-Nationale
C004887,0,0,0.0003283205913114953,24.69451448029637,-30.94839631535196,0,1,Gaspesie-Iles-de-la-Madeleine
C000129,0,0,0.013090865146153072,27.64756388401356,-31.01781443101286,0,1,Gaspesie-Iles-de-la-Madeleine
C003905,0,1,0.996615053063011,33.87683134572397,-29.4443873050241,1,0,Capitale-Nationale
C000096,0,1,0.10718292323790184,27.316831345723976,-28.969610554007257,0,0,Montreal
C011263,0,0,0.011062111199172865,27.905979556875547,-31.409118885168482,0,1,Bas-Saint-Laurent
C006970,0,0,0.5291184106232488,31.16683134572397,-31.075917478256432,1,1,Gaspesie-Iles-de-la-Madeleine
C011406,0,0,0.5467571386028595,30.536831345723975,-30.39058350058823,1,0,Montreal
C010098,0,0,0.21054787862406418,29.049148211151575,-30.079580331904783,0,0,Capitale-Nationale
C005448,0,0,0.00011732476667553095,21.963781942006783,-29.02014349564544,0,0,Montreal
C011483,0,1,0.018221145179058006,28.14451448029637,-31.25288952470047,0,1,Gaspesie-Iles-de-la-Madeleine
C008789,0,0,0.0006646225498145579,23.58451448029637,-29.288288344777154,0,0,Capitale-Nationale
C006367,0,1,0.9999669873018737,36.35841567286199,-28.31332513609535,1,0,Montreal
C000450,0,0,0.00830175382511229,28.37597955687555,-32.10510341465014,0,1,Bas-Saint-Laurent
C011872,0,0,0.10323149302500213,29.209880749441165,-30.895389722587126,0,1,Bas-Saint-Laurent
C006018,0,1,0.6304882368722711,29.563781942006784,-29.147195008146102,0,0,Capitale-Nationale
C009515,0,1,0.9978046096577415,34.95524701858596,-30.18429271289532,1,0,Montreal
C007655,0,1,0.1454500370569079,27.409148211151578,-28.789742741088673,0,0,Montreal
C009685,0,0,0.005626379156045042,26.87756388401356,-30.912080421093506,0,1,Bas-Saint-Laurent
C007626,0,0,0.0006199374147924638,23.90146507657918,-29.659539419037028,0,0,Montreal
C010981,0,1,0.8753214701877794,32.18219761486877,-30.662735905146377,1,1,Cote-Nord
C013995,0,1,0.7946264680893578,30.30683134572397,-29.25190541394598,1,0,Montreal
C008213,0,0,0.5590647227354504,31.312930153158355,-31.127862127810896,1,1,Gaspesie-Iles-de-la-Madeleine
C011421,0,1,0.7550009691310249,30.636831345723976,-29.759340313606067,1,0,Montreal
C009686,0,1,0.3150412772454287,29.57756388401356,-30.183098353568827,0,1,Cote-Nord
C002463,0,1,0.9927461203915511,34.07293015315836,-30.23778175801081,1,1,Gaspesie-Iles-de-la-Madeleine
C000267,0,1,0.9914631522767793,33.27914821115157,-29.571981506450868,1,0,Montreal
C004940,0,0,0.014804843883988648,27.817563884013563,-31.090528800908235,0,1,Gaspesie-Iles-de-la-Madeleine
C006499,0,0,0.23597437923996453,29.016831345723972,-29.932848448519326,0,0,Capitale-Nationale
C000249,0,1,0.8444564085380092,32.37451448029637,-31.055494567724384,1,1,Cote-Nord
C003970,0,0,0.209979120638184,29.69524701858596,-30.728349638217487,0,1,Bas-Saint-Laurent
C000088,0,0,0.0011652412845300736,23.763049403717194,-29.028675869130687,0,0,Capitale-Nationale
C004142,0,1,0.8039725332220296,32.24524701858596,-31.144890815979643,1,1,Cote-Nord
C005048,0,0,0.00623400516575735,25.982197614868767,-29.93628016006933,0,0,Montreal
C001197,0,1,0.8328959145453834,30.101465076579178,-28.84908768125503,1,0,Montreal
C011733,0,1,0.9878392538559014,33.04219761486877,-29.613749817266957,1,0,Montreal
C002034,0,1,0.5096763131795532,31.049880749441165,-31.019699659969525,1,1,Bas-Saint-Laurent
C013959,0,0,0.014826499332679103,25.45683134572397,-28.728639513430586,0,0,Capitale-Nationale
C003044,0,0,0.005609848859472275,26.429880749441164,-30.466704288585262,0,1,Cote-Nord
C002899,0,0,0.0002825528766351117,25.279880749441162,-31.65084609825049,0,1,Bas-Saint-Laurent
C007329,0,1,0.2572509584479711,28.48683134572397,-29.31352013498991,0,0,Montreal
C006789,0,0,0.0004992018615287769,23.11146507657918,-29.0385163341416,0,0,Montreal
C003620,0,0,0.8705128142260348,30.91219761486877,-29.426536151804697,1,0,Montreal
C013612,0,0,0.0001207503338865496,23.679148211151578,-30.71306882909303,0,1,Bas-Saint-Laurent
C011000,0,1,0.9654319513125489,31.499148211151578,-28.90312353103613,1,0,Capitale-Nationale
C003411,0,0,0.015610561186683563,27.20219761486877,-30.433207380578004,0,0,Montreal
C013944,0,1,0.38178003016848433,28.961465076579177,-29.337265764520843,0,0,Capitale-Nationale
C011509,0,0,0.07061681438814012,28.77073253828959,-30.78013905448376,0,1,Gaspesie-Iles-de-la-Madeleine
C013808,0,0,0.21201506541302723,29.69756388401356,-30.72113142221092,0,1,Bas-Saint-Laurent
C010402,0,0,0.22761529513799236,29.586831345723972,-30.539452204275275,0,1,Bas-Saint-Laurent
C001943,0,1,0.9977586394420797,34.64914821115157,-29.894387090378352,1,0,Montreal
C000137,0,0,0.12654954113269132,28.058415672861987,-29.564595706334337,0,0,Montreal
C000622,0,1,0.9765487692598482,31.86219761486877,-28.95472918339802,1,0,Montreal
C002854,0,1,0.8691656933701367,30.016098807434386,-28.539714219048506,1,0,Capitale-Nationale
C002112,0,1,0.9948901042526366,32.19146507657918,-28.08147152489071,1,0,Montreal
C012125,0,1,0.48040491389015816,29.729880749441165,-29.791022861164663,0,0,Montreal
C012276,0,0,0.0029248177258083307,26.189148211151576,-30.735866641976045,0,1,Cote-Nord
C012726,0,0,0.012022944979057206,25.26451448029637,-28.70195640767199,0,0,Montreal
C008477,0,0,0.36409175670455396,30.227563884013563,-30.66234554079685,1,0,Capitale-Nationale
C002649,0,1,0.6407117188902607,30.15146507657918,-29.700461471108895,1,0,Capitale-Nationale
C012629,0,1,0.3937270248040395,29.192197614868768,-29.52875967794247,0,0,Capitale-Nationale
C012716,0,1,0.999747053705741,36.01756388401357,-29.56027493901066,1,0,Montreal
C010617,0,0,0.0009651670771504589,25.55451448029637,-30.967173063776244,0,1,Gaspesie-Iles-de-la-Madeleine
C004510,0,1,0.8644376714023411,32.44146507657918,-30.997011409876283,1,1,Gaspesie-Iles-de-la-Madeleine
C008484,0,0,0.02708101097205371,26.75073253828959,-29.543095434141602,0,0,Montreal
C005502,0,1,0.8209145481593507,31.54378194200678,-30.356690871992,1,0,Montreal
C010266,0,0,0.019782630664939457,26.649880749441163,-29.692909083034017,0,0,Montreal
C008566,0,0,0.2647323432706269,29.780613287730755,-30.577058040018326,0,1,Cote-Nord
C002794,0,0,0.03242456842384557,25.723781942006784,-28.37144506147672,0,0,Montreal
C005126,0,1,0.9939522094378619,33.63451448029637,-29.656641581361686,1,0,Montreal
C004205,0,0,0.009257566030679128,27.36219761486877,-31.005605615836345,0,1,Bas-Saint-Laurent
C002826,0,1,0.19980052493215364,28.02451448029637,-29.106338885602728,0,0,Montreal
C010246,0,1,0.997976621378629,35.04219761486877,-30.20749473699371,1,1,Gaspesie-Iles-de-la-Madeleine
C010497,0,1,0.834537573809234,32.076831345723974,-30.815221229198336,1,1,Cote-Nord
C005461,0,1,0.9365403249729986,30.369148211151575,-28.27044214590169,1,0,Capitale-Nationale
C000427,0,1,0.701105964436405,30.758415672861986,-30.09369255020197,1,0,Montreal
C008805,0,0,0.00010021487297550906,23.82219761486877,-31.001471304293748,0,1,Cote-Nord
C010758,0,0,0.007948909679678864,25.658415672861985,-29.421679529355103,0,0,Montreal
C006770,0,1,0.6498969483003653,29.545366269144793,-29.063073166360308,0,0,Capitale-Nationale
C012189,0,1,0.9995184034203201,36.89914821115157,-30.944090143502844,1,0,Montreal
C002189,0,0,0.014405727767569154,25.310732538289592,-28.60532047709375,0,0,Montreal
C013613,0,1,0.3824412262484643,30.321465076579177,-30.69508232438626,1,1,Gaspesie-Iles-de-la-Madeleine
C012657,0,1,0.9040157003836576,31.529148211151576,-29.78061203712469,1,0,Montreal
C010599,0,0,0.005790935069254014,28.129148211151577,-32.14105964168237,0,1,Cote-Nord
C010406,0,0,0.006484577358716551,27.36219761486877,-31.285358599709397,0,1,Bas-Saint-Laurent
C011505,0,0,0.20634356261284864,27.968415672861987,-29.0187153435571,0,0,Capitale-Nationale
C001460,0,0,0.018028284846753954,28.63524701858596,-31.752071547184556,0,1,Gaspesie-Iles-de-la-Madeleine
C010105,0,0,0.00036383565843151197,24.54146507657918,-30.715237962473303,0,1,Gaspesie-Iles-de-la-Madeleine
C005782,0,0,0.06422892193139144,29.00756388401356,-31.096235090828714,0,1,Gaspesie-Iles-de-la-Madeleine
C009931,0,0,0.03484250260495278,27.053781942006783,-29.64341918016114,0,0,Montreal
C002430,0,0,0.004649062793112416,24.128415672861987,-28.312459502117825,0,0,Capitale-Nationale
C007366,0,0,0.001363916327255924,25.181465076579176,-30.32419142129146,0,0,Montreal
C000876,0,0,0.03740705656031616,27.700613287730754,-30.232802843592502,0,1,Gaspesie-Iles-de-la-Madeleine
C011087,0,0,0.03779065737294351,28.46524701858596,-30.989171188252396,0,1,Bas-Saint-Laurent
C000302,0,1,0.9963179035832128,34.04683134572397,-29.680224380466413,1,0,Capitale-Nationale
C002702,0,1,0.6556419995647597,30.23756388401356,-29.735508622073972,1,0,Montreal
C012192,0,1,0.9978791600709621,33.97146507657918,-29.17351674917944,1,0,Capitale-Nationale
C012633,0,1,0.9999530947127648,36.48219761486877,-28.710967709934728,1,0,Montreal
C002890,0,1,0.7491269295672645,30.143781942006783,-29.29085320934111,1,0,Montreal
C011428,0,0,0.0041990774923401615,26.438296422303154,-30.702063666572975,0,1,Bas-Saint-Laurent
C003930,0,0,0.3445598145368582,29.141465076579177,-29.642823511540264,0,0,Montreal
C001215,0,0,0.0021593011216564104,25.108415672861987,-29.892321400384873,0,0,Capitale-Nationale
C001061,0,0,0.035702660043327755,27.346098807434384,-29.916026907696004,0,0,Montreal
C005275,0,0,0.00429488078631709,24.996098807434386,-29.242202509557078,0,0,Montreal
C004839,0,0,0.3952806542947015,29.819148211151575,-30.150639245847447,0,0,Montreal
C003176,0,0,0.09472080211721333,28.156098807434383,-29.916055326942033,0,0,Montreal
C010221,0,1,0.7963375110249238,30.05683134572397,-28.99370545222549,1,0,Montreal
C001552,0,1,0.7477422972042803,31.17451448029637,-30.327319532030437,1,1,Gaspesie-Iles-de-la-Madeleine
C004579,0,1,0.983674900903562,34.199880749441164,-31.004332082029766,1,1,Bas-Saint-Laurent
C008708,0,0,0.0007950542895022814,25.632930153158355,-31.196892326979132,0,1,Gaspesie-Iles-de-la-Madeleine
C008088,0,1,0.9063623708677632,30.828415672861986,-29.058559600258448,1,0,Montreal
C003500,0,0,0.014735953668954109,26.747563884013562,-30.02421976161854,0,0,Montreal
C005549,0,1,0.952478046634462,31.778415672861986,-29.441062497953784,1,0,Montreal
C004141,0,1,0.9999317528749001,36.25146507657918,-28.77263185743263,1,0,Montreal
C008574,0,0,0.04800646189359806,26.99304940371719,-29.322097023372454,0,0,Montreal
C006537,0,0,0.008342421557697996,26.286831345723975,-30.0121131919421,0,0,Montreal
C011385,0,1,0.9723781488108716,32.462197614868764,-29.68568575001123,1,0,Montreal
C007585,0,0,0.032410408150577705,28.22451448029637,-30.872529577383613,0,1,Gaspesie-Iles-de-la-Madeleine
C010482,0,1,0.9578901876863981,32.12073253828959,-29.684691020550144,1,0,Capitale-Nationale
C009805,0,1,0.5942372610538719,30.530613287730755,-30.23316136471164,1,1,Cote-Nord
C000797,0,0,0.003398506461842951,27.29219761486877,-31.721514060726125,0,1,Cote-Nord
C013008,0,0,0.6157625427883795,29.411465076579177,-29.04377222272338,0,0,Capitale-Nationale
C000984,0,1,0.6011893088698578,29.538415672861987,-29.218421183331305,0,0,Montreal
C007890,0,0,0.031186019376997116,26.661465076579177,-29.340491009771494,0,0,Capitale-Nationale
C013763,0,0,0.021430407940718,26.678415672861984,-29.657753567017764,0,0,Montreal
C001734,0,0,0.2023434948402173,27.728415672861985,-28.797897739974037,0,0,Capitale-Nationale
C004898,0,0,0.0003317013169439963,23.871465076579177,-30.117357045706964,0,0,Montreal
C001778,0,0,0.034809130295032575,28.930613287730754,-31.521024613422,0,1,Cote-Nord
C010082,0,1,0.2618633153894914,29.309880749441163,-30.117857634382492,0,1,Gaspesie-Iles-de-la-Madeleine
C010444,0,0,0.011322510258016517,25.98683134572397,-29.47162481856528,0,0,Montreal
C009486,0,1,0.9950666462337516,32.507563884013564,-28.37001882344249,1,0,Montreal
C009973,0,0,0.0022378224922462568,26.243662691447945,-30.99965828545099,0,1,Cote-Nord
C007407,0,0,0.18183157422004434,28.16683134572397,-29.339445058529684,0,0,Capitale-Nationale
C007809,0,0,0.02976653305571525,28.280613287730755,-30.997101810086683,0,1,Gaspesie-Iles-de-la-Madeleine
C000202,0,0,0.014404528898115922,29.219880749441163,-32.514534524801704,0,1,Cote-Nord
C009330,0,0,0.34742244262245653,31.04524701858596,-31.5367420009006,1,1,Cote-Nord
C004774,0,1,0.9180546934509869,33.12829642230315,-31.244454115627732,1,1,Bas-Saint-Laurent
C008483,0,0,0.42326196413553563,30.579880749441163,-30.821108177966433,1,1,Gaspesie-Iles-de-la-Madeleine
C011854,0,1,0.9961313526935949,32.939148211151576,-28.6112205942545,1,0,Capitale-Nationale
C000001,0,0,0.8601230964596316,30.02146507657918,-28.60534067072348,1,0,Montreal
C002978,0,0,4.077214438211022e-05,23.66451448029637,-31.545005319406325,0,1,Bas-Saint-Laurent
C006808,0,1,0.9741469721420544,33.50293015315836,-30.67340318182653,1,1,Bas-Saint-Laurent
C009658,0,1,0.9550505577732888,31.368415672861985,-28.985568252284345,1,0,Montreal
C007899,0,0,0.09241598880415883,27.636098807434383,-29.417243925773537,0,0,Montreal
C006619,0,1,0.35381201618871727,28.188296422303154,-28.657910882954244,0,0,Montreal
C003506,0,0,5.610777788449401e-05,22.921465076579178,-30.553014584913072,0,0,Montreal
C003749,0,1,0.3810102723663107,29.253781942006782,-29.632126392113555,0,0,Montreal
C001182,0,1,0.7183071146037823,30.04146507657918,-29.31163181860117,1,0,Montreal
C002929,0,1,0.9709560881043807,31.969880749441163,-29.233650722499497,1,0,Montreal
C000229,0,0,0.5228149205423518,29.126098807434385,-29.054896934920038,0,0,Montreal
C001025,0,0,0.02392457547285156,26.59219761486877,-29.48370772709881,0,0,Montreal
C006865,0,0,0.002379376339706987,24.948415672861987,-29.65647949832327,0,0,Montreal
C006579,0,0,0.1830300640338579,29.552930153158357,-30.719278828144017,0,1,Bas-Saint-Laurent
C010075,0,1,0.7266316363210663,30.799148211151575,-30.036943322709533,1,0,Montreal
C000528,0,0,0.007413523354650621,28.43451448029637,-32.25256456459439,0,1,Gaspesie-Iles-de-la-Madeleine
C002858,0,0,0.7109142924848202,30.176098807434386,-29.474529463203226,1,0,Capitale-Nationale
C002675,0,1,0.6770132606764854,30.232930153158357,-29.65591235734113,1,1,Bas-Saint-Laurent
C013647,0,1,0.7333048777088494,30.246098807434386,-29.45749745396191,1,0,Capitale-Nationale
C008412,0,1,0.774396237409348,30.796098807434383,-29.834529183564104,1,0,Capitale-Nationale
C010872,0,1,0.8247754360530842,32.23988074944116,-31.03213869341247,1,1,Bas-Saint-Laurent
C013941,0,0,0.00104408440887266,23.623781942006783,-28.975101249902227,0,0,Montreal
C007647,0,0,0.4273026211659823,29.321465076579177,-29.549803080584127,0,0,Montreal
C005871,0,0,0.03881251736727267,27.43219761486877,-29.93449104935693,0,0,Montreal
C008695,0,1,0.14049594677954166,29.97451448029637,-31.386634627577116,1,1,Cote-Nord
C007330,0,0,0.6422513046958557,29.961465076579177,-29.505242084350243,1,0,Montreal
C012939,0,1,0.9306658536151773,31.796098807434383,-29.771325044406833,1,0,Montreal
C003644,0,1,0.9985025723324668,36.133781942006785,-31.063972071785408,1,1,Cote-Nord
C008630,0,0,0.01769135363682989,26.946098807434385,-30.077899967151136,0,0,Montreal
C012264,0,1,0.9776368953198361,33.33146507657918,-30.38608587740162,1,0,Montreal
C011616,0,1,0.7529977424882291,30.781465076579178,-29.912394498689668,1,0,Capitale-Nationale
C001214,0,0,0.24989900812773422,30.406831345723973,-31.26380630465574,1,1,Gaspesie-Iles-de-la-Madeleine
C011582,0,0,0.0001942525253381906,24.853781942006783,-31.51696370830035,0,1,Gaspesie-Iles-de-la-Madeleine
C001990,0,1,0.7098006835640793,29.003781942006782,-28.306432521659993,0,0,Montreal
C002471,0,0,0.00386319733857749,25.11451448029637,-29.443545499449886,0,0,Montreal
C010791,0,0,0.08352357633454928,26.74146507657918,-28.609092169246722,0,0,Capitale-Nationale
C013254,0,0,0.012920346171066173,26.689148211151576,-30.069756005906108,0,0,Montreal
C005695,0,1,0.7365700307969298,29.716831345723975,-28.915161670851088,0,0,Capitale-Nationale
C002801,0,0,0.006631112952864965,26.73756388401356,-30.643187351303027,0,1,Cote-Nord
C004740,0,0,5.0782951806548856e-05,22.87756388401356,-30.586861349493944,0,1,Gaspesie-Iles-de-la-Madeleine
C004775,0,1,0.959226521507151,31.343049403717192,-28.880777403974907,1,0,Capitale-Nationale
C013154,0,1,0.970371497325028,31.601465076579178,-28.881241826645144,1,0,Montreal
C001274,0,0,0.011530002738478757,27.012197614868768,-30.482668816307488,0,1,Cote-Nord
C002635,0,1,0.7540011600801558,32.90524701858596,-32.03196440419232,1,1,Gaspesie-Iles-de-la-Madeleine
C010746,0,0,0.7453717219631093,30.838296422303152,-30.000869880390812,1,1,Cote-Nord
C006070,0,1,0.33370240919548166,31.005247018585962,-31.544378474591465,1,1,Gaspesie-Iles-de-la-Madeleine
C010387,0,0,0.029805566430271033,28.909880749441164,-31.625316179314403,0,1,Bas-Saint-Laurent
C007897,0,1,0.967361777201874,32.949880749441164,-30.307510418011745,1,1,Gaspesie-Iles-de-la-Madeleine
C000277,0,1,0.9180315985003255,33.02524701858596,-31.141644032160727,1,1,Gaspesie-Iles-de-la-Madeleine
C005681,0,0,0.0909789278865797,27.751465076579176,-29.54606279437933,0,0,Capitale-Nationale
C008861,0,0,0.00012895264171146074,23.996831345723976,-30.979505535330635,0,1,Gaspesie-Iles-de-la-Madeleine
C005297,0,0,0.001974972456334118,26.516098807434386,-31.369718621690566,0,1,Bas-Saint-Laurent
C000207,0,1,0.9993119517934789,34.34841567286198,-28.671667553058505,1,0,Montreal
C010378,0,0,0.020207698799087737,27.369148211151575,-30.395263096764513,0,0,Montreal
C000028,0,1,0.9998567018889291,36.39378194200678,-29.49336003009607,1,0,Capitale-Nationale
C000977,0,1,0.9761443705003899,31.993781942006784,-29.09996665823139,1,0,Montreal
C009602,0,1,0.2328130294063824,28.858415672861987,-29.788168041909103,0,0,Capitale-Nationale
C008002,0,1,0.9652463358279624,32.42841567286199,-29.83671619855878,1,0,Montreal
C001114,0,1,0.9819944050256803,32.454514480296375,-29.336690048716715,1,0,Capitale-Nationale
C007430,0,1,0.548734468286357,31.20524701858596,-31.05277575801684,1,1,Bas-Saint-Laurent
C009531,0,0,0.053770679074915756,28.795979556875547,-31.031883136531334,0,1,Gaspesie-Iles-de-la-Madeleine
C002669,0,1,0.9595664142635757,33.22061328773076,-30.75153840201913,1,1,Gaspesie-Iles-de-la-Madeleine
C000659,0,0,0.05247896962869927,29.206098807434383,-31.462024303357754,0,1,Gaspesie-Iles-de-la-Madeleine
C011442,0,0,0.0003371368489181168,23.869148211151575,-30.102363177060127,0,1,Gaspesie-Iles-de-la-Madeleine
C005646,0,0,0.005508391360800589,27.68451448029637,-31.735647434836256,0,1,Gaspesie-Iles-de-la-Madeleine
C001309,0,0,0.002816936573047171,25.659148211151578,-30.235252698799783,0,1,Cote-Nord
C013137,0,0,0.19063844263282598,30.32597955687555,-31.453278619966,1,1,Cote-Nord
C009301,0,0,0.983187872192223,35.43219761486877,-32.25995484689585,1,1,Bas-Saint-Laurent
C004638,0,0,0.0008803267836702122,25.476831345723973,-30.961292038550724,0,0,Montreal
C010262,0,1,0.4186101258379793,30.45146507657918,-30.707572277309218,1,1,Cote-Nord
C005028,0,0,0.003246885701855986,26.338296422303152,-30.80331543049075,0,1,Gaspesie-Iles-de-la-Madeleine
C009590,0,0,0.06778304393847248,29.68378194200678,-31.727494444734532,0,1,Cote-Nord
C000354,0,0,0.06530768813494678,27.262930153158354,-29.33771572464696,0,0,Capitale-Nationale
C010683,0,0,0.04816406730760544,28.71756388401356,-31.04392694919381,0,1,Bas-Saint-Laurent
C012139,0,1,0.9527428426311512,31.48683134572397,-29.144904917085597,1,0,Capitale-Nationale
C003459,0,1,0.999997610398435,39.173781942006784,-29.081437048301673,1,0,Montreal
C010399,0,0,0.012893763286099593,25.658415672861985,-29.040650243938437,0,0,Montreal
C010761,0,0,0.02898601955935004,26.49146507657918,-29.229297232206765,0,0,Montreal
C003008,0,1,0.01827142443403789,26.503049403717192,-29.609236067404048,0,0,Capitale-Nationale
C002203,0,1,0.9850183744394012,32.25378194200678,-28.99021167748361,1,0,Montreal
C004656,0,0,0.08097807877403963,28.218415672861987,-30.11233642441289,0,0,Montreal
C012090,0,0,0.00010530307827131738,22.686831345723974,-29.827487102836695,0,0,Montreal
C013992,0,1,0.6331387442224972,31.976831345723973,-31.551360904950815,1,1,Cote-Nord
C012054,0,0,0.0003362233613842767,24.97451448029637,-31.209845576763442,0,1,Gaspesie-Iles-de-la-Madeleine
C008306,0,1,0.8601467096203667,32.91756388401356,-31.501286443787475,1,1,Gaspesie-Iles-de-la-Madeleine
C004611,0,1,0.9164748093118296,32.659880749441164,-30.792270099554045,1,1,Gaspesie-Iles-de-la-Madeleine
C004365,0,0,0.21755796676297806,27.979148211151575,-28.977090241565513,0,0,Montreal
C011014,0,1,0.28320591082059804,28.97304940371719,-29.697062103866205,0,0,Montreal
C001210,0,0,0.005852039436435359,25.266098807434386,-29.269778554344846,0,0,Capitale-Nationale
C010039,0,1,0.5633671348573882,30.496831345723976,-30.298141196325258,1,0,Capitale-Nationale
C008522,0,1,0.9952093581223272,33.26219761486877,-29.101653822253837,1,0,Capitale-Nationale
C008689,0,0,0.08982293283967639,28.466831345723975,-30.272390039672533,0,0,Capitale-Nationale
C013270,0,0,0.03162799325706155,27.03451448029637,-29.702212590346015,0,0,Montreal
C005703,0,0,0.36174019222835024,29.75219761486877,-30.194909140709385,0,0,Montreal
C013123,0,0,0.0009246315922114217,24.573781942006782,-30.01992455543647,0,0,Capitale-Nationale
C002633,0,1,0.6547680868160296,28.628415672861987,-28.129376477274523,0,0,Capitale-Nationale
C004093,0,0,0.023479473457865146,26.069148211151575,-28.9756556886574,0,0,Capitale-Nationale
C012741,0,0,0.0002003291083276906,24.983781942006782,-31.622943135386343,0,1,Gaspesie-Iles-de-la-Madeleine
C002008,0,0,0.7860143780870577,31.298296422303153,-30.283894197284983,1,1,Bas-Saint-Laurent
C003057,0,0,0.14455442480185635,27.786831345723975,-29.17305826057813,0,0,Montreal
C007758,0,0,0.0029230097856415933,24.506831345723974,-29.05403328268141,0,0,Capitale-Nationale
C009004,0,0,0.07658822268908176,29.418296422303154,-31.35938756287246,0,1,Cote-Nord
C004752,0,1,0.9980258121629983,36.497563884013566,-31.643633647094667,1,1,Gaspesie-Iles-de-la-Madeleine
C007861,0,1,0.025837506536454825,28.49451448029637,-31.32452210336351,0,1,Cote-Nord
C013077,0,0,0.1800454552073392,29.19451448029637,-30.37652491916322,0,0,Montreal
C012356,0,0,0.12934182201328476,29.689880749441162,-31.17654815368989,0,1,Gaspesie-Iles-de-la-Madeleine
C005743,0,0,0.022633001068533932,28.255247018585962,-31.19105757416411,0,1,Cote-Nord
C010944,0,0,0.2509610285245644,27.828415672861986,-28.680979545323527,0,0,Montreal
C003098,0,1,0.8910564893261328,32.35061328773075,-30.712075883112707,1,1,Cote-Nord
C004966,0,1,0.6563021678290216,29.699880749441164,-29.195544691309507,0,0,Montreal
C012900,0,0,7.925979417401814e-05,23.98683134572397,-31.349020725668552,0,1,Bas-Saint-Laurent
C010607,0,0,0.030330136380032756,27.419148211151576,-30.120559343323773,0,0,Montreal
C003375,0,0,0.09283891366630767,27.261465076579178,-29.03868691468492,0,0,Montreal
C000057,0,0,0.401708371912058,29.776098807434384,-30.08668182056474,0,0,Montreal
C004653,0,1,0.944654444636322,31.461465076579177,-29.2493677765233,1,0,Montreal
C010279,0,0,0.12361530845148604,28.298415672861985,-29.82550114923803,0,0,Capitale-Nationale
C010002,0,1,0.2094329501259276,28.101465076579178,-29.137137143010822,0,0,Montreal
C005673,0,1,0.19220008245319195,27.689148211151576,-28.808580718997586,0,0,Capitale-Nationale
C005637,0,1,0.9897543725569821,32.45914821115157,-28.895584373375698,1,0,Montreal
C008169,0,0,0.0018556832565714313,26.100613287730756,-31.002900885466875,0,1,Cote-Nord
C006133,0,1,0.9122983991427529,31.588415672861984,-29.762407690823228,1,0,Montreal
C011758,0,1,0.7842475304289547,30.706098807434383,-29.699862328841277,1,0,Capitale-Nationale
C003291,0,1,0.9939734053354299,34.04366269144795,-30.063035830991204,1,1,Cote-Nord
C000680,0,0,0.15415721374838892,28.668415672861986,-29.995694992788767,0,0,Capitale-Nationale
C013237,0,0,0.1297236776352981,30.209880749441165,-31.693907702030177,1,1,Cote-Nord
C008529,0,1,0.8897129944169844,32.898296422303154,-31.270491568011614,1,1,Cote-Nord
C010952,0,0,0.021030866391723923,26.108415672861987,-29.10274495619418,0,0,Capitale-Nationale
C012971,0,0,0.0009431782911246063,24.03451448029637,-29.465158411747172,0,0,Montreal
C003935,0,0,0.009171919093227928,27.209880749441165,-30.86060288541095,0,1,Cote-Nord
C002782,0,1,0.5741287407540878,28.656098807434383,-28.423198486700073,0,0,Montreal
C003934,0,0,0.04594421379049018,27.556098807434385,-29.921067072853088,0,0,Montreal
C007937,0,0,4.385315766034333e-05,21.731465076579177,-29.555156419948787,0,0,Montreal
C010964,0,1,0.5757829824396102,29.366831345723973,-29.128653362122833,0,0,Montreal
C000715,0,1,0.8258798341329372,29.746831345723976,-28.533116364997593,0,0,Montreal
C007241,0,0,0.0007231927168997354,25.477563884013563,-31.115443895436492,0,1,Bas-Saint-Laurent
C013834,0,0,0.10884077375620584,29.749148211151578,-31.388511103313117,0,1,Bas-Saint-Laurent
C002125,0,1,0.87500011189993,30.529880749441162,-29.012712343746195,1,0,Montreal
C003281,0,1,0.9667681305086959,32.508415672861986,-29.880577705934133,1,0,Montreal
C005982,0,0,0.004299434001175956,24.859880749441164,-29.10515475755232,0,0,Montreal
C003548,0,0,0.009493861319628854,25.438415672861986,-29.061986705085502,0,0,Montreal
C005606,0,0,0.39085624754476933,28.829148211151576,-29.175099018457875,0,0,Capitale-Nationale
C009069,0,0,0.010231928140680347,26.11073253828959,-29.6753503521119,0,0,Montreal
C000810,0,1,0.4726184007642476,28.16683134572397,-28.252311302877168,0,0,Capitale-Nationale
C003911,0,1,0.9536341258521561,30.836831345723972,-28.47933065329406,1,0,Montreal
C011822,0,1,0.9699063695378825,31.45451448029637,-28.746809731512418,1,0,Montreal
C007173,0,0,0.6887159736524471,29.666098807434384,-29.046944842138643,0,0,Capitale-Nationale
C008827,0,0,0.02532000068607085,27.876098807434385,-30.722295219223632,0,1,Cote-Nord
C004761,0,0,0.03312689932821214,28.55756388401356,-31.187953158257304,0,1,Gaspesie-Iles-de-la-Madeleine
C006051,0,0,0.0012275044391365346,25.810613287730753,-31.03560541681386,0,1,Gaspesie-Iles-de-la-Madeleine
C000641,0,1,0.9480063164492876,31.481465076579177,-29.217897020167328,1,0,Montreal
C000252,0,0,0.1943939085144163,30.23451448029637,-31.34297771112149,1,1,Bas-Saint-Laurent
C000217,0,0,0.06976808751073375,29.355979556875546,-31.37552519115789,0,1,Bas-Saint-Laurent
C009814,0,0,0.04121528001675558,27.065366269144793,-29.518876403986177,0,0,Montreal
C013813,0,0,0.29565907698301974,28.23683134572397,-28.91362809216801,0,0,Montreal
C007374,0,1,0.7061438623808615,32.13829642230315,-31.454737452813326,1,1,Bas-Saint-Laurent
C008547,0,0,0.17561018558244754,28.09683134572397,-29.302494827565233,0,0,Capitale-Nationale
C001882,0,1,0.8682880086831245,30.46073253828959,-28.990348506853845,1,0,Montreal
C002811,0,0,0.1695596922017355,28.36219761486877,-29.600898993915848,0,0,Montreal
C003357,0,1,0.9985561864001007,34.58451448029637,-29.48623535709018,1,0,Capitale-Nationale
C000293,0,0,0.258445416764041,27.58146507657918,-28.403287267073804,0,0,Montreal
C008380,0,1,0.9966059864180659,33.69378194200678,-29.263430563217504,1,0,Montreal
C013143,0,1,0.9993112618323782,34.43146507657918,-28.755498940881946,1,0,Capitale-Nationale
C000464,0,0,0.004664209211218044,26.943662691447948,-31.125158658807365,0,1,Bas-Saint-Laurent
C004049,0,0,0.4764505431549196,31.323662691447947,-31.397160282821577,1,1,Gaspesie-Iles-de-la-Madeleine
C010915,0,1,0.9872874472435932,32.55451448029637,-29.1611014871713,1,0,Capitale-Nationale
C011868,0,1,0.9755900413756537,34.00219761486877,-31.126734981036073,1,1,Bas-Saint-Laurent
C008876,0,0,0.003473738920181276,26.84219761486877,-31.254383975696587,0,1,Gaspesie-Iles-de-la-Madeleine
C002761,0,0,0.04383048748056599,26.886831345723976,-29.29024618445352,0,0,Montreal
C001977,0,1,0.9878533494294957,31.369880749441162,-27.940517583791962,1,0,Montreal
C010203,0,0,0.0003286633835693233,23.598415672861986,-29.851483629133554,0,0,Capitale-Nationale
C009759,0,0,0.006684877838965151,25.431465076579176,-29.330750290994224,0,0,Capitale-Nationale
C007964,0,0,0.2506695481800198,28.531465076579178,-29.385238369132985,0,0,Capitale-Nationale
C001995,0,0,0.036377367616340126,25.95146507657918,-28.506250779574483,0,0,Montreal
C013627,0,0,0.006737553182205445,27.439148211151576,-31.332272532788075,0,1,Bas-Saint-Laurent
C001060,0,0,0.0004269166136585868,25.441465076579178,-31.4905301191338,0,1,Gaspesie-Iles-de-la-Madeleine
C002438,0,0,0.016904691276493567,26.86378194200678,-30.031670405406803,0,0,Montreal
C006568,0,0,0.027430793799909446,27.56451448029637,-30.34659115417732,0,1,Gaspesie-Iles-de-la-Madeleine
C010849,0,0,0.11640272724217358,28.59219761486877,-30.17254598608776,0,0,Montreal
C010821,0,0,0.010000071813495852,27.81219761486877,-31.394868679964194,0,1,Cote-Nord
C009807,0,1,0.9226910755853913,33.33524701858596,-31.4020670859885,1,1,Gaspesie-Iles-de-la-Madeleine
C012875,0,1,0.9632353999999421,31.946098807434385,-29.399882101464502,1,0,Montreal
C006250,0,1,0.3742633617522971,28.86146507657918,-29.26219190899293,0,0,Montreal
C000722,0,0,0.016636696695367114,28.442197614868768,-31.62275792843918,0,1,Cote-Nord
C001647,0,1,0.9688927416276045,30.75597955687555,-28.074918677107323,1,0,Capitale-Nationale
C004590,0,0,0.2370171497864162,27.168415672861986,-28.079930155929834,0,0,Capitale-Nationale
C006980,0,1,0.9651145248841263,32.48146507657918,-29.89282355553013,1,0,Montreal
C002029,0,0,9.0780362203113e-06,22.33451448029637,-31.386204352974886,0,1,Gaspesie-Iles-de-la-Madeleine
C002115,0,1,0.8975696156928832,30.70683134572397,-29.014552100511388,1,0,Montreal
C001267,0,0,0.19499703833670617,27.781465076579178,-28.886929104343608,0,0,Montreal
C011047,0,1,0.5591740546261792,29.45683134572397,-29.271417514725304,0,0,Montreal
C013574,0,1,0.8722768234009831,30.352197614868768,-28.85426333838152,1,0,Montreal
C010485,0,0,0.7345586675705684,31.150613287730753,-30.357005973452406,1,1,Bas-Saint-Laurent
C009950,0,0,0.00586021427923597,25.661465076579177,-29.664050034193817,0,0,Montreal
C009138,0,1,0.9761148920869638,32.92061328773075,-30.027784393168524,1,0,Capitale-Nationale
C008068,0,1,0.9260542249077353,31.189148211151576,-29.218453950732638,1,0,Montreal
C011624,0,1,0.7027957828722639,29.689148211151576,-29.018127748669773,0,0,Montreal
C008464,0,0,0.4355010609891836,31.086831345723972,-31.28910990084152,1,1,Gaspesie-Iles-de-la-Madeleine
C004318,0,0,0.00882314733952698,27.187563884013564,-30.868786578288937,0,1,Gaspesie-Iles-de-la-Madeleine
C002653,0,0,0.28325071516858435,28.031465076579178,-28.755305703449686,0,0,Capitale-Nationale
C002575,0,0,0.18699556969798423,28.489148211151576,-29.634991381184232,0,0,Montreal
C005834,0,1,0.7181727560318557,31.326831345723974,-30.597515726969153,1,1,Gaspesie-Iles-de-la-Madeleine
C009256,0,0,0.8994378285490033,33.08902896059274,-31.380777021361215,1,1,Bas-Saint-Laurent
C009312,0,0,0.5844717245708135,29.88146507657918,-29.615474648510933,0,0,Capitale-Nationale
C009908,0,0,0.03862993462251491,26.77524701858596,-29.281364936925215,0,0,Montreal
C007878,0,1,0.9030599242349224,31.722930153158355,-29.982943991483463,1,1,Gaspesie-Iles-de-la-Madeleine
C005283,0,1,0.4338485612397574,29.001465076579176,-29.208986751731675,0,0,Capitale-Nationale
C008906,0,1,0.9982370971303534,34.27914821115157,-29.336797975498527,1,0,Montreal
C011498,0,1,0.9600079523952454,33.69451448029637,-31.21652002819667,1,1,Bas-Saint-Laurent
C001595,0,0,0.25772015910027335,28.04219761486877,-28.86697297801679,0,0,Montreal
C013214,0,0,0.01835712892789111,26.616098807434383,-29.718568810509975,0,0,Montreal
C012074,0,0,0.2486018811228765,28.829148211151576,-29.69152776336527,0,0,Montreal
C012237,0,0,0.16022353809057227,28.738415672861986,-30.02999018513501,0,0,Capitale-Nationale
C002487,0,0,0.2270786455767013,29.55524701858596,-30.51024980187084,0,1,Cote-Nord
C012743,0,1,0.7705261515378009,32.132197614868765,-31.18779550970438,1,1,Gaspesie-Iles-de-la-Madeleine
C008404,0,0,0.061933757101511694,27.30683134572397,-29.425783312578037,0,0,Montreal
C007566,0,0,0.00040309304389534134,25.069148211151575,-31.16300149354948,0,1,Gaspesie-Iles-de-la-Madeleine
C004431,0,1,0.536530925556318,28.639148211151575,-28.525016586703376,0,0,Montreal
C008360,0,1,0.999100135398148,34.37683134572397,-28.90950053214413,1,0,Capitale-Nationale
C013760,0,0,0.01642677696376587,26.676098807434386,-29.866725909576118,0,0,Montreal
C001268,0,1,0.26494774534931864,27.73451448029637,-28.530096660909766,0,0,Montreal
C010086,0,0,0.1863419102587824,28.206098807434383,-29.35529876319818,0,0,Montreal
C002527,0,0,0.024141167732689855,26.629880749441163,-29.514191139737115,0,0,Montreal
C010056,0,0,0.000687244294056861,24.23683134572397,-29.914491588207923,0,1,Gaspesie-Iles-de-la-Madeleine
C005361,0,1,0.9055170735288941,30.191465076579178,-28.429343239121884,1,0,Montreal
C008385,0,0,0.10078892314347351,27.243781942006784,-28.95008124619129,0,0,Capitale-Nationale
C007823,0,0,3.663254985262189e-05,21.768415672861984,-29.732382703624094,0,0,Montreal
C008286,0,1,0.7938781422315052,31.410613287730754,-30.35925768674595,1,1,Bas-Saint-Laurent
C011769,0,0,0.0001101953375772645,22.619148211151575,-29.72439383380641,0,0,Montreal
C005929,0,1,0.9854629390172587,32.65219761486877,-29.364789415431467,1,0,Montreal
C000117,0,0,0.0140481902733885,25.869148211151575,-29.18361383874361,0,0,Montreal
C009762,0,0,0.011578734559570248,27.34219761486877,-30.809342028892083,0,1,Gaspesie-Iles-de-la-Madeleine
C012969,0,0,0.08165502230517722,27.913781942006782,-29.80063755494194,0,0,Montreal
C010609,0,0,0.06167022413329455,26.86146507657918,-28.983960681667558,0,0,Montreal
C005114,0,0,0.41558234607865924,30.067563884013563,-30.333380731910857,1,1,Gaspesie-Iles-de-la-Madeleine
C013938,0,0,0.0023879241939406297,24.457563884013563,-29.16282510212209,0,0,Capitale-Nationale
C010980,0,0,0.33201789903927753,28.97146507657918,-29.51651087435494,0,0,Capitale-Nationale
C001946,0,1,0.6338895794863914,29.41219761486877,-28.9842057724601,0,0,Montreal
C009042,0,0,0.1323648418657199,29.14451448029637,-30.610457064447896,0,1,Gaspesie-Iles-de-la-Madeleine
C005090,0,0,0.19652386656507612,30.166098807434384,-31.264001606567753,1,1,Cote-Nord
C010250,0,0,0.24302646667379196,29.46524701858596,-30.351075184737383,0,1,Gaspesie-Iles-de-la-Madeleine
C008489,0,1,0.2839244830920622,30.339148211151578,-31.060403180892457,1,1,Cote-Nord
C006002,0,1,0.29998611647478934,30.169880749441162,-30.8305449497395,1,1,Gaspesie-Iles-de-la-Madeleine
C007670,0,1,0.9778423745390793,32.62073253828959,-29.667992519115927,1,0,Capitale-Nationale
C002919,0,0,0.05551030776246455,27.50073253828959,-29.710376377925485,0,0,Montreal
C011598,0,1,0.9966405297226216,33.34146507657918,-28.90311075805952,1,0,Montreal
C005937,0,0,0.08463377684800091,27.396831345723974,-29.253218240703188,0,0,Montreal
C002140,0,0,0.02482217428042258,28.21451448029637,-31.076591111462374,0,1,Cote-Nord
C012765,0,1,0.9968857538663923,33.57451448029637,-29.076872334009593,1,0,Capitale-Nationale
C007128,0,1,0.6991852235229808,30.02451448029637,-29.366924516436754,1,0,Montreal
C007600,0,0,0.07839522759525949,29.450613287730754,-31.37199551510335,0,1,Gaspesie-Iles-de-la-Madeleine
C002414,0,1,0.9840103629252829,31.687563884013564,-28.475561150721592,1,0,Montreal
C006340,0,1,0.6401246496530474,29.748415672861984,-29.299399712293145,0,0,Capitale-Nationale
C002994,0,0,0.2582828834029379,30.16756388401356,-30.990047422956895,1,1,Gaspesie-Iles-de-la-Madeleine
C002838,0,0,0.02271395012892252,27.34219761486877,-30.275160004706795,0,1,Bas-Saint-Laurent
C007107,0,1,0.45825076377666824,30.97219761486877,-31.102703971852915,1,1,Bas-Saint-Laurent
C006855,0,0,0.8020548628871428,31.076831345723974,-29.985927248234006,1,0,Montreal
C005226,0,0,0.036769061142557825,27.426098807434386,-29.972217300342127,0,0,Capitale-Nationale
C010998,0,0,0.01580837778860481,25.79378194200678,-29.014817134132567,0,0,Montreal
C009322,0,1,0.7333522676464678,30.36146507657918,-29.5726747840145,1,0,Montreal
C010068,0,1,0.9788971233274962,32.41756388401356,-29.425957004994345,1,0,Montreal
C000789,0,0,0.22291211463916907,27.82219761486877,-28.795830591056188,0,0,Montreal
C001115,0,0,0.03758909484790523,29.853781942006783,-32.38203904294489,0,1,Bas-Saint-Laurent
C000819,0,1,0.9515938848215203,34.42146507657918,-32.09920871143509,1,1,Bas-Saint-Laurent
C003650,0,0,0.28852463028668407,28.231465076579177,-28.935164226446773,0,0,Montreal
C011148,0,1,0.9865579354582451,32.30683134572397,-28.95749948795508,1,0,Capitale-Nationale
C012445,0,1,0.99628170719588,32.64146507657918,-28.28251345767289,1,0,Montreal
C002097,0,0,0.023870774034172558,27.95451448029637,-30.84782285819613,0,1,Bas-Saint-Laurent
C005057,0,1,0.1637367548091299,27.606098807434385,-28.877493652691793,0,0,Montreal
C007397,0,0,0.20526337823877608,27.586831345723972,-28.642283644497823,0,0,Capitale-Nationale
C009899,0,1,0.912767692820447,32.747563884013566,-30.91697169908937,1,1,Gaspesie-Iles-de-la-Madeleine
C012120,0,0,0.19168942548794746,29.28451448029637,-30.406513970875007,0,1,Bas-Saint-Laurent
C006937,0,1,0.9891971412066679,34.09524701858596,-30.573413404542837,1,1,Bas-Saint-Laurent
C003742,0,0,0.0009578937590968167,26.136831345723976,-31.555393301694245,0,1,Bas-Saint-Laurent
C005522,0,1,0.7865663430103516,31.812930153158355,-30.795966893876464,1,1,Bas-Saint-Laurent
C001321,0,0,0.001033990699416986,23.341465076579176,-28.70036640975804,0,0,Capitale-Nationale
C002437,0,0,0.29398377684150934,30.337563884013562,-31.02064332776663,1,1,Gaspesie-Iles-de-la-Madeleine
C012755,0,0,0.075935267493234,27.573781942006782,-29.522099797853457,0,0,Montreal
C002792,0,0,0.05938493291003907,28.426831345723976,-30.580664388569815,0,1,Cote-Nord
C009385,0,0,0.06921525426031107,28.283781942006783,-30.309993403437616,0,0,Capitale-Nationale
C002848,0,0,0.20379858922942948,28.617563884013563,-29.6800356633764,0,0,Montreal
C003187,0,1,0.9559079309187083,31.049880749441165,-28.651318498514286,1,0,Montreal
C006153,0,0,2.176342460873176e-05,20.746831345723976,-29.116789082491636,0,0,Montreal
C008742,0,0,0.24002751035383663,30.15451448029637,-31.053106431718216,1,1,Bas-Saint-Laurent
C013422,0,0,0.015227713722689514,28.36219761486877,-31.612870257126495,0,1,Bas-Saint-Laurent
C013515,0,0,0.00024299049747856304,24.676098807434386,-31.16470304756945,0,1,Gaspesie-Iles-de-la-Madeleine
C012728,0,0,0.007341020472833498,25.79304940371719,-29.618818994057005,0,0,Capitale-Nationale
C009852,0,1,0.9982435314953171,35.83219761486877,-30.8869914545592,1,1,Bas-Saint-Laurent
C007832,0,0,0.7579924398188943,29.599880749441162,-28.70972813693536,0,0,Montreal
C005365,0,1,0.3850118706325277,28.49219761486877,-28.85733949170613,0,0,Montreal
C003466,0,1,0.729741666792438,30.751465076579176,-29.977009356872493,1,0,Montreal
C001641,0,1,0.9140813126248767,31.04219761486877,-29.198653919169715,1,0,Montreal
C001223,0,1,0.8176745271250024,29.936831345723974,-28.766803335133115,1,0,Montreal
C006046,0,0,0.2724074360060051,28.516831345723972,-29.282812096673112,0,0,Montreal
C003286,0,0,0.5509793842347768,29.469148211151577,-29.309605453634234,0,0,Montreal
C006392,0,1,0.9086616793424948,31.188415672861986,-29.397200119935768,1,0,Capitale-Nationale
C005011,0,0,7.63031992367359e-05,22.59683134572397,-29.988663059169696,0,0,Capitale-Nationale
C002982,0,0,0.01974861964013563,28.333781942006784,-31.378178918404494,0,1,Cote-Nord
C012407,0,0,0.541077787955911,32.105247018585956,-31.976849158950106,1,1,Gaspesie-Iles-de-la-Madeleine
C012930,0,1,0.14247578308423683,28.81146507657918,-30.210876976207608,0,0,Montreal
C012197,0,0,0.13172517670551795,29.102197614868768,-30.5724917594558,0,1,Bas-Saint-Laurent
C001255,0,0,0.009605246046083255,25.089148211151578,-28.703537493209215,0,0,Capitale-Nationale
C013876,0,1,0.998597377856664,34.57219761486877,-29.451319172740707,1,0,Capitale-Nationale
C001415,0,0,0.02473774510255457,26.50219761486877,-29.366998204842943,0,0,Montreal
C005054,0,0,0.9769140612593935,32.06914821115157,-29.14914794877994,1,0,Capitale-Nationale
C009311,0,0,0.012477305007406922,27.671465076579178,-31.079626902414436,0,1,Gaspesie-Iles-de-la-Madeleine
C011834,0,0,0.4725334208924192,31.79219761486877,-31.877943396708137,1,1,Gaspesie-Iles-de-la-Madeleine
C004585,0,0,0.3455223392580282,29.483781942006782,-29.981819612918166,0,0,Montreal
C003802,0,0,0.18365078187264633,30.39073253828959,-31.553848954972946,1,1,Gaspesie-Iles-de-la-Madeleine
C000094,0,0,0.001429976569698813,26.63451448029637,-31.74031254046858,0,1,Gaspesie-Iles-de-la-Madeleine
C002143,0,0,0.011646018000062179,28.679880749441164,-32.14245457865819,0,1,Gaspesie-Iles-de-la-Madeleine
C010786,0,0,0.01416530632048904,25.841465076579176,-29.149365128180357,0,0,Capitale-Nationale
C013803,0,1,0.9828700644012276,32.259148211151576,-29.101758410798624,1,0,Capitale-Nationale
C009327,0,1,0.9791813969364491,32.078415672861986,-29.076008212719465,1,0,Montreal
C004978,0,1,0.6595335821273483,30.84219761486877,-30.32666708054482,1,1,Cote-Nord
C011705,0,0,0.0031395749448917833,27.687563884013564,-32.17887065093928,0,1,Cote-Nord
C000452,0,1,0.7548860256171137,30.05451448029637,-29.177507859823407,1,0,Capitale-Nationale
C004478,0,0,0.14216125743163407,28.206098807434383,-29.60751970527941,0,0,Montreal
C011790,0,1,0.2838954183835174,28.41683134572397,-29.138197777892575,0,0,Capitale-Nationale
C013991,0,0,0.5421713036958304,30.103781942006783,-29.971949955741174,1,0,Montreal
C005608,0,0,0.03418787768229899,26.47451448029637,-29.07946824080431,0,0,Montreal
C010093,0,0,0.1643064132852281,30.549148211151575,-31.817303916972087,1,1,Gaspesie-Iles-de-la-Madeleine
C003856,0,0,0.2752297897792563,28.949148211151577,-29.704062288743827,0,0,Capitale-Nationale
C001252,0,0,0.5649714156006544,31.580613287730753,-31.376836108561584,1,1,Cote-Nord
C002319,0,1,0.14004731978531842,27.66756388401356,-29.08258448133858,0,0,Montreal
C004709,0,1,0.9865975459013705,32.72683134572397,-29.37516729836395,1,0,Montreal
C008095,0,1,0.969026979329656,32.80219761486877,-30.11765691740462,1,0,Montreal
C005074,0,0,0.0019548359253682597,23.886098807434383,-28.74772455621617,0,0,Montreal
C000463,0,1,0.32244128207732553,28.880613287730753,-29.459576809445387,0,0,Montreal
C008652,0,0,0.8507464853107697,29.946098807434385,-28.58910835580582,1,0,Montreal
C013258,0,0,0.008131362568706902,27.966831345723975,-31.71225817358467,0,1,Cote-Nord
C008948,0,1,0.9922045207600806,31.89451448029637,-28.11593366607905,1,0,Montreal
C005192,0,1,0.6370749453152647,30.019148211151577,-29.58043500367868,1,0,Montreal
C009694,0,0,0.00280398664555036,27.40219761486877,-31.981904764452228,0,1,Bas-Saint-Laurent
C000053,0,1,0.6952203799998841,32.68219761486877,-32.039250666958424,1,1,Gaspesie-Iles-de-la-Madeleine
C002479,0,0,0.003183176218964876,24.77683134572397,-29.257350735337877,0,0,Capitale-Nationale
C009830,0,0,0.42708739318561884,29.256098807434384,-29.48512257839348,0,0,Montreal
C007431,0,1,0.9871494216641694,32.63756388401357,-29.25267948048407,1,0,Capitale-Nationale
C013416,0,0,0.010118404993636629,24.62073253828959,-28.194138549177246,0,0,Capitale-Nationale
C007439,0,1,0.9992102675405118,34.84609880743439,-29.27689608394759,1,0,Montreal
C009374,0,0,0.5141465474976114,30.482197614868767,-30.438067286764372,1,1,Gaspesie-Iles-de-la-Madeleine
C005373,0,1,0.9113955184801382,31.279148211151576,-29.461897833885285,1,0,Montreal
C002724,0,0,0.013477769888350952,27.54378194200678,-30.891017336982923,0,1,Gaspesie-Iles-de-la-Madeleine
C003589,0,1,0.2282014362762569,29.315979556875547,-30.266003343020863,0,1,Cote-Nord
C003705,0,0,0.007189073324992989,26.879880749441163,-30.72207692581305,0,1,Gaspesie-Iles-de-la-Madeleine
C002644,0,1,0.9992889375548162,35.479148211151575,-29.828070240391778,1,0,Capitale-Nationale
C004122,0,1,0.9974988095589425,34.47219761486877,-29.803156655442976,1,0,Montreal
C002974,0,0,0.0002446274219567691,24.512197614868768,-30.995565883321287,0,1,Gaspesie-Iles-de-la-Madeleine
C000826,0,0,0.0026828515389986872,25.79219761486877,-30.406431229671192,0,0,Montreal
C001662,0,1,0.8266915157277213,32.282930153158354,-31.06480626197118,1,1,Cote-Nord
C002535,0,1,0.9852578818297222,32.15293015315836,-28.876605245363937,1,0,Montreal
C012787,0,0,0.35135073731983624,29.269148211151577,-29.74716942641501,0,0,Capitale-Nationale
C004513,0,0,0.00034903238804964476,22.872197614868767,-29.078367630651044,0,0,Montreal
C009087,0,1,0.7026621283995759,31.872930153158357,-31.20240852212253,1,1,Cote-Nord
C011938,0,1,0.8956251799262499,29.959880749441165,-28.283954108600618,1,0,Capitale-Nationale
C006433,0,1,0.9976684940287788,34.04146507657918,-29.31751781847416,1,0,Montreal
C006317,0,1,0.9181715783435423,31.373781942006783,-29.488727478572713,1,0,Montreal
C001546,0,0,0.7134472418573303,29.946098807434385,-29.234894959153248,1,0,Montreal
C011523,0,0,0.004746961636028298,26.157563884013562,-30.325283398252985,0,1,Gaspesie-Iles-de-la-Madeleine
C007578,0,0,0.0313372290765088,28.67451448029637,-31.349647513858528,0,1,Gaspesie-Iles-de-la-Madeleine
C000225,0,0,0.06276220807908577,27.006831345723974,-29.114734401231946,0,0,Montreal
C011443,0,0,0.0018422522363139222,25.912930153158356,-30.82089183923841,0,1,Gaspesie-Iles-de-la-Madeleine
C003436,0,0,0.00548430857786818,25.663781942006782,-29.718349980705614,0,0,Capitale-Nationale
C005513,0,0,0.15071043441673046,27.219148211151577,-28.567228572201145,0,0,Montreal
C013528,0,0,0.0065911182128434226,24.738415672861986,-28.648787251841462,0,0,Capitale-Nationale
C003618,0,0,0.038216528231891624,27.689880749441162,-30.204722637398667,0,0,Montreal
C000812,0,0,0.5404721638149312,29.462197614868767,-29.335701148184523,0,0,Montreal
C003912,0,0,0.020107476821697154,27.702930153158356,-30.733001253252112,0,1,Bas-Saint-Laurent
C001233,0,0,0.0014235943648950454,26.309880749441163,-31.41917136778713,0,1,Cote-Nord
C003033,0,0,0.8126071664157845,31.19073253828959,-30.046925054370533,1,0,Montreal
C009730,0,1,0.9989507247547748,34.41841567286198,-29.07096706892513,1,0,Montreal
C002563,0,1,0.9627106893990811,32.133781942006785,-29.599038988707946,1,0,Montreal
C004885,0,0,0.21608654238732566,29.336831345723972,-30.341529317380964,0,0,Montreal
C011317,0,1,0.9981321386308024,35.63829642230315,-30.74111828516091,1,1,Bas-Saint-Laurent
C002040,0,1,0.5220477061605617,31.42524701858596,-31.35644266782983,1,1,Bas-Saint-Laurent
C003354,0,0,0.0005118333954854832,25.426098807434386,-31.333657331137644,0,1,Bas-Saint-Laurent
C013369,0,0,0.7401560985674225,31.40451448029637,-30.58837157428756,1,0,Montreal
C011229,0,1,0.9908765684249581,33.31146507657918,-29.656572114662556,1,0,Montreal
C006562,0,0,0.0795661214848233,26.268415672861984,-28.177247832565442,0,0,Montreal
C005707,0,1,0.998343247937888,33.56683134572397,-28.575978589731015,1,0,Capitale-Nationale
C006816,0,1,0.8906510502935612,30.38451448029637,-28.749228110483006,1,0,Montreal
C007208,0,0,0.006193054998961167,26.18378194200678,-30.143035034692222,0,0,Montreal
C006986,0,1,0.8250765085040968,30.849148211151576,-29.63978081152307,1,0,Capitale-Nationale
C012540,0,0,4.7935653984222416e-05,23.07073253828959,-30.825020062544333,0,0,Capitale-Nationale
C000769,0,0,0.5425333354125811,31.06451448029637,-30.931545273607348,1,1,Bas-Saint-Laurent
C008568,0,1,0.7566526494776086,30.211465076579177,-29.32699625594022,1,0,Montreal
C009600,0,0,0.0009193933025130304,26.61524701858596,-32.06582332160596,0,1,Gaspesie-Iles-de-la-Madeleine
C006000,0,0,0.02104745643743435,27.976831345723973,-30.970532621833325,0,1,Cote-Nord
C006813,0,0,0.1809415411561908,30.171465076579178,-31.348752197081886,1,1,Bas-Saint-Laurent
C003373,0,1,0.9477246233881476,31.49146507657918,-29.232341447028663,1,0,Montreal
C006290,0,1,0.4531323572433858,29.486098807434384,-29.632694327206647,0,0,Capitale-Nationale
C010512,0,1,0.9980697320311136,34.68219761486877,-29.810691855516975,1,0,Montreal
C013106,0,1,0.9251757206947121,32.90378194200678,-30.9430358563242,1,1,Bas-Saint-Laurent
C011226,0,1,0.9927253965422792,33.756831345723974,-29.923923515612866,1,0,Montreal
C010896,0,0,0.00023558707599069574,24.47524701858596,-30.987981378584774,0,1,Gaspesie-Iles-de-la-Madeleine
C005619,0,1,0.13457763994673355,27.889880749441165,-29.34090602283464,0,0,Capitale-Nationale
C004673,0,0,0.0013026265994270064,23.906098807434383,-29.0847202962172,0,0,Capitale-Nationale
C009183,0,1,0.8526032591069491,32.23756388401356,-30.869113394120262,1,1,Gaspesie-Iles-de-la-Madeleine
C012393,0,1,0.9963286992404928,34.019148211151574,-29.650243500719668,1,0,Capitale-Nationale
C001174,0,0,0.0008220696936325041,26.17902896059274,-31.716917558657624,0,1,Bas-Saint-Laurent
C003493,0,1,0.7042692605245771,29.21073253828959,-28.53420407784818,0,0,Montreal
C003538,0,1,0.9802415112612305,33.22061328773076,-30.176613692931628,1,1,Cote-Nord
C012498,0,0,0.02392127557474587,26.379148211151577,-29.27076850595429,0,0,Montreal
C003314,0,1,0.8783905685802103,31.123781942006783,-29.58215869501932,1,0,Montreal
C012998,0,0,0.010515097918219248,26.52219761486877,-30.065308063905647,0,1,Cote-Nord
C000760,0,1,0.9364088829609208,32.09683134572397,-29.999847949070443,1,0,Montreal
C003797,0,0,0.01985361354753449,28.17451448029637,-31.214693792583844,0,1,Gaspesie-Iles-de-la-Madeleine
C001970,0,0,0.03873588072785719,27.57756388401356,-30.081460486783623,0,1,Bas-Saint-Laurent
C003342,0,1,0.9865766365828692,33.29073253828959,-29.940300438837717,1,0,Montreal
C000894,0,0,0.005455628159400689,27.902930153158355,-31.96160869074438,0,1,Gaspesie-Iles-de-la-Madeleine
C003536,0,1,0.5923250034644788,28.74524701858596,-28.453973878561786,0,0,Capitale-Nationale
C001454,0,1,0.9311706802449738,31.199880749441164,-29.16898658286907,1,0,Montreal
C003116,0,0,0.5856283836727536,29.019148211151577,-28.7494430497278,0,0,Montreal
C006258,0,0,0.12107608626261752,29.778296422303153,-31.323819864938272,0,1,Bas-Saint-Laurent
C004412,0,0,0.4665308551975098,28.686831345723974,-28.791367206853906,0,0,Capitale-Nationale
C006388,0,1,0.8203804312424466,30.918415672861986,-29.734153930689043,1,0,Montreal
C009146,0,0,1.1245490439616688e-05,21.298415672861985,-30.183169271517983,0,0,Montreal
C008427,0,1,0.8668191377027238,30.829148211151576,-29.368731117698335,1,0,Montreal
C008839,0,0,0.004434635772716863,25.736098807434384,-29.957126722177968,0,0,Montreal
C010547,0,0,0.024558149619539962,28.982197614868767,-31.85282280211216,0,1,Cote-Nord
C003153,0,1,0.9075853919838176,30.776098807434384,-28.99494085377411,1,0,Montreal
C009408,0,1,0.9185374812084512,30.88451448029637,-28.99565519096071,1,0,Montreal
C012373,0,0,0.15238637915809639,28.157683134572398,-29.495601106832495,0,0,Montreal
C008243,0,0,0.051910932080666335,27.161465076579177,-29.42634307344226,0,0,Montreal
C011018,0,0,0.6030633345068944,31.436831345723974,-31.110737919747052,1,1,Cote-Nord
C000160,0,1,0.419740619211129,29.15524701858596,-29.407733972098768,0,0,Capitale-Nationale
C003652,0,0,0.0209219787422138,28.028296422303153,-31.026759660992738,0,1,Gaspesie-Iles-de-la-Madeleine
C003624,0,0,0.9114547027434168,30.246831345723976,-28.429009377393157,1,0,Capitale-Nationale
C003457,0,0,0.10242123484776937,28.011465076579178,-29.703821915489616,0,0,Montreal
C003423,0,0,0.22576033842577856,28.559148211151577,-29.520019250139075,0,0,Capitale-Nationale
C008090,0,0,0.4782250433666143,29.436098807434384,-29.504050903069626,0,0,Capitale-Nationale
C001838,0,0,0.0011978674504207558,23.998415672861984,-29.242486339573542,0,0,Capitale-Nationale
C000693,0,1,0.7136858449222334,29.95146507657918,-29.239351045564824,1,0,Capitale-Nationale
C012847,0,0,0.023884516538527453,27.232197614868767,-30.12504628597853,0,1,Cote-Nord
C010776,0,1,0.9899638253858531,34.51524701858596,-30.935414124268767,1,1,Gaspesie-Iles-de-la-Madeleine
C005272,0,0,0.00128460117494709,27.172197614868768,-32.36169739788234,0,1,Gaspesie-Iles-de-la-Madeleine
C010828,0,0,0.29151463789563986,31.023662691447946,-31.716040125475818,1,1,Cote-Nord
C007317,0,0,0.016136059645370862,27.003781942006782,-30.208561438602004,0,1,Cote-Nord
C012680,0,1,0.8356233361105665,30.646098807434385,-29.378341928735804,1,0,Montreal
C006241,0,0,0.002410198518510108,26.712930153158357,-31.410934987713066,0,1,Cote-Nord
C012245,0,0,0.07626158093601369,29.492930153158355,-31.437629372271864,0,1,Bas-Saint-Laurent
C013101,0,0,0.013929303921705027,25.012197614868768,-28.33338348064562,0,0,Capitale-Nationale
C008062,0,0,0.0025669797321770226,27.39524701858596,-32.043993818866625,0,1,Gaspesie-Iles-de-la-Madeleine
C009237,0,1,0.575547342531894,29.282197614868767,-29.044771740630452,0,0,Capitale-Nationale
C007581,0,0,0.3267508073236623,29.411465076579177,-29.975102268314895,0,0,Capitale-Nationale
C008950,0,0,0.19692601689826325,30.77524701858596,-31.871165662576026,1,1,Bas-Saint-Laurent
C005091,0,0,0.040262512388249495,27.403781942006784,-29.876301575804774,0,0,Montreal
C003296,0,1,0.9765830489412048,34.02524701858596,-31.11661070781499,1,1,Cote-Nord
C007849,0,1,0.9913289604366229,33.256098807434384,-29.561198043724154,1,0,Capitale-Nationale
C004500,0,1,0.9976256957394817,33.757563884013564,-29.047832310495366,1,0,Montreal
C012865,0,0,0.05611732968870939,29.076831345723974,-31.27749428615028,0,1,Cote-Nord
C005407,0,0,0.10165288876134447,27.729148211151575,-29.428043174029444,0,0,Montreal
C011038,0,0,5.889955655134679e-05,23.296831345723973,-30.89051859550517,0,1,Cote-Nord
C012752,0,0,0.12121260471356282,27.743781942006784,-29.28830565752615,0,0,Montreal
C013411,0,0,0.014312735554746055,27.41451448029637,-30.714225237918757,0,1,Cote-Nord
C002028,0,1,0.7793563014166821,30.75451448029637,-29.770634080956818,1,1,Gaspesie-Iles-de-la-Madeleine
C008541,0,0,0.00021706270393744186,24.316831345723976,-30.8934306932328,0,1,Gaspesie-Iles-de-la-Madeleine
C001753,0,0,0.21325759688577037,28.53451448029637,-29.5522956468052,0,0,Montreal
C000308,0,1,0.9999604888096296,37.52609880743439,-29.621113514154246,1,0,Montreal
C005318,0,0,0.004319379787831157,27.316098807434383,-31.557748543295695,0,1,Cote-Nord
C009543,0,0,0.02478912408433665,27.039148211151577,-29.902290071627622,0,0,Capitale-Nationale
C004165,0,0,0.015577778718369852,27.15524701858596,-30.38792179161087,0,1,Gaspesie-Iles-de-la-Madeleine
C010187,0,0,0.6944964622385783,28.806098807434385,-28.1658138251928,0,0,Montreal
C011490,0,0,0.000370400473720204,24.337563884013562,-30.497389199310412,0,1,Bas-Saint-Laurent
C007079,0,0,0.8286299179263769,29.889148211151575,-28.660428809833945,0,0,Montreal
C004731,0,1,0.711907146249361,29.597563884013564,-28.892224067172986,0,0,Capitale-Nationale
C011670,0,1,0.8935735602409232,31.00451448029637,-29.345552615440766,1,0,Capitale-Nationale
C008271,0,1,0.5033246997960081,29.661465076579177,-29.651096250079057,0,0,Montreal
C009492,0,0,0.09190080310335878,27.126098807434385,-28.912044913750805,0,0,Montreal
C008458,0,1,0.7516613441054218,30.118415672861985,-29.254937069952664,1,0,Capitale-Nationale
C012158,0,0,0.12450396818453198,27.52146507657918,-29.042174632903084,0,0,Montreal
C007685,0,1,0.9662535968919242,31.11146507657918,-28.49602141250268,1,0,Montreal
C001998,0,0,0.1353697686126316,28.57756388401356,-30.023299480888042,0,1,Gaspesie-Iles-de-la-Madeleine
C013290,0,0,0.005516131852653979,26.52683134572397,-30.57686339447824,0,1,Bas-Saint-Laurent
C006435,0,0,0.09358775914161113,30.42451448029637,-32.194828801889216,1,1,Bas-Saint-Laurent
C012368,0,0,0.013902842917345124,28.687563884013564,-32.01025319166031,0,1,Bas-Saint-Laurent
C007609,0,0,0.7755787132972741,29.999148211151578,-29.032291670316248,1,0,Capitale-Nationale
C005896,0,1,0.0739502945831001,27.913781942006782,-29.884424746156615,0,0,Capitale-Nationale
C002927,0,0,0.3135769056776535,30.149880749441163,-30.760712796543128,1,1,Cote-Nord
C002033,0,0,0.22722174119894883,28.75219761486877,-29.70656487859036,0,0,Montreal
C004031,0,1,0.45750893665233505,30.687563884013564,-30.820400297692437,1,1,Gaspesie-Iles-de-la-Madeleine
C001948,0,0,0.06646243920239707,27.547563884013563,-29.6077201990355,0,0,Montreal
C008454,0,0,0.5165030182298923,31.178296422303152,-31.126810092955875,1,1,Bas-Saint-Laurent
C003629,0,1,0.5907850280378188,30.479880749441165,-30.193576921426047,1,1,Gaspesie-Iles-de-la-Madeleine
C002279,0,1,0.6902962433242438,30.169148211151576,-29.54423916392422,1,0,Capitale-Nationale
C004763,0,0,0.006485832915644745,25.713781942006783,-29.63679099489038,0,0,Montreal
C009225,0,0,0.04377988824984926,27.168296422303154,-29.572653113345645,0,0,Montreal
C008717,0,1,0.1216208004197273,28.61451448029637,-30.1560547497293,0,0,Montreal
C008548,0,0,0.41717019003761896,28.999148211151578,-29.259870576173093,0,0,Capitale-Nationale
C010346,0,0,0.0017267387723090908,25.094514480296368,-30.053053399060598,0,0,Capitale-Nationale
C006597,0,0,0.003044370141255534,24.976098807434383,-29.491488715349618,0,0,Capitale-Nationale
C013782,0,1,0.9999196596479952,35.975247018585954,-28.623616006721534,1,0,Capitale-Nationale
C006198,0,0,0.00907385886744159,27.97451448029637,-31.633694381471507,0,1,Cote-Nord
C006982,0,0,0.06290584825075207,27.751465076579176,-29.857466285603472,0,0,Montreal
C002183,0,0,0.04806654265901624,28.322930153158357,-30.650953408085172,0,1,Bas-Saint-Laurent
C008015,0,0,0.05379118849292428,28.232930153158357,-30.46851950538879,0,1,Cote-Nord
C011655,0,1,0.8480600437648835,30.669148211151576,-29.32853227762305,1,0,Montreal
C000365,0,0,0.04784690933073094,28.106831345723975,-30.438605224656207,0,1,Cote-Nord
C003472,0,0,0.025166051214901154,28.410613287730754,-31.26168782005618,0,1,Cote-Nord
C008651,0,0,0.21831000789603733,30.90146507657918,-31.89596690185075,1,1,Bas-Saint-Laurent
C002772,0,1,0.9991762544454672,34.92841567286199,-29.392116189853525,1,0,Capitale-Nationale
C010156,0,1,0.6766551934334673,28.512197614868768,-27.936456163031004,0,0,Montreal
C000785,0,1,0.9957342117497967,33.86146507657918,-29.610039321036226,1,0,Montreal
C004147,0,0,0.10693434409769743,29.065979556875547,-30.72078612572922,0,1,Bas-Saint-Laurent
C004976,0,1,0.9510914892603324,32.062930153158355,-29.7491358292515,1,0,Montreal
C003154,0,0,0.020997136199747787,28.63219761486877,-31.62780523251746,0,1,Cote-Nord
C013972,0,0,0.06011251810899514,26.54073253828959,-28.684467773216255,0,0,Capitale-Nationale
C012280,0,1,0.9442627067844616,31.086098807434386,-28.879823988512424,1,0,Montreal
C010446,0,1,0.9775020912797479,33.03829642230315,-30.097710452809782,1,1,Bas-Saint-Laurent
C011154,0,0,0.13828287944657017,29.31219761486877,-30.738701667521003,0,1,Bas-Saint-Laurent
C006546,0,0,0.011486777756437402,25.659148211151578,-29.13258191380516,0,0,Montreal
C005875,0,1,0.9987118395411632,35.86683134572397,-30.67949160949116,1,1,Cote-Nord
C012174,0,0,0.031163011648523514,29.372197614868767,-32.05181748354739,0,1,Cote-Nord
C013679,0,0,0.0004386000837398593,23.209880749441165,-29.23788612356724,0,0,Capitale-Nationale
C009659,0,1,0.9829856446901949,32.646831345723974,-29.48407139507788,1,0,Montreal
C010713,0,1,0.3450176781782679,28.03524701858596,-28.53502525174021,0,0,Capitale-Nationale
C003767,0,0,0.04098583856977614,26.400732538289592,-28.858781701906892,0,0,Montreal
C013552,0,0,0.11092433851442728,27.908415672861985,-29.531169188862407,0,0,Montreal
C011246,0,0,0.02633124567395637,27.929148211151578,-30.744002117109172,0,1,Gaspesie-Iles-de-la-Madeleine
C004070,0,1,0.9961049139686904,33.86146507657918,-29.53886837147237,1,0,Montreal
C005063,0,0,0.071161252646734,29.512197614868768,-31.51515925221766,0,1,Gaspesie-Iles-de-la-Madeleine
C009220,0,1,0.8916838649709397,32.39146507657918,-30.74787603257467,1,1,Bas-Saint-Laurent
C009743,0,1,0.16142007947612103,27.665247018585962,-28.949908936621238,0,0,Montreal
C005698,0,1,0.8128543623930314,30.446098807434385,-29.30102501626854,1,0,Montreal
C005700,0,0,0.036972697907509594,28.98451448029637,-31.526162021079116,0,1,Cote-Nord
C004082,0,0,0.003081234831621098,24.139148211151575,-28.64512486447823,0,0,Capitale-Nationale
C012908,0,1,0.30097390384382716,28.176831345723976,-28.833831517653838,0,0,Montreal
C002647,0,1,0.9820348518528024,32.11378194200678,-28.994172017864283,1,0,Montreal
C008035,0,0,0.10482168111106889,28.91597955687555,-30.588186210042707,0,1,Gaspesie-Iles-de-la-Madeleine
C006634,0,0,0.0015044392331713993,25.886831345723976,-30.95299352973421,0,1,Bas-Saint-Laurent
C006567,0,1,0.48307439175315187,30.66451448029637,-30.717320207010488,1,1,Bas-Saint-Laurent
C008297,0,1,0.9914300360591793,32.85378194200678,-29.149659931229547,1,0,Capitale-Nationale
C009113,0,0,0.0004602721542461403,26.190613287730756,-32.180998333701076,0,1,Gaspesie-Iles-de-la-Madeleine
C007148,0,0,0.47555058109293885,29.45683134572397,-29.533142112508013,0,0,Capitale-Nationale
C013820,0,0,0.3406625479584793,29.329148211151576,-29.843997845501423,0,0,Capitale-Nationale
C009267,0,0,0.002237550236140513,25.138296422303153,-29.89438709037836,0,0,Montreal
C002050,0,0,0.13026460966894482,29.587563884013562,-31.06786170196881,0,1,Bas-Saint-Laurent
C003198,0,0,0.3079112500415879,28.56524701858596,-29.19670371811608,0,0,Capitale-Nationale
C001273,0,1,0.9769660657235668,33.29219761486877,-30.370397547069278,1,1,Gaspesie-Iles-de-la-Madeleine
C000226,0,0,0.0029158333708521863,24.923781942006784,-29.472906047476236,0,0,Montreal
C011590,0,0,0.001196142424149034,26.21451448029637,-31.459710090712512,0,1,Bas-Saint-Laurent
C003168,0,1,0.9934135806333378,32.75219761486877,-28.841266318638976,1,0,Montreal
C004772,0,0,0.0013547852643429577,23.61219761486877,-28.760168325167406,0,0,Montreal
C003734,0,1,0.9799762214058159,31.809148211151577,-28.77575833525348,1,0,Montreal
C008391,0,1,0.9983758544594288,33.883781942006785,-28.877406035541618,1,0,Montreal
C001245,0,1,0.4466332903050559,31.04451448029637,-31.21158451392494,1,1,Bas-Saint-Laurent
C003933,0,1,0.9434926110013335,30.776098807434384,-28.581158700037548,1,0,Capitale-Nationale
C008006,0,1,0.961181814992785,32.757563884013564,-30.25538889069458,1,1,Gaspesie-Iles-de-la-Madeleine
C009302,0,0,0.6963003159479771,30.371465076579177,-29.724540413968278,1,0,Montreal
C007673,0,0,7.997994508565064e-05,24.149148211151577,-31.50428497292569,0,1,Bas-Saint-Laurent
C006538,0,0,0.007964464831493117,25.101465076579178,-28.863192469571423,0,0,Capitale-Nationale
C006449,0,1,0.9941873156660154,33.93378194200678,-29.924810322509906,1,0,Montreal
C002154,0,1,0.9139553560412264,30.872197614868767,-29.02990351900942,1,0,Montreal
C011766,0,0,3.998611341808955e-06,20.286831345723975,-29.97778493257806,0,0,Montreal
C011048,0,1,0.8924827292361731,30.52451448029637,-28.874455627144552,1,0,Montreal
C010237,0,0,0.005423004655227569,25.247563884013562,-29.310944253213595,0,0,Capitale-Nationale
C001634,0,0,0.003175972173171434,26.856831345723975,-31.339122889652067,0,1,Cote-Nord
C000598,0,0,0.11033999627554271,28.786098807434385,-30.413482697962387,0,0,Montreal
C005259,0,1,0.9275052672766723,31.748415672861984,-29.761049082843584,1,0,Capitale-Nationale
C011601,0,1,0.2966006260730647,29.867563884013563,-30.540838712073597,0,1,Gaspesie-Iles-de-la-Madeleine
C004890,0,0,0.25111786238102063,29.43524701858596,-30.28716053722223,0,0,Montreal
C009881,0,0,0.009955675277868262,28.329148211151576,-31.91532338578581,0,1,Gaspesie-Iles-de-la-Madeleine
C006116,0,1,0.13682364764795002,29.919148211151576,-31.35524263481829,0,1,Gaspesie-Iles-de-la-Madeleine
C004089,0,0,0.006366083800787974,25.386831345723976,-29.324464104197,0,0,Montreal
C005277,0,0,0.008219941857961472,27.242930153158355,-30.97983991507841,0,1,Gaspesie-Iles-de-la-Madeleine
C013011,0,1,0.9863448021770902,32.76378194200678,-29.426883767045897,1,0,Capitale-Nationale
C007808,0,1,0.3511275072138631,28.411465076579177,-28.890250085449917,0,0,Montreal
C000896,0,1,0.9839919424084794,32.15683134572397,-28.945740892812438,1,0,Montreal
C001812,0,0,0.34998756846451545,29.251465076579176,-29.734153930689043,0,0,Montreal
C009469,0,1,0.9378847173135334,31.606098807434385,-29.489579571178705,1,0,Montreal
C001440,0,0,0.7854748289781721,31.42451448029637,-30.412611039562808,1,1,Cote-Nord
C008111,0,1,0.9887184002638891,35.108296422303155,-31.620648481192827,1,1,Bas-Saint-Laurent
C003884,0,0,0.015841884851311206,27.629148211151577,-30.848506037788912,0,1,Bas-Saint-Laurent
C007409,0,1,0.501528292135412,31.227563884013563,-31.22279761554939,1,1,Gaspesie-Iles-de-la-Madeleine
C005140,0,0,0.052707648133373516,30.176831345723976,-32.429178598667015,1,1,Gaspesie-Iles-de-la-Madeleine
C013734,0,0,0.16722189751953656,28.03073253828959,-29.282450151691737,0,0,Montreal
C012065,0,0,0.0081917078564861,27.789880749441163,-31.529495340522843,0,1,Bas-Saint-Laurent
C006686,0,1,0.9094284475377723,32.786831345723975,-30.988385339561518,1,1,Gaspesie-Iles-de-la-Madeleine
C000468,0,0,0.24364868486754077,28.17451448029637,-29.057707878783532,0,0,Capitale-Nationale
C000849,0,1,0.9547340667316718,31.896098807434385,-29.518980256489723,1,0,Capitale-Nationale
C007866,0,1,0.37443838731406504,30.836831345723972,-31.23697553508686,1,1,Bas-Saint-Laurent
C005611,0,0,0.1753297617769843,27.79378194200678,-29.000956604719182,0,0,Montreal
C012515,0,1,0.9646370791582224,33.77597955687555,-31.19832210880906,1,1,Cote-Nord
C001565,0,1,0.8410775510383557,31.49451448029637,-30.19537581213106,1,1,Gaspesie-Iles-de-la-Madeleine
C010918,0,0,0.12128109799215282,28.21451448029637,-29.7585369839077,0,0,Capitale-Nationale
C013884,0,1,0.9990441818605516,36.08756388401356,-30.6673090412509,1,1,Gaspesie-Iles-de-la-Madeleine
C004136,0,1,0.9601165861927634,33.70451448029637,-31.224311040938513,1,1,Bas-Saint-Laurent
C006760,0,0,0.2459001990172505,30.77219761486877,-31.645894917217632,1,1,Gaspesie-Iles-de-la-Madeleine
C005860,0,1,0.4662806491832184,29.529148211151576,-29.634467923243257,0,0,Capitale-Nationale
C002666,0,1,0.9087926727378494,31.586098807434386,-29.79365189394057,1,0,Montreal
C012545,0,0,0.6652831638590662,29.906098807434383,-29.370521825423342,0,0,Capitale-Nationale
C000531,0,0,0.016043667218970766,26.50073253828959,-29.710062340146685,0,0,Montreal
C012372,0,0,0.03904775352165876,27.223781942006784,-29.721173354615523,0,0,Montreal
C005258,0,0,0.0001638393974393512,23.068415672861985,-29.86437736581856,0,0,Montreal
C004320,0,1,0.9157603915321774,31.212197614868767,-29.351835385270434,1,0,Montreal
C004134,0,0,0.044197319956654435,26.70378194200678,-29.100399432899614,0,0,Montreal
C001586,0,1,0.9541652397142014,33.77609880743439,-31.409181466064155,1,1,Gaspesie-Iles-de-la-Madeleine
C006269,0,0,0.0012053610972653096,24.141465076579177,-29.380667609603275,0,0,Capitale-Nationale
C003880,0,0,0.002248585743876361,24.853781942006783,-29.60602813738721,0,0,Montreal
C007914,0,1,0.9899666208656025,34.173781942006784,-30.593729646249756,1,1,Bas-Saint-Laurent
C009265,0,1,0.7064948150093785,30.136098807434383,-29.451220722301308,1,0,Montreal
C010667,0,0,0.03563280538269286,28.582197614868768,-31.153709164193263,0,1,Gaspesie-Iles-de-la-Madeleine
C003254,0,1,0.9805530181454889,32.53451448029637,-29.47787716862466,1,1,Gaspesie-Iles-de-la-Madeleine
C010844,0,0,0.48153651721447116,29.196098807434385,-29.253706690181914,0,0,Montreal
C010525,0,0,0.15459131930063552,28.103781942006783,-29.428468555980473,0,0,Capitale-Nationale
C007554,0,0,0.0008960994744647094,26.28829642230315,-31.75889923820216,0,1,Gaspesie-Iles-de-la-Madeleine
C004776,0,1,0.9946800811647825,32.97293015315836,-28.89450556783003,1,0,Capitale-Nationale
C002689,0,1,0.9969512635704789,34.28914821115157,-29.774879132857304,1,0,Montreal
C008679,0,0,0.7155298682635153,29.63304940371719,-28.913885706704967,0,0,Montreal
C013300,0,0,0.023888575238724313,26.582197614868768,-29.474910565900647,0,0,Montreal
C001376,0,0,0.9836539231141763,34.12219761486877,-30.92766680928504,1,1,Gaspesie-Iles-de-la-Madeleine
C003491,0,0,0.0565734958211728,26.713781942006783,-28.90775583253036,0,0,Montreal
C004705,0,0,0.004447515317171581,24.93073253828959,-29.149489247416803,0,0,Montreal
C000821,0,0,0.01270194287664156,28.06524701858596,-31.459319373563723,0,1,Bas-Saint-Laurent
C009207,0,1,0.7280108315951418,31.101465076579178,-30.33383818629256,1,0,Montreal
C010890,0,1,0.9065107929556824,31.629148211151577,-29.85792766256956,1,0,Montreal
C011611,0,0,0.04332790171271544,28.57451448029637,-30.98733082344483,0,1,Gaspesie-Iles-de-la-Madeleine
C011830,0,0,0.0001740679257181684,22.509880749441162,-29.25861848497223,0,0,Capitale-Nationale
C008784,0,0,0.028278643560495552,28.273662691447946,-31.031325736798586,0,1,Cote-Nord
C000668,0,1,0.7383772236079972,31.79524701858596,-30.98629959328459,1,1,Bas-Saint-Laurent
C006485,0,1,0.7921956124730438,29.709880749441165,-28.666517767472786,0,0,Montreal
C006352,0,0,0.013827450231168026,25.806098807434385,-29.13308724210759,0,0,Montreal
C009177,0,0,0.07468007972045351,27.942197614868768,-29.90456922304249,0,0,Montreal
C004428,0,0,0.401118094564095,29.536098807434385,-29.84859717062608,0,0,Montreal
C001354,0,1,0.40958375937435054,29.596098807434384,-29.88121346032452,0,0,Montreal
C008027,0,0,0.6468236829772084,32.147563884013564,-31.675780681767517,1,1,Gaspesie-Iles-de-la-Madeleine
C005214,0,1,0.7302097221105186,29.75073253828959,-28.974425433379807,0,0,Montreal
C009246,0,0,6.921255333743594e-05,23.71524701858596,-31.18312750630438,0,1,Bas-Saint-Laurent
C001619,0,0,0.007824881271514388,25.686831345723974,-29.46245392403948,0,0,Montreal
C004109,0,1,0.9606882648097677,31.589148211151578,-29.09722421781023,1,0,Capitale-Nationale
C007201,0,0,0.04488645869537907,28.02524701858596,-30.40923910109332,0,1,Gaspesie-Iles-de-la-Madeleine
C004471,0,1,0.8956528373568712,32.77829642230315,-31.10213907943258,1,1,Cote-Nord
C006259,0,0,0.00021848302649434112,24.07451448029637,-30.64602766655429,0,1,Gaspesie-Iles-de-la-Madeleine
C007432,0,0,0.019399895227944396,27.662930153158356,-30.721494993918007,0,1,Cote-Nord
C013602,0,0,0.002633187831731802,24.749148211151578,-29.377988798828557,0,0,Capitale-Nationale
C001292,0,0,0.08280760173742384,29.28756388401356,-31.162512075697354,0,1,Bas-Saint-Laurent
C006904,0,0,0.054640233197777346,29.619880749441162,-31.84255991621162,0,1,Gaspesie-Iles-de-la-Madeleine
C007175,0,1,0.9207672938501092,31.429148211151578,-29.516759669526262,1,0,Montreal
C013099,0,0,0.021923929825998313,28.352197614868768,-31.313390766970624,0,1,Bas-Saint-Laurent
C006431,0,0,0.058170548573578486,27.62756388401356,-29.79851190709801,0,0,Capitale-Nationale
C002180,0,0,0.057188208969637076,27.00756388401356,-29.19260359634003,0,0,Montreal
C008554,0,0,0.028569138938405028,25.538415672861987,-28.287877217660263,0,0,Capitale-Nationale
C013168,0,1,0.30580223637382054,27.906831345723973,-28.54601899387018,0,0,Montreal
C004288,0,0,0.15161372512817203,29.087563884013562,-30.43015551598028,0,1,Cote-Nord
C011241,0,0,0.0030136529197748617,24.97146507657918,-29.49478571096168,0,0,Montreal
C004466,0,0,0.0006320787157957093,25.309148211151577,-31.0520910655717,0,1,Cote-Nord
C008137,0,0,1.9415610595970293e-05,22.45451448029637,-30.913476002685492,0,1,Bas-Saint-Laurent
C004667,0,1,0.813307439502045,30.57219761486877,-29.424799505220896,1,0,Capitale-Nationale
C002514,0,1,0.8792389126079051,30.808415672861987,-29.260581773541787,1,0,Montreal
C013463,0,0,0.0952731313794804,27.40146507657918,-29.15641260606585,0,0,Montreal
C001681,0,1,0.9779045550359545,32.30914821115157,-29.354167567007583,1,0,Capitale-Nationale
C011372,0,0,0.0012735708896639967,25.712197614868767,-30.908429587050822,0,1,Bas-Saint-Laurent
C013955,0,1,0.7234371926159963,31.872197614868767,-31.122485900462607,1,1,Gaspesie-Iles-de-la-Madeleine
C013172,0,0,0.00973975634657557,26.95683134572397,-30.560272102578125,0,0,Capitale-Nationale
C006974,0,0,0.0016899357009559494,26.32219761486877,-31.29756252104776,0,1,Cote-Nord
C010877,0,0,0.010047605611472861,27.66219761486877,-31.241133983646698,0,1,Cote-Nord
C012269,0,0,0.0005890468784904998,26.822930153158357,-32.62087967496363,0,1,Cote-Nord
C009676,0,0,0.02303173073189389,27.84219761486877,-30.764074032009447,0,1,Cote-Nord
C002747,0,0,0.6814504795949429,32.12756388401356,-31.534667292286404,1,1,Cote-Nord
C008264,0,1,0.7766044299859279,31.146831345723974,-30.175372711840662,1,1,Cote-Nord
C009792,0,0,0.7591628321559879,31.629880749441163,-30.734745429576563,1,1,Bas-Saint-Laurent
C012967,0,1,0.4687803707058619,28.869148211151575,-28.96663906108491,0,0,Montreal
C008800,0,1,0.860623995480225,30.95451448029637,-29.535139152016068,1,0,Capitale-Nationale
C008390,0,0,0.033849200345802175,28.440613287730756,-31.053602604197916,0,1,Gaspesie-Iles-de-la-Madeleine
C013462,0,1,0.9238700023544618,32.106098807434385,-30.159942114672432,1,0,Montreal
C004608,0,1,0.7464030986322426,30.71524701858596,-29.873577906007295,1,0,Montreal
C010744,0,0,0.2854371317589957,27.92073253828959,-28.636196001398222,0,0,Montreal
C000000,0,1,0.9912477627667169,33.47219761486877,-29.784627756540665,1,0,Montreal
C012839,0,1,0.9980182947224305,33.343781942006785,-28.492820817308612,1,0,Montreal
C002175,0,1,0.9650828853657825,33.00293015315836,-30.415020996800465,1,1,Gaspesie-Iles-de-la-Madeleine
C004039,0,0,0.18848344948276294,30.199880749441164,-31.338116638047413,1,1,Bas-Saint-Laurent
C001342,0,0,0.23820541907007736,29.929148211151578,-30.835548433795193,1,1,Cote-Nord
C004084,0,0,0.6432861430373897,29.32451448029637,-28.864777669712367,0,0,Montreal
C009631,0,0,0.0030128461993855667,24.553781942006783,-29.07731194391773,0,0,Montreal
C004832,0,0,0.012695479710450201,27.909148211151578,-31.303622492737198,0,1,Gaspesie-Iles-de-la-Madeleine
C004595,0,1,0.9954460993991952,33.462197614868764,-29.26195449723867,1,0,Capitale-Nationale
C008379,0,0,0.016150155383845007,26.141465076579177,-29.345552615440766,0,0,Montreal
C011770,0,1,0.09776771861815185,28.692078364309932,-30.42472132764178,0,1,Cote-Nord
C011295,0,0,0.004405820951301639,27.44683134572397,-31.672964398291896,0,1,Bas-Saint-Laurent
C008092,0,0,0.08916957584713214,28.929880749441164,-30.741690831810086,0,1,Bas-Saint-Laurent
C000418,0,0,0.06846565744150279,29.389880749441165,-31.425209687827287,0,1,Bas-Saint-Laurent
C003237,0,0,0.02098681092729055,24.61146507657918,-27.607464411556798,0,0,Montreal
C007388,0,1,0.18220552756461905,29.408415672861985,-30.579071130777074,0,1,Bas-Saint-Laurent
C006618,0,0,1.3237568531128797e-05,21.60524701858596,-30.36284137975416,0,1,Bas-Saint-Laurent
C002870,0,0,0.014199849020576798,28.347563884013564,-31.65353767248312,0,1,Bas-Saint-Laurent
C004275,0,0,0.009038269662811375,26.422197614868768,-30.084469527075502,0,1,Bas-Saint-Laurent
C009044,0,1,0.9997631845551284,36.203781942006785,-29.695103236458074,1,0,Montreal
C005960,0,0,0.17097406751665056,28.643781942006783,-29.874677673586568,0,0,Montreal
C007155,0,0,0.061253271119045515,28.860613287730754,-30.988744524178536,0,1,Gaspesie-Iles-de-la-Madeleine
C006836,0,0,4.022625114896628e-06,22.093781942006782,-31.78006718436258,0,1,Cote-Nord
C010478,0,0,0.012375033304883156,27.84524701858596,-31.259906577259613,0,1,Bas-Saint-Laurent
C000799,0,0,0.00623074892599164,25.04146507657918,-28.995957531862942,0,0,Capitale-Nationale
C010816,0,0,0.14185960568451292,29.911345826020344,-31.314696978080626,0,1,Bas-Saint-Laurent
C001828,0,0,0.8333776981381111,29.923781942006784,-28.66870254157711,0,0,Capitale-Nationale
C010883,0,0,0.00012280424457655428,22.782930153158354,-29.80369884935286,0,1,Cote-Nord
C005429,0,0,0.020459817893890002,28.509880749441162,-31.526127702605475,0,1,Bas-Saint-Laurent
C000005,0,0,0.01574366028118496,28.332197614868768,-31.556482495962673,0,1,Cote-Nord
C009849,0,1,0.9979367308319665,34.23219761486877,-29.41274739844534,1,0,Capitale-Nationale
C004364,0,1,0.01202429821416967,26.816831345723976,-30.254184454856933,0,0,Montreal
C008198,0,1,0.13232320295598077,27.013781942006784,-28.480007247268723,0,0,Montreal
C006057,0,1,0.6320373906317408,29.77146507657918,-29.349689202784724,0,0,Capitale-Nationale
C011738,0,1,0.8899239320366321,31.326831345723974,-29.697349021674,1,0,Capitale-Nationale
C003764,0,1,0.4574948280592665,31.06451448029637,-31.197395214344,1,1,Gaspesie-Iles-de-la-Madeleine
C005286,0,0,0.7221927317974665,31.547563884013563,-30.802694959704127,1,1,Gaspesie-Iles-de-la-Madeleine
C006951,0,1,0.8652847102522095,31.329880749441163,-29.879776557149665,1,0,Capitale-Nationale
C008985,0,1,0.9717853028170899,32.65683134572397,-29.89735193335512,1,0,Capitale-Nationale
C005749,0,0,0.00013114337246250652,24.499880749441164,-31.46941894830637,0,1,Bas-Saint-Laurent
C011723,0,1,0.8856652779274141,29.622197614868767,-28.026050508165,0,0,Capitale-Nationale
C007754,0,0,0.07378982077449005,27.636831345723976,-29.609302985753207,0,0,Montreal
C012089,0,0,0.00016694674779222472,25.012078364309932,-31.793389022664346,0,1,Bas-Saint-Laurent
C003050,0,1,0.6883163878292491,31.049880749441165,-30.432179468478846,1,1,Bas-Saint-Laurent
C003096,0,0,0.0402130106763377,26.977563884013563,-29.451082904541117,0,0,Montreal
C012678,0,0,0.02225587898470545,27.77146507657918,-30.720677104289337,0,1,Gaspesie-Iles-de-la-Madeleine
C011160,0,0,0.010489757019195998,28.71451448029637,-32.259526132729576,0,1,Bas-Saint-Laurent
C004419,0,0,7.272571270618784e-05,23.21524701858596,-30.644521164007813,0,1,Gaspesie-Iles-de-la-Madeleine
C006473,0,1,0.18855508646454439,28.623781942006783,-29.76165272870236,0,0,Capitale-Nationale
C009517,0,1,0.810795078750666,32.38756388401357,-31.253000164323815,1,1,Bas-Saint-Laurent
C002475,0,0,0.0856141151677163,27.566098807434383,-29.41267099981171,0,0,Montreal
C003582,0,0,0.08929850356758802,29.20146507657918,-31.012038301049966,0,1,Cote-Nord
C001707,0,1,0.5765259628649285,30.719880749441163,-30.4793306182965,1,1,Cote-Nord
C011363,0,0,1.770105205296662e-05,24.052197614868767,-32.583243559484515,0,1,Bas-Saint-Laurent
C009434,0,1,0.6022606248155662,31.48756388401356,-31.164084036134422,1,1,Bas-Saint-Laurent
C001781,0,1,0.2923181280328451,30.506831345723974,-31.196178040866265,1,1,Cote-Nord
C007124,0,0,0.22191325147995045,30.47219761486877,-31.450333660427734,1,1,Gaspesie-Iles-de-la-Madeleine
C013913,0,1,0.9976747702675899,34.04146507657918,-29.31541127084391,1,0,Capitale-Nationale
C000124,0,1,0.8369820187261936,30.403781942006784,-29.1282871148139,1,0,Montreal
C005909,0,1,0.997229724882257,33.61597955687555,-29.02681549728866,1,0,Capitale-Nationale
C007513,0,0,0.029649349870662617,28.859880749441164,-31.579538850839995,0,1,Cote-Nord
C011474,0,1,0.998840019464341,34.45914821115157,-29.189989670837434,1,0,Montreal
C001902,0,1,0.9333390687918901,31.666098807434384,-29.60843332286736,1,0,Montreal
C013866,0,1,0.7913723869157188,32.009028960592744,-30.969559201428037,1,1,Gaspesie-Iles-de-la-Madeleine
C000292,0,1,0.9873467919780996,33.699880749441164,-30.30277271594287,1,1,Gaspesie-Iles-de-la-Madeleine
C009781,0,0,0.6939154666109425,30.082930153158355,-29.444779033214303,1,0,Montreal
C001982,0,1,0.9249655395492831,33.01293015315836,-31.054548232692852,1,1,Gaspesie-Iles-de-la-Madeleine
C002817,0,0,0.15320432030466188,27.316098807434383,-28.64909031640836,0,0,Montreal
C004311,0,1,0.9981343131179496,34.757563884013564,-29.85947586002373,1,0,Montreal
C005720,0,0,0.015226317942391035,28.130613287730753,-31.381358503296216,0,1,Gaspesie-Iles-de-la-Madeleine
C010579,0,0,0.0319293285770168,28.29524701858596,-30.955309343040422,0,1,Bas-Saint-Laurent
C009329,0,1,0.5139168524354153,31.380613287730753,-31.337199869566618,1,1,Cote-Nord
C008117,0,0,0.3801078151028421,29.37683134572397,-29.758160598434277,0,0,Montreal
C004536,0,1,0.9907789012495537,32.33683134572397,-28.69031731678028,1,0,Montreal
C002445,0,0,6.297867531456613e-05,23.709148211151575,-31.250623539689798,0,1,Gaspesie-Iles-de-la-Madeleine
C002441,0,0,0.2900893947908368,28.786831345723975,-29.484596877683064,0,0,Montreal
C004954,0,1,0.33240006224396784,29.065979556875547,-29.609682256529293,0,0,Capitale-Nationale
C001927,0,0,0.3178660998053273,29.086831345723972,-29.68218398127904,0,0,Montreal
C009664,0,0,0.032667705098515055,28.202930153158356,-30.844572759646283,0,1,Cote-Nord
C012140,0,0,0.039703624369881466,28.345979556875548,-30.82985158203878,0,1,Cote-Nord
C001607,0,1,0.9828409231335324,32.60378194200678,-29.447740497959416,1,0,Capitale-Nationale
C001032,0,0,0.6785030450233654,29.199148211151577,-28.616812051098478,0,0,Capitale-Nationale
C012008,0,1,0.9237086694465452,32.940613287730756,-30.996243268484122,1,1,Cote-Nord
C005317,0,1,0.5127495435271721,28.56146507657918,-28.52169471320569,0,0,Montreal
C010942,0,1,0.7188124501863016,29.416098807434384,-28.684317312922982,0,0,Capitale-Nationale
C003846,0,1,0.993128847726685,34.397563884013564,-30.519853248593122,1,0,Capitale-Nationale
C006242,0,0,0.003991175057251682,27.123781942006783,-31.427302938167788,0,1,Gaspesie-Iles-de-la-Madeleine
C013239,0,0,0.07110645717821663,27.40146507657918,-29.405073299432743,0,0,Montreal
C000688,0,0,0.03963230663660551,27.77219761486877,-30.257529284478537,0,0,Capitale-Nationale
C000021,0,1,0.7808826445680619,31.485247018585962,-30.494428904103813,1,0,Capitale-Nationale
C004091,0,1,0.9687674273927143,31.90451448029637,-29.22668900447706,1,0,Capitale-Nationale
C006210,0,1,0.9424211733059487,31.81451448029637,-29.6351052050214,1,0,Montreal
C009283,0,1,0.9042795116631962,31.38451448029637,-29.63360495464338,1,1,Gaspesie-Iles-de-la-Madeleine
C012466,0,0,0.47858548660274,29.126098807434385,-29.19292469527629,0,0,Capitale-Nationale
C007401,0,1,0.9972994170216485,33.54683134572397,-28.93774761520706,1,0,Montreal
C006363,0,1,0.6377036215249151,29.356098807434385,-28.91526483521998,0,0,Capitale-Nationale
C006299,0,1,0.9973219282955105,33.40219761486877,-28.7865699453084,1,0,Montreal
C004079,0,1,0.42415465713113765,29.61378194200678,-29.852158984401864,0,0,Montreal
C003330,0,0,0.5323906603795929,31.192197614868768,-31.09103985508302,1,1,Cote-Nord
C009693,0,1,0.9895084215278372,31.173781942006784,-27.628907095752872,1,0,Capitale-Nationale
C002855,0,0,0.008128279933599655,25.63451448029637,-29.380239363611537,0,0,Montreal
C004552,0,0,0.02543351736274219,28.779880749441162,-31.622498684202807,0,1,Bas-Saint-Laurent
C007161,0,1,0.9145667323843344,31.006098807434384,-29.15772374400747,1,0,Montreal
C007067,0,0,0.010323621752228384,27.810613287730753,-31.368202963530038,0,1,Bas-Saint-Laurent
C008759,0,1,0.7697467699262107,30.351465076579178,-29.410495573709433,1,0,Montreal
C004568,0,0,0.0004940115493776242,25.06524701858596,-31.00045116188033,0,1,Gaspesie-Iles-de-la-Madeleine
C002660,0,0,0.05427634053478138,27.321465076579177,-29.54965410809438,0,0,Montreal
C004197,0,1,0.8345871304445391,32.23988074944116,-30.977990786687837,1,1,Gaspesie-Iles-de-la-Madeleine
C012789,0,0,0.542243955940887,31.40524701858596,-31.273186827063835,1,1,Gaspesie-Iles-de-la-Madeleine
C012942,0,0,0.0009308675812908545,25.759148211151576,-31.200045285920652,0,1,Cote-Nord
C005589,0,0,0.4575152531868548,31.02219761486877,-31.155014186019134,1,1,Gaspesie-Iles-de-la-Madeleine
C003546,0,0,0.002332950616455465,24.796098807434383,-29.51956198792596,0,0,Capitale-Nationale
C006455,0,0,0.000500343944215733,25.87756388401356,-31.80283254563627,0,1,Cote-Nord
C009460,0,0,0.0003321701724573522,24.746831345723976,-30.991621673986277,0,1,Gaspesie-Iles-de-la-Madeleine
C006593,0,0,0.09072404703378964,27.473781942006784,-29.270785580872527,0,0,Montreal
C001271,0,0,0.6449582771867368,29.369148211151575,-28.90372400628225,0,0,Montreal
C012091,0,0,0.8045953814949833,29.918415672861986,-28.814974453619573,0,0,Capitale-Nationale
C004853,0,1,0.9737904094817755,33.80219761486877,-30.983635734702816,1,1,Bas-Saint-Laurent
C001636,0,0,0.00010198804410900349,24.57219761486877,-31.737795305560915,0,1,Cote-Nord
C010976,0,1,0.9851563555827509,31.88146507657918,-28.610571552389864,1,0,Montreal
C001008,0,0,5.614558611503492e-06,21.476831345723973,-30.903151352241984,0,1,Bas-Saint-Laurent
C007422,0,0,0.9134885950455369,33.62988074944116,-31.792202932513323,1,1,Cote-Nord
C001282,0,1,0.2921198888904573,29.996098807434386,-30.68619279889701,1,1,Cote-Nord
C003960,0,1,0.9550351439959401,30.783781942006783,-28.401214418428566,1,0,Montreal
C001738,0,0,0.21202030653837192,30.629880749441163,-31.653423828184156,1,1,Bas-Saint-Laurent
C006180,0,0,0.0011472755766650002,25.34219761486877,-30.61995269986491,0,1,Cote-Nord
C002828,0,0,0.062412823837981475,28.775979556875548,-30.888525591180766,0,1,Gaspesie-Iles-de-la-Madeleine
C003552,0,1,0.9412331323577556,31.18219761486877,-29.019695274552422,1,0,Montreal
C012582,0,1,0.9962110898618348,33.48683134572397,-29.1426035276247,1,0,Montreal
C010370,0,0,0.020847047811146456,25.623781942006783,-28.625102205992636,0,0,Montreal
C006448,0,0,0.06998532421732569,28.99219761486877,-31.00913726740142,0,1,Gaspesie-Iles-de-la-Madeleine
C008662,0,1,0.983793160189007,32.64219761486876,-29.440886721780213,1,0,Capitale-Nationale
C006992,0,0,0.7722984047543671,30.006098807434384,-29.053860622880087,1,0,Montreal
C007320,0,1,0.8817856005386472,32.45597955687555,-30.88927260034251,1,1,Gaspesie-Iles-de-la-Madeleine
C000893,0,0,0.1226290756862056,28.788415672861987,-30.322623392929902,0,0,Capitale-Nationale
C007168,0,0,0.00020233217115106148,24.459880749441165,-31.09128328670923,0,1,Bas-Saint-Laurent
C009775,0,1,0.6171055372603742,29.84683134572397,-29.4747099712395,0,0,Montreal
C013075,0,0,0.0004675621007942723,24.929880749441164,-30.908008203117035,0,1,Bas-Saint-Laurent
C004296,0,1,0.5660310245820236,30.01451448029637,-29.807375016470214,1,0,Capitale-Nationale
C000656,0,0,0.5054786838837524,31.77219761486877,-31.755110670928662,1,1,Cote-Nord
C001822,0,1,0.6476537715254136,32.17914821115158,-31.704530420830608,1,1,Cote-Nord
C007944,0,0,0.005850689678286922,27.14451448029637,-31.148375135410365,0,1,Cote-Nord
C010654,0,1,0.9830037618892682,32.2053662691448,-29.04176129947976,1,0,Montreal
C013942,0,1,0.7114206463520294,29.709148211151575,-29.005656895142465,0,0,Montreal
C003122,0,0,0.07367700411275381,28.637563884013563,-30.611323428865973,0,1,Gaspesie-Iles-de-la-Madeleine
C001278,0,1,0.6822704236233318,30.239148211151576,-29.643304606744568,1,0,Capitale-Nationale
C008348,0,1,0.3764410054759828,31.549148211151575,-31.94263361318477,1,1,Bas-Saint-Laurent
C007584,0,1,0.9773183748993682,32.41756388401356,-29.483465339777005,1,0,Montreal
C013474,0,0,0.018185968572896224,28.44829642230315,-31.558206038242794,0,1,Gaspesie-Iles-de-la-Madeleine
C004159,0,0,0.070755985572719,27.31146507657918,-29.319219775222777,0,0,Montreal
C009197,0,0,0.006272265273924077,25.61146507657918,-29.56074714109103,0,0,Montreal
C003675,0,0,0.021418391185289033,26.23451448029637,-29.214299258621022,0,0,Montreal
C006168,0,1,0.7317033941826236,29.516098807434386,-28.733869913668727,0,0,Montreal
C006978,0,1,0.26492747204524036,28.768415672861984,-29.564079018233365,0,0,Capitale-Nationale
C001433,0,0,0.7638050776484555,32.217563884013565,-31.302500216705983,1,1,Cote-Nord
C004904,0,0,0.023721275481307764,27.712197614868767,-30.610523686829257,0,1,Gaspesie-Iles-de-la-Madeleine
C006972,0,1,0.9010798650492927,30.891465076579177,-29.168955070547337,1,0,Montreal
C003068,0,0,0.05913586651418959,27.539148211151577,-29.696464567105227,0,0,Montreal
C013833,0,1,0.9970846608947304,32.564514480296374,-28.015257814572006,1,0,Montreal
C008962,0,0,0.004072189442954026,25.846098807434384,-30.13388882801087,0,0,Montreal
C009929,0,0,0.4858594577116484,31.00451448029637,-31.048626065079052,1,1,Cote-Nord
C002478,0,0,0.10383690627461499,28.646831345723974,-30.327254671374984,0,0,Capitale-Nationale
C012438,0,0,0.07949533548080646,27.20451448029637,-29.114100540351906,0,0,Montreal
C007043,0,0,0.0005711725093836998,23.696098807434385,-29.51808740311811,0,0,Montreal
C012098,0,0,0.11674120748376622,27.95378194200678,-29.53156772356803,0,0,Montreal
C010652,0,1,0.30755930609940446,29.409148211151578,-30.041892966911984,0,0,Montreal
C008843,0,1,0.9558729549376691,31.406831345723973,-29.008915849937097,1,0,Montreal
C002608,0,1,0.7702767215258426,31.04378194200678,-30.100479281237345,1,0,Capitale-Nationale
C002110,0,0,0.016281678249128205,26.43219761486877,-29.629857194954905,0,0,Montreal
C012092,0,0,0.012674883079012596,26.238415672861986,-29.634172151379136,0,0,Montreal
C013187,0,1,0.9743694143288445,33.462197614868764,-30.62575524084179,1,1,Bas-Saint-Laurent
C012243,0,0,0.00019815120943514502,22.368415672861985,-29.01610123982254,0,0,Capitale-Nationale
C003627,0,0,0.010639983569857998,27.970613287730753,-31.50441990511718,0,1,Gaspesie-Iles-de-la-Madeleine
C009356,0,0,0.16952499248593775,29.399148211151577,-30.63804174047999,0,0,Montreal
C012494,0,0,0.016337003121693887,26.823781942006782,-30.018752857312723,0,0,Montreal
C007536,0,0,0.018727825376158126,28.157563884013562,-31.244151925553307,0,1,Gaspesie-Iles-de-la-Madeleine
C005841,0,1,0.8552908839255244,31.13219761486877,-29.74694559942707,1,0,Capitale-Nationale
C002979,0,0,0.5432588256433,29.49451448029637,-29.359265924879494,0,0,Capitale-Nationale
C013222,0,0,0.17909844351623536,27.85756388401356,-29.044586056225754,0,0,Montreal
C003867,0,0,0.01617245540720402,27.802930153158357,-31.005924199471615,0,1,Cote-Nord
C013801,0,0,9.581300955387534e-05,24.369148211151575,-31.58344665210442,0,1,Bas-Saint-Laurent
C009984,0,0,0.012838886602593412,27.910613287730754,-31.29621660895913,0,1,Cote-Nord
C001260,0,0,0.0017745340258417913,25.91683134572397,-30.85404534091121,0,1,Gaspesie-Iles-de-la-Madeleine
C005922,0,0,0.000757477708960709,23.919880749441162,-29.52162096915889,0,0,Montreal
C011484,0,0,0.09445866432673157,29.844514480296368,-31.60685744381485,0,1,Bas-Saint-Laurent
C010552,0,0,0.016850179319096017,28.576831345723974,-31.747281276392947,0,1,Cote-Nord
C005512,0,0,0.020293917662354836,25.68378194200678,-28.706508725910517,0,0,Montreal
C012097,0,0,0.05213426484946875,29.213662691447947,-31.475009882474037,0,1,Cote-Nord
C012086,0,0,0.06578928497383386,29.82597955687555,-31.894634898040973,0,1,Bas-Saint-Laurent
C006866,0,0,0.0008156682902274278,25.962930153158357,-31.506918747009593,0,1,Gaspesie-Iles-de-la-Madeleine
C001860,0,0,0.4757993542740919,30.103781942006783,-30.179315024264646,1,0,Montreal
C011594,0,1,0.9663598467037798,33.59988074944116,-30.98189271090424,1,1,Gaspesie-Iles-de-la-Madeleine
C001534,0,0,0.00039459157612895245,25.838415672861984,-31.94889516119015,0,1,Bas-Saint-Laurent
C002775,0,0,0.006424241326118678,27.742930153158355,-31.673426919126207,0,1,Bas-Saint-Laurent
C003059,0,1,0.9993658676189059,35.12219761486877,-29.381785455090675,1,0,Capitale-Nationale
C001837,0,0,0.0880122467004349,27.268415672861984,-29.09140135344994,0,0,Montreal
C007066,0,1,0.8320579985883214,30.86146507657918,-29.613772202624936,1,0,Montreal
C004367,0,1,0.9900848475107874,35.29293015315836,-31.70354308448457,1,1,Gaspesie-Iles-de-la-Madeleine
C012254,0,0,0.01173822234210901,27.04451448029637,-30.50086704240871,0,1,Bas-Saint-Laurent
C000132,0,0,3.5583968191622864e-05,23.71756388401356,-31.704174891074647,0,1,Gaspesie-Iles-de-la-Madeleine
C008070,0,1,0.9506496392767831,31.419148211151576,-29.11272826237669,1,0,Montreal
C003157,0,0,0.0010074736609543159,25.746831345723976,-31.12600912870024,0,1,Cote-Nord
C005147,0,1,0.9991091453084573,35.397563884013564,-29.922380236475384,1,0,Capitale-Nationale
C001184,0,0,0.01308659567316491,27.953662691447946,-31.324170935482346,0,1,Gaspesie-Iles-de-la-Madeleine
C001161,0,0,0.02315791112196967,25.88451448029637,-28.802030393444053,0,0,Capitale-Nationale
C002857,0,0,0.21639143914399583,28.90304940371719,-29.906344736146096,0,0,Montreal
C008752,0,1,0.9091560277019815,31.629148211151577,-29.8332773510393,1,0,Montreal
C007712,0,0,0.21113157702186586,27.762197614868768,-28.789894581255165,0,0,Capitale-Nationale
C010708,0,1,0.7979255422699449,28.993781942006784,-27.922999605190114,0,0,Montreal
C012622,0,0,0.2144871287420869,27.580732538289592,-28.592812012301575,0,0,Capitale-Nationale
C013708,0,0,0.0005823647282984208,25.463781942006783,-31.270631804594828,0,1,Bas-Saint-Laurent
C006199,0,0,0.18205648833106527,29.250613287730754,-30.422048833961632,0,1,Cote-Nord
C009756,0,1,0.9990343223937193,33.812197614868765,-28.399951730422117,1,0,Capitale-Nationale
C003214,0,1,0.9952273293926319,33.62524701858596,-29.461758849487055,1,0,Capitale-Nationale
C004178,0,1,0.838219825939303,30.24219761486877,-28.95960791090937,1,0,Capitale-Nationale
C003831,0,1,0.8883496356410026,30.889148211151575,-29.272118134210903,1,0,Montreal
C005711,0,1,0.9891429227612636,33.47378194200678,-29.95589436005077,1,0,Montreal
C011870,0,1,0.42066262916570296,30.789148211151577,-31.038684554684885,1,1,Bas-Saint-Laurent
C012424,0,0,0.03951896117320559,26.586098807434386,-29.073755483464968,0,0,Montreal
C009298,0,0,0.23947885631743893,31.10524701858596,-32.00618584800482,1,1,Bas-Saint-Laurent
C002969,0,0,0.7844442787971104,30.29451448029637,-29.28737110755749,1,0,Montreal
C004598,0,0,0.008053773625074676,28.94524701858596,-32.698210115776355,0,1,Bas-Saint-Laurent
C004497,0,0,0.33797516975757974,29.359148211151577,-29.883344180937584,0,0,Capitale-Nationale
C012717,0,1,0.9917584890587426,33.70914821115157,-29.974298575777226,1,0,Montreal
C008753,0,0,0.019130189241678558,27.116831345723973,-30.186525969567754,0,1,Gaspesie-Iles-de-la-Madeleine
C005223,0,0,0.01722492338752526,25.916098807434384,-29.06910182280582,0,0,Montreal
C010899,0,1,0.9977614085938953,34.32219761486877,-29.566470469600816,1,0,Montreal
C013084,0,1,0.9774204073000115,32.076831345723974,-29.139136180869755,1,0,Montreal
C008539,0,1,0.8452790351932388,32.54366269144795,-31.219749234477174,1,1,Gaspesie-Iles-de-la-Madeleine
C004699,0,0,0.01181938729800541,27.56219761486877,-31.013113598720647,0,1,Gaspesie-Iles-de-la-Madeleine
C004058,0,0,0.7487963160021229,30.950613287730754,-30.099055537253665,1,1,Cote-Nord
C007414,0,0,0.37200401841274794,28.979880749441165,-29.388138616163356,0,0,Capitale-Nationale
C008128,0,0,0.0029310155582540505,25.623781942006783,-30.168845115551434,0,1,Bas-Saint-Laurent
C002373,0,0,0.060779939690743,27.549148211151575,-29.683720728092666,0,0,Montreal
C011325,0,1,0.9561443440190752,31.723781942006784,-29.320835202563604,1,0,Capitale-Nationale
C001074,0,0,0.07238791250135979,29.400613287730753,-31.38921934930333,0,1,Cote-Nord
C002254,0,1,0.9560619292646421,32.87524701858596,-30.473831287768967,1,1,Cote-Nord
C000865,0,0,0.2668554747342536,29.422197614868768,-30.21015981705404,0,0,Montreal
C006689,0,0,0.001141556990577263,24.313781942006784,-29.59543746711709,0,0,Capitale-Nationale
C005460,0,1,0.2622611863989405,31.46756388401356,-32.27393667816736,1,1,Cote-Nord
C003219,0,0,0.00020884433146704714,24.825247018585962,-31.431945789360885,0,1,Gaspesie-Iles-de-la-Madeleine
C001974,0,0,0.20811645646149432,30.255247018585962,-31.297132819228374,1,1,Gaspesie-Iles-de-la-Madeleine
C007009,0,0,0.13172521554202973,27.79378194200678,-29.264075821850536,0,0,Montreal
C006389,0,0,0.02598514128201727,26.976098807434383,-29.801545931079044,0,0,Montreal
C004105,0,0,0.0014686466908178709,24.7376831345724,-29.822646835520523,0,0,Capitale-Nationale
C013892,0,0,0.8775237798517976,31.058415672861987,-29.523099676001358,1,0,Capitale-Nationale
C013923,0,0,0.16250503301251748,28.52524701858596,-29.80367668121284,0,0,Capitale-Nationale
C002198,0,0,0.12092304123916854,29.260613287730756,-30.8072586381125,0,1,Cote-Nord
C007632,0,1,0.9391058437707624,32.949880749441164,-30.81686681863328,1,1,Bas-Saint-Laurent
C011034,0,1,0.7863240205673392,29.816831345723976,-28.80099301935741,0,0,Montreal
C013488,0,1,0.400209061013724,29.54378194200678,-29.859231788294434,0,1,Bas-Saint-Laurent
C006740,0,1,0.954946432487311,31.148415672861987,-28.767457276158197,1,0,Montreal
C003720,0,1,0.849538907373841,32.785247018585956,-31.435646801382283,1,1,Gaspesie-Iles-de-la-Madeleine
C005498,0,1,0.9787734883159409,31.976098807434383,-28.9891449154047,1,0,Montreal
C009851,0,0,0.006020030457368772,27.279148211151576,-31.26062990505025,0,1,Gaspesie-Iles-de-la-Madeleine
C001613,0,0,0.046762679732453835,26.309148211151577,-28.659680283677265,0,0,Montreal
C012104,0,0,0.0006891504086373446,25.532930153158354,-31.208429439036543,0,1,Gaspesie-Iles-de-la-Madeleine
C010343,0,0,0.6705556400718875,30.53073253828959,-29.976621747040856,1,0,Capitale-Nationale
C013349,0,0,0.0003381519754721218,24.27524701858596,-30.506117116553256,0,1,Gaspesie-Iles-de-la-Madeleine
C001329,0,1,0.8564661969788345,31.48683134572397,-30.094150411352942,1,0,Capitale-Nationale
C011859,0,1,0.9912601950485342,33.97756388401356,-30.28887596279416,1,0,Montreal
C010927,0,0,0.08351652255127656,27.352197614868768,-29.219896556280126,0,0,Montreal
C012771,0,0,0.00341621141428327,27.116831345723973,-31.542082694183698,0,1,Gaspesie-Iles-de-la-Madeleine
C012891,0,0,0.027286908280798255,26.599880749441162,-29.386173207274773,0,0,Montreal
C013132,0,1,0.8977746864066126,30.126098807434385,-28.43207894628571,1,0,Montreal
C001136,0,1,0.9525751137330821,32.47146507657918,-30.13243828747884,1,0,Capitale-Nationale
C010613,0,0,0.00018524428534954585,22.929148211151578,-29.62935851670088,0,0,Montreal
C011697,0,0,0.002356413788274156,25.546098807434383,-30.261741450358507,0,0,Montreal
C001810,0,0,0.004780076715871218,24.61146507657918,-28.77373850950797,0,0,Montreal
C000151,0,0,0.015467766414408167,26.441465076579178,-29.67975264045303,0,0,Capitale-Nationale
C001989,0,0,0.00019076479926457957,25.512930153158354,-32.1902404944509,0,1,Bas-Saint-Laurent
C010595,0,0,0.06519000574493282,28.66451448029637,-30.740804417813777,0,1,Bas-Saint-Laurent
C001191,0,1,0.977678784441814,33.01451448029637,-30.067640078279045,1,0,Montreal
C002584,0,0,0.23818306223015148,28.573781942006782,-29.480278225337372,0,0,Montreal
C009706,0,0,0.2837539909041341,30.59683134572397,-31.31874024705648,1,1,Bas-Saint-Laurent
C012543,0,0,0.00043736014792316317,25.513781942006784,-31.543995555427365,0,1,Gaspesie-Iles-de-la-Madeleine
C009902,0,1,0.32814580972336216,28.94683134572397,-29.505529778785842,0,0,Capitale-Nationale
C011987,0,1,0.9920031756434193,33.15146507657918,-29.392924487866747,1,0,Montreal
C005472,0,0,0.13371386548112896,29.119148211151575,-30.57597165162632,0,1,Gaspesie-Iles-de-la-Madeleine
C009745,0,1,0.06040485950743052,29.208296422303153,-31.348006582915847,0,1,Bas-Saint-Laurent
C000500,0,1,0.92491736610436,32.58756388401356,-30.629722972061224,1,1,Cote-Nord
C003862,0,1,0.45723196768495455,29.479148211151575,-29.61285472721555,0,0,Montreal
C009604,0,1,0.9985297804330202,34.326831345723974,-29.24270342898116,1,0,Montreal
C012010,0,0,0.1397833190773778,27.769148211151577,-29.185879255000643,0,0,Montreal
C003139,0,1,0.9999763235854114,37.10683134572397,-28.802561197339337,1,0,Montreal
C001445,0,0,0.09719074746755428,30.510613287730756,-32.24836949739378,1,1,Bas-Saint-Laurent
C007999,0,1,0.8185318089870339,30.829148211151576,-29.654628592327825,1,0,Montreal
C009870,0,1,0.8686538114430687,30.421465076579178,-28.94858426150804,1,0,Capitale-Nationale
C003192,0,0,0.002890590346038928,27.430613287730754,-31.986536296347975,0,1,Bas-Saint-Laurent
C002495,0,0,0.012057738294441896,27.03756388401356,-30.47272531772608,0,1,Cote-Nord
C010894,0,0,0.03764058637539603,28.22524701858596,-30.752395101827915,0,1,Gaspesie-Iles-de-la-Madeleine
C009076,0,0,0.0007497457637788928,23.059880749441163,-28.669626370529752,0,0,Capitale-Nationale
C009484,0,0,0.3284208585365732,28.54146507657918,-29.09919101858944,0,0,Montreal
C006318,0,1,0.5978260141267546,30.661465076579177,-30.352392249338152,1,1,Cote-Nord
C008972,0,0,0.0036971708973381682,24.979880749441165,-29.343290470264893,0,0,Capitale-Nationale
C007311,0,0,6.589120647486765e-05,21.091465076579176,-28.59769018245717,0,0,Capitale-Nationale
C006413,0,1,0.7139081994546125,30.129880749441163,-29.416918108902625,1,0,Capitale-Nationale
C002235,0,0,0.004487761568335288,27.67451448029637,-31.88621604782977,0,1,Gaspesie-Iles-de-la-Madeleine
C001495,0,0,0.0010560503719708805,25.662930153158356,-31.00535535632716,0,1,Gaspesie-Iles-de-la-Madeleine
C013190,0,1,0.9472539329915111,30.762197614868768,-28.510450081644404,1,0,Capitale-Nationale
C010318,0,0,0.025240583540556975,26.569148211151575,-29.417857455582435,0,0,Capitale-Nationale
C005055,0,0,0.5703338132841366,32.05293015315836,-31.83211731748522,1,1,Bas-Saint-Laurent
C002042,0,0,0.08304890883808444,29.12451448029637,-30.99698881083181,0,1,Bas-Saint-Laurent
C001901,0,0,0.0006441539670070391,26.133781942006785,-31.861961026882824,0,1,Gaspesie-Iles-de-la-Madeleine
C004741,0,0,0.007079775204805203,26.066098807434383,-29.92032545172954,0,0,Capitale-Nationale
C004841,0,1,0.792469169256094,30.549880749441165,-29.505221537248044,1,0,Montreal
C011631,0,1,0.999513211491102,34.86451448029637,-28.917820834660134,1,0,Montreal
C013065,0,0,0.29332287044986133,28.867563884013563,-29.553127593464456,0,0,Montreal
C013267,0,1,0.13169309767114043,29.872197614868767,-31.342710460537884,0,1,Bas-Saint-Laurent
C011931,0,0,0.10682211379812248,29.238415672861986,-30.894138928587868,0,1,Bas-Saint-Laurent
C013238,0,1,0.7840083381897329,31.82219761486877,-30.817062864627434,1,1,Cote-Nord
C002538,0,0,0.0035868363525037956,26.426831345723976,-30.81394932211878,0,1,Gaspesie-Iles-de-la-Madeleine
C009840,0,0,0.0022093092719520013,24.749148211151578,-29.515164082493037,0,0,Capitale-Nationale
C004738,0,1,0.3343386619370335,28.49219761486877,-29.029099062274145,0,0,Montreal
C001221,0,0,0.09929478664310668,29.11146507657918,-30.830703487094837,0,1,Bas-Saint-Laurent
C007863,0,1,0.5697193580146422,30.927563884013562,-30.708705677606133,1,1,Gaspesie-Iles-de-la-Madeleine
C001930,0,1,0.9783490166099197,33.61683134572397,-30.645653057260052,1,0,Capitale-Nationale
C011863,0,1,0.9247903078622794,31.56146507657918,-29.60504955494234,1,0,Capitale-Nationale
C007623,0,0,0.26092841368911796,27.783781942006783,-28.595534258821857,0,0,Capitale-Nationale
C001729,0,1,0.9207597879248623,33.049148211151575,-31.136839881986997,1,1,Cote-Nord
C008414,0,1,0.41405672513283714,32.03146507657918,-32.30218206787647,1,1,Gaspesie-Iles-de-la-Madeleine
C000967,0,1,0.8704595035584448,31.87829642230315,-30.393003636923567,1,1,Gaspesie-Iles-de-la-Madeleine
C011959,0,0,0.00506409401081913,27.097563884013564,-31.214613283981656,0,1,Bas-Saint-Laurent
C013774,0,0,0.011406490881701484,26.06146507657918,-29.54043074092033,0,0,Capitale-Nationale
C007006,0,1,0.9091143888721586,31.549880749441165,-29.754402882667577,1,0,Capitale-Nationale
C009605,0,1,0.9975959786102385,34.05914821115157,-29.359137757779312,1,0,Montreal
C001539,0,1,0.13721139547124797,27.48683134572397,-28.920369054430637,0,0,Montreal
C002134,0,0,0.19082301337108262,27.45378194200678,-28.580148695963867,0,0,Montreal
C003555,0,0,0.03084364452779558,25.899148211151577,-28.58705654470511,0,0,Montreal
C001668,0,0,0.024512772538879384,28.098296422303154,-30.970399838626545,0,1,Cote-Nord
C005021,0,0,3.069976056057748e-05,23.929880749441164,-32.03160630401298,0,1,Bas-Saint-Laurent
C002862,0,1,0.9925598355922134,34.94597955687555,-31.1307471794369,1,1,Gaspesie-Iles-de-la-Madeleine
C002784,0,0,0.04729756551550143,27.622197614868767,-29.96342458811908,0,0,Montreal
C006129,0,0,0.017271667856342404,27.267563884013562,-30.41841683593643,0,0,Montreal
C005051,0,0,0.0002188170929062172,24.840613287730754,-31.41093498771307,0,1,Cote-Nord
C006027,0,1,0.7243292613213188,29.766098807434386,-29.012907342827916,0,0,Capitale-Nationale
C010189,0,0,0.004808842874162358,26.039880749441163,-30.197453710315774,0,1,Gaspesie-Iles-de-la-Madeleine
C013493,0,1,0.35158025047201247,28.926831345723976,-29.404067501463963,0,0,Montreal
C008253,0,1,0.9329407273611126,33.189880749441166,-31.137193250790844,1,1,Gaspesie-Iles-de-la-Madeleine
C001805,0,0,0.2920376444947013,28.149148211151577,-28.839552324324355,0,0,Montreal
C000045,0,0,0.0032756702153510903,25.04073253828959,-29.498847505876082,0,0,Capitale-Nationale
C005208,0,0,0.01804231095628574,26.36451448029637,-29.48072152045851,0,0,Capitale-Nationale
C010866,0,1,0.986527887508059,34.96988074944117,-31.622313542230092,1,1,Gaspesie-Iles-de-la-Madeleine
C009025,0,0,0.0003092060872466092,24.23073253828959,-30.531395863163496,0,0,Montreal
C002195,0,1,0.4849703230687683,29.04451448029637,-29.09140135344994,0,0,Montreal
C013098,0,1,0.33795126142592186,28.446098807434385,-28.97037808939995,0,0,Montreal
C013215,0,0,0.014738602599550541,26.05073253828959,-29.32724617907651,0,0,Montreal
C003680,0,0,0.032349341119361136,28.27524701858596,-30.924781744960086,0,1,Gaspesie-Iles-de-la-Madeleine
C002573,0,1,0.9762096783785993,34.76451448029637,-31.86850966081762,1,1,Cote-Nord
C000325,0,1,0.9702358827286287,31.77146507657918,-29.05491133411454,1,0,Capitale-Nationale
C003404,0,0,0.0024135737611226775,25.58451448029637,-30.2814255907632,0,1,Cote-Nord
C012387,0,0,0.039141316384954127,26.63146507657918,-29.126914629853214,0,0,Capitale-Nationale
C007381,0,1,0.9774306829137496,33.08378194200678,-30.145723684384123,1,0,Montreal
C006111,0,0,0.058613302405312644,26.713049403717193,-28.877718981770357,0,0,Montreal
C005182,0,0,0.0025830293400964073,25.526098807434384,-30.169973483383707,0,0,Montreal
C006744,0,1,0.8521997415965737,30.439880749441162,-29.07393087694022,1,0,Capitale-Nationale
C005067,0,0,0.24526459209653723,28.038415672861987,-28.914787770437922,0,0,Montreal
C004554,0,0,0.4515770009909684,29.148415672861987,-29.29990630376773,0,0,Capitale-Nationale
C002531,0,1,0.9700045564951805,32.314514480296374,-29.60418280667602,1,0,Capitale-Nationale
C010249,0,1,0.9993794280867861,34.00219761486877,-28.244921342033916,1,0,Capitale-Nationale
C012887,0,0,0.0025575813495739433,24.499148211151578,-29.150762171366978,0,0,Capitale-Nationale
C012670,0,0,0.0017197565813673722,23.839148211151578,-28.800851625062123,0,0,Montreal
C001856,0,0,0.28652640814138564,29.88451448029637,-30.595818821832104,0,1,Bas-Saint-Laurent
C011319,0,1,0.8667317141917844,31.21073253828959,-29.75090571129502,1,0,Capitale-Nationale
C002210,0,1,0.46981321382389724,29.87683134572397,-29.9710888956911,0,0,Capitale-Nationale
C002066,0,1,0.8103204584796776,30.867563884013563,-29.735410050192506,1,0,Montreal
C001351,0,1,0.9487898529855536,31.782197614868767,-29.50614648699952,1,0,Montreal
C002593,0,1,0.9993819645018641,35.88146507657918,-30.120993610889176,1,0,Capitale-Nationale
C010190,0,1,0.9775830904938625,32.49988074944117,-29.556418065828336,1,0,Montreal
C013467,0,1,0.9891884964880767,35.13451448029637,-31.61331134184183,1,1,Gaspesie-Iles-de-la-Madeleine
C002662,0,0,0.003997375820067268,26.017563884013562,-30.31986965672668,0,1,Gaspesie-Iles-de-la-Madeleine
C013564,0,0,7.526861283447733e-07,19.258296422303154,-30.251343486584723,0,1,Gaspesie-Iles-de-la-Madeleine
C009277,0,1,0.2047437193178099,27.776098807434384,-28.834037115713095,0,0,Montreal
C011377,0,0,0.09358001163852195,27.711465076579177,-29.481850608641146,0,0,Montreal
C013166,0,0,0.010557738316851637,28.339880749441164,-31.879802306481007,0,1,Cote-Nord
C000379,0,0,0.04771880804887469,28.512930153158354,-30.846899142545347,0,1,Bas-Saint-Laurent
C002579,0,0,0.3555360544863007,30.460613287730755,-30.92435488638659,1,1,Gaspesie-Iles-de-la-Madeleine
C001220,0,0,0.003416693407089376,26.31219761486877,-30.737338590481038,0,1,Cote-Nord
C009977,0,1,0.926598704220221,31.852197614868768,-29.875282953041136,1,0,Montreal
C007936,0,0,0.04622746222891701,28.637563884013563,-30.99750869089849,0,1,Gaspesie-Iles-de-la-Madeleine
C003115,0,0,0.036958993508854364,27.86146507657918,-30.403412760508207,0,1,Gaspesie-Iles-de-la-Madeleine
C011779,0,0,0.3377165683286157,29.269148211151577,-29.79424546980977,0,0,Montreal
C006240,0,1,0.24682817696298484,31.11146507657918,-31.981265564465264,1,1,Cote-Nord
C004553,0,0,0.012134822154653549,27.91683134572397,-31.346963459940124,0,1,Bas-Saint-Laurent
C004833,0,0,0.4226226474344988,29.686098807434384,-29.929368568844335,0,0,Capitale-Nationale
C000949,0,0,0.006126105495112227,25.746831345723976,-29.714611406103806,0,0,Montreal
C011597,0,1,0.9725495916124549,31.95451448029637,-29.17301084019409,1,0,Montreal
C000173,0,0,0.001454626951807331,26.003781942006782,-31.096235090828714,0,1,Bas-Saint-Laurent
C013585,0,0,0.12867488945318867,29.38219761486877,-30.87349268201948,0,1,Gaspesie-Iles-de-la-Madeleine
C003920,0,1,0.8399572736647091,31.365366269144793,-30.072743552824136,1,0,Montreal
C011035,0,0,0.06682611593587316,27.969148211151577,-30.024746075670276,0,0,Montreal
C002233,0,0,0.010518661638336807,27.069880749441165,-30.612724193675994,0,1,Gaspesie-Iles-de-la-Madeleine
C011602,0,1,0.9646007406190704,34.63829642230315,-32.061469114156395,1,1,Cote-Nord
C007442,0,0,0.7172968538414056,29.089148211151578,-28.363203488128068,0,0,Montreal
C000781,0,0,0.006447610856625915,25.782197614868767,-29.709844974980008,0,0,Capitale-Nationale
C012460,0,1,0.653709247605479,29.642197614868767,-29.14680787767658,0,0,Montreal
C002716,0,0,0.0002674885232182896,24.629880749441163,-31.04357521731938,0,1,Bas-Saint-Laurent
C003133,0,0,0.8977412207453663,31.231465076579177,-29.537729479126114,1,0,Capitale-Nationale
C001965,0,1,0.954777756598362,31.559148211151577,-29.18124109550576,1,0,Montreal
C011983,0,0,0.0015443783592808322,24.859148211151577,-29.904850884391116,0,0,Montreal
C010685,0,1,0.9300938677910568,32.64061328773076,-30.62272451177538,1,1,Gaspesie-Iles-de-la-Madeleine
C006776,0,0,0.5268612341813532,28.833781942006784,-28.74992962590501,0,0,Montreal
C001919,0,0,7.117648197718883e-05,23.763781942006784,-31.209845576763442,0,1,Cote-Nord
C005064,0,0,0.06457066519193692,28.828296422303154,-30.912545444119715,0,1,Gaspesie-Iles-de-la-Madeleine
C005717,0,0,0.007857149902155029,25.286098807434385,-29.058487398255977,0,0,Montreal
C012084,0,1,0.2576355534428894,30.632930153158355,-31.45805037459708,1,1,Bas-Saint-Laurent
C006138,0,1,0.9586258245585109,30.966831345723975,-28.516450480344332,1,0,Montreal
C003335,0,0,0.06313189261834608,27.749148211151578,-29.85216470120352,0,1,Bas-Saint-Laurent
C013265,0,1,0.9943548330523431,33.4176831345724,-29.385780491211285,1,0,Montreal
C006177,0,0,0.21149834958135133,27.789148211151577,-28.815129349144385,0,0,Capitale-Nationale
C011981,0,0,0.5701957353157328,28.718415672861987,-28.498042133614756,0,0,Capitale-Nationale
C003765,0,1,0.8882158191465441,30.949148211151577,-29.333169488114553,1,0,Montreal
C008416,0,0,0.028276876411187004,27.163781942006782,-29.921495128806093,0,0,Montreal
C001836,0,0,0.0790252712900587,27.48756388401356,-29.402171941908616,0,0,Montreal
C000782,0,1,0.8568787736581297,32.07061328773075,-30.67531253413857,1,1,Bas-Saint-Laurent
C003823,0,0,0.002229664562862066,25.046831345723973,-29.805680776189323,0,0,Montreal
C010252,0,1,0.7182843574244779,30.216831345723975,-29.487085774198622,1,0,Montreal
C013275,0,0,0.016370629158382485,26.41219761486877,-29.605538751655587,0,0,Montreal
C009421,0,1,0.781881528818384,31.12683134572397,-30.13145414978188,1,1,Cote-Nord
C008278,0,0,1.105763004548736e-05,22.70451448029637,-31.602402940126566,0,1,Cote-Nord
C005287,0,0,0.6806239898944634,31.419880749441162,-30.829950611331263,1,1,Gaspesie-Iles-de-la-Madeleine
C006331,0,0,0.4423462828666924,28.45683134572397,-28.63743811692215,0,0,Montreal
C011346,0,1,0.5208616315708932,29.95146507657918,-29.88636653747213,1,0,Montreal
C011260,0,0,0.12439082914319181,30.749880749441164,-32.271399877307665,1,1,Cote-Nord
C007348,0,1,0.9994121478794885,34.439148211151576,-28.63961475452988,1,0,Montreal
C002986,0,0,0.8711365047277352,30.231465076579177,-28.741480762060608,1,0,Montreal
C010074,0,0,0.002548416809791008,25.089148211151578,-29.7435681309911,0,0,Montreal
C013825,0,1,0.42800918411663624,29.693781942006783,-29.91986928524275,0,0,Capitale-Nationale
C010561,0,0,0.2292870080001919,27.999880749441164,-28.945106964894244,0,0,Capitale-Nationale
C002690,0,1,0.997625796546889,32.96914821115158,-28.25938345518535,1,0,Montreal
C008303,0,1,0.8826728046430158,31.499148211151578,-29.92578366390915,1,0,Montreal
C002432,0,1,0.964839014222292,34.03988074944117,-31.457595146453396,1,1,Cote-Nord
C009954,0,0,0.0007394496269703369,25.12756388401356,-30.748098818435633,0,1,Bas-Saint-Laurent
C012295,0,0,0.13528973138427836,28.229880749441165,-29.676149630905403,0,0,Montreal
C004451,0,0,0.0002214229493242231,24.32451448029637,-30.885604040020485,0,1,Bas-Saint-Laurent
C011135,0,0,0.21529578177197728,27.208415672861985,-28.216758134323616,0,0,Montreal
C007904,0,0,0.001048265068881002,24.529148211151576,-29.8773485823339,0,0,Montreal
C007756,0,0,0.5628798058041218,31.27219761486877,-31.075051904531602,1,1,Bas-Saint-Laurent
C001637,0,1,0.977498846182197,33.911465076579184,-30.970994146878702,1,0,Montreal
C003109,0,0,0.6288924479006495,29.61219761486877,-29.200946421218276,0,0,Montreal
C009199,0,1,0.9997320986389341,35.756831345723974,-29.34433960323275,1,0,Montreal
C000493,0,1,0.47748042596398177,29.259880749441162,-29.330159633841625,0,0,Montreal
C012081,0,1,0.08618255055813878,28.069880749441165,-29.91080858966734,0,0,Capitale-Nationale
C001503,0,0,0.0017742183270750718,26.16756388401356,-31.104916845423695,0,1,Cote-Nord
C004184,0,1,0.9597405255392112,33.15829642230315,-30.685715489906606,1,1,Bas-Saint-Laurent
C011643,0,1,0.2434455166249181,28.781465076579178,-29.66551828363057,0,0,Capitale-Nationale
C001350,0,0,0.003981046249826663,26.671345826020346,-30.97685591285186,0,1,Gaspesie-Iles-de-la-Madeleine
C011379,0,0,0.0063813530510131,26.46829642230315,-30.404049375979394,0,1,Bas-Saint-Laurent
C004529,0,1,0.9999937443903257,38.11756388401356,-28.775538883949594,1,0,Montreal
C007678,0,0,0.022195225887688366,28.348296422303154,-31.29968451958117,0,1,Gaspesie-Iles-de-la-Madeleine
C001824,0,0,0.09224702609230856,28.016831345723972,-29.799548362831697,0,0,Montreal
C004631,0,1,0.9084854504665778,31.43304940371719,-29.64348792918624,1,0,Capitale-Nationale
C008037,0,1,0.9958971261647724,33.63914821115157,-29.35723508703227,1,0,Montreal
C010381,0,0,0.0037863105717240767,23.95219761486877,-28.296962581611915,0,0,Montreal
C004756,0,1,0.9994096837666235,35.326831345723974,-29.53056114071645,1,0,Montreal
C000634,0,1,0.886795630737477,32.22061328773076,-30.615725298651977,1,0,Montreal
C012666,0,0,0.28988856008620695,29.066098807434383,-29.764624845966804,0,0,Montreal
C008080,0,0,0.021984325363157312,25.959880749441165,-28.91888089217827,0,0,Capitale-Nationale
C011903,0,0,0.009270412625889339,27.41756388401356,-31.05988058815361,0,1,Gaspesie-Iles-de-la-Madeleine
C003149,0,0,0.21900432018521415,27.658415672861985,-28.64974894804624,0,0,Capitale-Nationale
C012470,0,1,0.30539596864748975,28.95451448029637,-29.59519478812522,0,0,Capitale-Nationale
C009080,0,0,0.859933247291955,32.00219761486877,-30.587302815713816,1,1,Bas-Saint-Laurent
C003981,0,1,0.9997240229870261,36.06146507657918,-29.672134829887124,1,0,Montreal
C006581,0,0,0.022430435331566995,28.296098807434383,-31.23908041121291,0,1,Cote-Nord
C000469,0,0,0.09480781876232508,27.079148211151576,-28.838313857809318,0,0,Capitale-Nationale
C001112,0,1,0.9863863322917175,32.75524701858596,-29.41594116087196,1,0,Montreal
C000211,0,1,0.48038220593752257,29.439148211151576,-29.500361250767714,0,0,Montreal
C011866,0,0,0.00657582631223337,26.319148211151575,-30.231342787525534,0,0,Capitale-Nationale
C012981,0,0,0.0010290948362714806,23.216098807434385,-28.57870440390981,0,0,Montreal
C001216,0,1,0.7842145751931973,30.559148211151577,-29.55306357816297,1,0,Montreal
C005546,0,0,0.1522494231183579,30.161465076579177,-31.50021005364692,1,1,Gaspesie-Iles-de-la-Madeleine
C011153,0,1,0.39106134699618145,30.939880749441162,-31.285159976953885,1,1,Gaspesie-Iles-de-la-Madeleine
C008890,0,0,0.6016570182573145,31.35756388401356,-31.036048165127095,1,1,Bas-Saint-Laurent
C001243,0,0,0.3264732023106227,31.802197614868767,-32.366818909680966,1,1,Cote-Nord
C003962,0,0,0.09213476154736931,27.366098807434383,-29.149861678121944,0,0,Montreal
C012038,0,1,0.9828803578213321,33.897563884013564,-30.73969727198517,1,1,Gaspesie-Iles-de-la-Madeleine
C013521,0,1,0.3001661645585949,30.975979556875547,-31.63597538705042,1,1,Cote-Nord
C002793,0,0,0.35425337451142414,29.03756388401356,-29.505673650512843,0,0,Montreal
C001878,0,1,0.9017214323077593,30.911465076579177,-29.183326962454792,1,0,Montreal
C009284,0,0,0.013172431461461347,26.089880749441164,-29.455223974662022,0,0,Montreal
C001005,0,1,0.9997480402167784,35.795247018585954,-29.33491058329595,1,0,Montreal
C001745,0,0,0.13967099775133357,29.869148211151575,-31.28660779932829,0,1,Bas-Saint-Laurent
C007273,0,1,0.7497254776813146,32.17902896059274,-31.323615118716912,1,1,Gaspesie-Iles-de-la-Madeleine
C001979,0,1,0.1163994295946202,29.04524701858596,-30.62562038766514,0,1,Cote-Nord
C013266,0,0,0.1440264118634584,29.59219761486877,-30.981758731452352,0,1,Cote-Nord
C000533,0,0,0.7474432477218936,32.27914821115157,-31.433188888755872,1,1,Cote-Nord
C008045,0,0,0.006801348498245457,25.911465076579177,-29.797191654924642,0,0,Capitale-Nationale
C011276,0,1,0.9227498788950143,31.347563884013564,-29.413741000265276,1,0,Capitale-Nationale
C011792,0,0,1.3109088456580762e-05,21.208415672861985,-29.973614350814607,0,0,Capitale-Nationale
C004994,0,1,0.9969375981156389,34.01451448029637,-29.5037430211865,1,0,Capitale-Nationale
C012736,0,0,0.09334842048030048,27.699148211151577,-29.471664837356965,0,0,Montreal
C002626,0,0,3.943410470279948e-05,23.30451448029637,-31.21102244234797,0,1,Cote-Nord
C012506,0,1,0.9447307840662262,31.713781942006783,-29.50054547833348,1,0,Montreal
C008186,0,0,0.19590294858673393,27.629148211151577,-28.730120568478156,0,0,Montreal
C009316,0,1,0.8249834105709025,30.949880749441164,-29.741016175452643,1,0,Montreal
C000366,0,0,0.009424056727821404,25.69683134572397,-29.326211104125388,0,0,Montreal
C004486,0,1,0.8920672851483433,30.16451448029637,-28.517825462173803,1,0,Montreal
C005993,0,0,9.827583957568278e-05,22.823781942006782,-30.0182906431115,0,0,Montreal
C005603,0,0,0.654146662891161,30.53451448029637,-30.03761776009795,1,1,Gaspesie-Iles-de-la-Madeleine
C004655,0,1,0.9964503701108299,34.146831345723974,-29.75155445627934,1,0,Montreal
C011259,0,1,0.9989267850448974,36.20756388401357,-30.877722609883644,1,1,Gaspesie-Iles-de-la-Madeleine
C008766,0,0,0.009655886825006895,27.200613287730754,-30.810862924902658,0,1,Bas-Saint-Laurent
C012219,0,0,0.004226211414358455,25.16451448029637,-29.42323855660181,0,0,Montreal
C000363,0,0,0.030968038223721833,25.516831345723972,-28.201501482983964,0,0,Montreal
C013401,0,1,0.9806752070311386,32.019148211151574,-28.95749948795508,1,0,Capitale-Nationale
C001547,0,1,0.9101635588953438,31.592930153158356,-29.787500274613308,1,0,Montreal
C009924,0,0,0.14921947600498225,29.80451448029637,-31.161713957608,0,1,Cote-Nord
C000777,0,0,0.0035622975429831006,26.569880749441165,-30.96237025240451,0,1,Bas-Saint-Laurent
C004782,0,0,0.1961073321456612,27.38304940371719,-28.483010563433165,0,0,Capitale-Nationale
C010886,0,1,0.9179077970339117,32.52524701858596,-30.642925872652295,1,0,Capitale-Nationale
C004970,0,0,0.11833671831287929,29.60524701858596,-31.171039490681267,0,1,Cote-Nord
C010861,0,1,0.6066735753521664,29.52378194200678,-29.185911191226452,0,0,Montreal
C004710,0,1,0.8025108132738447,32.38524701858596,-31.2921018447398,1,1,Bas-Saint-Laurent
C013878,0,1,0.9998450073109378,36.00219761486877,-29.162950547481138,1,0,Montreal
C003299,0,0,0.03919678923075058,27.056098807434385,-29.55039914582403,0,0,Montreal
C010195,0,0,0.00933470109113697,27.997563884013562,-31.634441799613867,0,1,Bas-Saint-Laurent
C011369,0,1,0.42731868363974357,29.713781942006783,-29.942068770713124,0,0,Montreal
C011303,0,1,0.9947950033961183,33.69451448029637,-29.598972610442416,1,0,Capitale-Nationale
C003566,0,0,0.14330858495355409,30.110613287730754,-31.504723555115987,1,1,Gaspesie-Iles-de-la-Madeleine
C012291,0,1,0.9731467387153654,32.78914821115158,-29.990018119475778,1,0,Montreal
C008190,0,0,0.11200574049770817,28.61451448029637,-30.228754895442133,0,1,Cote-Nord
C000938,0,1,0.9592281433760234,31.608415672861987,-29.14611134087582,1,0,Montreal
C013160,0,0,0.0001837334258360386,25.04219761486877,-31.748794190509635,0,1,Gaspesie-Iles-de-la-Madeleine
C008511,0,0,0.016105768848027172,28.79451448029637,-32.00078296151566,0,1,Cote-Nord
C007526,0,1,0.6235204694291249,29.661465076579177,-29.268107633657817,0,0,Capitale-Nationale
C006313,0,0,0.0029396327615255407,25.57451448029637,-30.117282044264265,0,1,Gaspesie-Iles-de-la-Madeleine
C003667,0,0,0.0012546293289448676,24.969148211151577,-30.177077938438806,0,0,Montreal
C001361,0,0,0.34055480367843727,29.452930153158356,-29.96815381719213,0,0,Montreal
C000727,0,1,0.8967729666909221,30.739148211151576,-29.053601677302012,1,0,Montreal
C009911,0,0,0.0008887397217289261,24.62683134572397,-30.103869851504285,0,0,Capitale-Nationale
C012057,0,0,0.00014774324168499706,23.587563884013562,-30.464164380005528,0,1,Bas-Saint-Laurent
C005876,0,0,0.23698934137541447,29.958296422303153,-30.869930802827103,1,1,Bas-Saint-Laurent
C007690,0,0,0.010434772574105524,27.992930153158355,-31.542082694183694,0,1,Cote-Nord
C006020,0,1,0.7135214016865815,31.21451448029637,-30.50302778820718,1,0,Montreal
C002375,0,1,0.13977648462393064,28.19451448029637,-29.61128984011465,0,0,Montreal
C007597,0,0,0.0007669257296656812,25.266831345723972,-30.85889951853924,0,1,Gaspesie-Iles-de-la-Madeleine
C010510,0,0,0.054465512937012156,27.659880749441164,-29.885201105483105,0,0,Montreal
C000482,0,1,0.8237366695461407,30.58451448029637,-29.38236339537177,1,0,Capitale-Nationale
C004514,0,0,0.011634884764479951,27.39524701858596,-30.85857532727277,0,1,Cote-Nord
C002756,0,0,0.0007217787989763849,25.59683134572397,-31.236238289198766,0,1,Bas-Saint-Laurent
C012251,0,1,0.9903406968506677,31.516831345723972,-27.90686020234034,1,0,Capitale-Nationale
C002664,0,0,0.004279879989835281,24.80683134572397,-29.05567472577126,0,0,Montreal
C011334,0,1,0.4876444930655221,28.636098807434383,-28.674639521828112,0,0,Montreal
C009704,0,0,0.01728268444169417,27.732197614868767,-30.882544679240063,0,1,Gaspesie-Iles-de-la-Madeleine
C012056,0,0,0.28556267368356447,28.22146507657918,-28.93644870536591,0,0,Montreal
C003766,0,1,0.8742738619151486,31.86219761486877,-30.35019338142343,1,1,Gaspesie-Iles-de-la-Madeleine
C011740,0,0,0.0036495760258226867,25.441465076579178,-29.81501414869112,0,0,Capitale-Nationale
C001733,0,1,0.998851181631211,34.05841567286198,-28.781709544360453,1,0,Capitale-Nationale
C000071,0,0,0.4501869620484555,28.386831345723976,-28.542699308404824,0,0,Montreal
C004329,0,1,0.17731363765094538,28.036098807434385,-29.232623075589345,0,0,Montreal
C009490,0,0,0.0001530624837603233,22.769148211151577,-29.61816738869451,0,0,Montreal
C001364,0,1,0.9991935582295418,35.11451448029637,-29.561649106936496,1,0,Montreal
C003507,0,0,0.0055290424551001525,26.576831345723974,-30.625030573776595,0,1,Cote-Nord
C000048,0,1,0.9993672698116013,34.691465076579185,-28.949325908878006,1,0,Montreal
C012380,0,0,0.00849675756797217,26.153781942006784,-29.864650228663184,0,0,Capitale-Nationale
C002677,0,0,0.03772441939685314,29.20146507657918,-31.726810690229943,0,1,Gaspesie-Iles-de-la-Madeleine
C000959,0,1,0.9765896530390838,32.25146507657918,-29.342603578178863,1,0,Montreal
C009269,0,1,0.7144033454989807,30.36219761486877,-29.647343842528628,1,0,Capitale-Nationale
C008159,0,1,0.3013618881853753,28.93219761486877,-29.58776049979198,0,0,Montreal
C009090,0,0,0.0004829940548817838,25.98597955687555,-31.938777399620186,0,1,Gaspesie-Iles-de-la-Madeleine
C004286,0,1,0.55934314409312,29.11451448029637,-28.928565800751183,0,0,Montreal
C004524,0,1,0.9625635959781085,31.598415672861986,-29.066861332995078,1,0,Capitale-Nationale
C013870,0,0,0.007784208843691459,25.29219761486877,-29.071915316889825,0,0,Montreal
C013002,0,1,0.9842630414734478,33.066098807434386,-29.841476657403323,1,0,Montreal
C007858,0,1,0.20226537936238742,27.78451448029637,-28.85437395035985,0,0,Montreal
C010172,0,1,0.0687101256531414,28.445979556875546,-30.47832487003395,0,1,Bas-Saint-Laurent
C000244,0,0,0.0009490407178264553,25.39756388401356,-30.82337211633392,0,1,Gaspesie-Iles-de-la-Madeleine
C009532,0,1,0.7959022312571555,31.31451448029637,-30.25347945197657,1,0,Montreal
C002188,0,0,0.020268936043083524,28.95451448029637,-31.978221502282413,0,1,Cote-Nord
C008760,0,0,0.047347634497678454,27.27146507657918,-29.611826155052974,0,0,Capitale-Nationale
C009409,0,0,0.04665963167009351,28.909880749441164,-31.262217109105226,0,1,Gaspesie-Iles-de-la-Madeleine
C005486,0,0,0.00948090324761872,26.866831345723973,-30.491477467946886,0,1,Cote-Nord
C002031,0,0,0.9430371712152801,33.34683134572397,-31.158526505016276,1,1,Bas-Saint-Laurent
C013967,0,0,0.09274458091785254,30.332930153158355,-32.111025680441,1,1,Cote-Nord
C000123,0,0,0.0002525775836096798,24.01451448029637,-30.47294103856026,0,0,Capitale-Nationale
C013749,0,0,0.003313735772547984,24.593781942006782,-29.042859067520755,0,0,Montreal
C002951,0,0,0.03466929506641717,29.03451448029637,-31.62817715286877,0,1,Bas-Saint-Laurent
C010925,0,0,9.335459879665411e-05,21.422197614868768,-28.65676419964631,0,0,Capitale-Nationale
C010645,0,0,0.2404203188165971,28.696098807434385,-29.59301276706922,0,0,Montreal
C009178,0,0,0.2665090385031649,29.99451448029637,-30.783857854642616,1,1,Cote-Nord
C000316,0,0,0.1879504721900905,28.18073253828959,-29.321688126849395,0,0,Montreal
C004028,0,0,0.03506644960703479,27.79378194200678,-30.378243029994014,0,0,Capitale-Nationale
C004719,0,1,0.8526972250364051,31.371465076579177,-30.00243146276317,1,0,Montreal
C001532,0,0,4.538502190529936e-05,21.398415672861987,-29.19533553557136,0,0,Capitale-Nationale
C005134,0,1,0.926492620459616,32.43146507657918,-30.455765692318224,1,0,Montreal
C001256,0,1,0.992482805551857,33.55829642230315,-29.75115518927398,1,0,Capitale-Nationale
C002624,0,0,0.603170346625547,31.36146507657918,-31.035023088941198,1,1,Gaspesie-Iles-de-la-Madeleine
C003677,0,1,0.831992901119651,31.302197614868767,-30.05486789822173,1,1,Gaspesie-Iles-de-la-Madeleine
C003945,0,0,0.06369137764016802,27.499148211151578,-29.59481983020898,0,0,Montreal
C007149,0,1,0.6803329358028141,30.176098807434386,-29.587212355639636,1,0,Capitale-Nationale
C006147,0,0,0.14188171519944803,28.30073253828959,-29.703942096414405,0,0,Capitale-Nationale
C011491,0,0,0.6120135992361461,29.54378194200678,-29.188420701008514,0,0,Montreal
C005748,0,1,0.6697615167250455,31.720613287730753,-31.169303515938207,1,1,Bas-Saint-Laurent
C000516,0,0,0.03100305444226361,27.009148211151576,-29.69290908303402,0,0,Capitale-Nationale
C011805,0,0,0.2175966910215873,29.199148211151577,-30.196912888448917,0,1,Gaspesie-Iles-de-la-Madeleine
C008952,0,0,0.030780940866330535,26.639880749441165,-29.329426170573853,0,0,Montreal
C003754,0,0,0.27674273508862884,30.277563884013563,-31.026574583948893,1,1,Gaspesie-Iles-de-la-Madeleine
C005495,0,0,0.024780075042966972,25.799148211151575,-28.662581969479874,0,0,Capitale-Nationale
C008692,0,0,0.041851069259514206,27.04378194200678,-29.484839481667386,0,0,Montreal
C005920,0,0,0.0672606124579942,27.001465076579176,-29.051646908806532,0,0,Montreal
C002725,0,1,0.9080985450692566,33.32219761486877,-31.536257598161207,1,1,Gaspesie-Iles-de-la-Madeleine
C003452,0,1,0.03356452025690335,28.072930153158357,-30.692734113558288,0,1,Cote-Nord
C012852,0,0,0.16971058832371463,28.46451448029637,-29.70238063316676,0,0,Montreal
C007516,0,1,0.8218160610280935,32.842197614868766,-31.650316039758852,1,1,Gaspesie-Iles-de-la-Madeleine
C003998,0,0,0.000619202300510219,24.318415672861985,-30.07741566055158,0,0,Montreal
C002393,0,0,0.0031910382156157663,26.443781942006783,-30.922371881604505,0,1,Bas-Saint-Laurent
C012224,0,0,0.15501002986850285,30.243781942006784,-31.565973427374086,1,1,Bas-Saint-Laurent
C010360,0,0,0.002234256330138473,25.066831345723976,-29.824073188330296,0,0,Montreal
C009958,0,0,0.2189191102075552,29.87451448029637,-30.86623622837869,0,1,Bas-Saint-Laurent
C011837,0,1,0.9889600520915678,32.537563884013565,-29.032843422210103,1,0,Capitale-Nationale
C002681,0,0,0.06138714295509523,29.121465076579177,-31.247782973706087,0,1,Gaspesie-Iles-de-la-Madeleine
C000138,0,0,0.6442910159074884,29.336098807434386,-28.872945578789544,0,0,Montreal
C012549,0,1,0.9879882813045188,31.871465076579177,-28.433285942223517,1,0,Montreal
C009094,0,1,0.9995129575366921,36.96988074944117,-31.023593944582945,1,1,Cote-Nord
C006629,0,0,0.1138537881531401,27.753781942006782,-29.353638805705867,0,0,Capitale-Nationale
C003374,0,0,0.010604160076244082,28.639880749441165,-32.17634507732621,0,1,Cote-Nord
C008959,0,1,0.3345006125539357,30.49524701858596,-31.031581181226542,1,1,Gaspesie-Iles-de-la-Madeleine
C011471,0,0,0.7228334057860674,32.05756388401356,-31.31020346609845,1,1,Cote-Nord
C009505,0,0,0.17272768503576305,27.626098807434385,-28.8473875232051,0,0,Montreal
C007440,0,0,0.45240729429862614,30.263662691447948,-30.412539808845843,1,1,Bas-Saint-Laurent
C010812,0,0,0.005691629758188541,27.11219761486877,-31.137672980484467,0,1,Gaspesie-Iles-de-la-Madeleine
C001483,0,1,0.9727096594052752,32.13134582602034,-29.345154184808905,1,0,Montreal
C010395,0,0,0.0035890212780071156,27.309148211151577,-31.695789685656205,0,1,Bas-Saint-Laurent
C001468,0,0,0.0020972632406965922,26.47524701858596,-31.281929640038168,0,1,Gaspesie-Iles-de-la-Madeleine
C008192,0,0,0.2540434345835663,28.93451448029637,-29.774345383394877,0,0,Montreal
C007120,0,0,0.011424224214022378,25.189148211151576,-28.66688870130208,0,0,Montreal
C009982,0,0,0.009125204097733904,28.157563884013562,-31.812303989747914,0,1,Bas-Saint-Laurent
C001397,0,0,0.2412800838415071,28.636831345723976,-29.530079103112495,0,0,Capitale-Nationale
C000406,0,0,0.0036359864063964424,24.63219761486877,-29.008665931106048,0,0,Montreal
C007519,0,1,0.8455439841149851,30.28451448029637,-28.959020402450534,1,0,Montreal
C004273,0,1,0.8714776454887679,30.579880749441163,-29.08752441297645,1,0,Montreal
C004151,0,1,0.8880412911640911,32.591465076579176,-30.97685591285186,1,1,Cote-Nord
C013619,0,0,0.03939097819789358,29.25756388401356,-31.747853517873683,0,1,Gaspesie-Iles-de-la-Madeleine
C002355,0,0,0.01781479802372878,27.995979556875547,-31.122261345954833,0,1,Cote-Nord
C011765,0,1,0.9989639061414172,34.97683134572397,-29.619515908622386,1,0,Montreal
C003338,0,0,0.5331726967788336,29.059148211151577,-28.955541000738787,0,0,Capitale-Nationale
C008018,0,1,0.5105281290306728,29.513781942006784,-29.480943226214354,0,0,Montreal
C006185,0,1,0.6815597563755914,30.609148211151577,-30.015859094630517,1,0,Montreal
C002945,0,0,0.15048580676302617,29.85671209516514,-31.206161575533557,0,1,Gaspesie-Iles-de-la-Madeleine
C009872,0,1,0.6358423856890674,31.98683134572397,-31.552271454772406,1,1,Gaspesie-Iles-de-la-Madeleine
C003073,0,1,0.8076689089731446,30.25451448029637,-29.135739691418628,1,0,Capitale-Nationale
C011270,0,1,0.9718709494313444,32.09914821115157,-29.337229774615395,1,0,Montreal
C007621,0,0,0.00022253859394407547,24.18378194200678,-30.740952110406116,0,1,Bas-Saint-Laurent
C005903,0,0,0.001729887139638812,24.75219761486877,-29.709313794895966,0,0,Montreal
C003101,0,0,0.02654561929863668,28.646831345723974,-31.455191654827985,0,1,Cote-Nord
C003926,0,0,0.1857453265840307,28.27378194200678,-29.426053511074507,0,0,Capitale-Nationale
C006350,0,0,0.038631640560748665,27.189880749441162,-29.695962853988235,0,0,Montreal
C005213,0,1,0.9955627151529619,33.79609880743438,-29.575538571919058,1,0,Montreal
C002999,0,1,0.9562518241657594,31.96451448029637,-29.559566965811445,1,0,Montreal
C011155,0,0,0.06352291166165557,27.310732538289592,-29.408609414470064,0,0,Capitale-Nationale
C007975,0,0,0.018436062187455193,26.24146507657918,-29.340527092466136,0,0,Montreal
C006916,0,1,0.9669332577544358,33.89293015315836,-31.2610752352521,1,1,Cote-Nord
C004399,0,0,0.124220994856502,30.719880749441163,-32.24261632099102,1,1,Cote-Nord
C009173,0,0,0.0023998641483202014,26.27451448029637,-30.975877622439143,0,1,Gaspesie-Iles-de-la-Madeleine
C001014,0,0,0.3615387954358115,30.98451448029637,-31.427906182403,1,1,Gaspesie-Iles-de-la-Madeleine
C000188,0,0,0.0007707519963971914,23.908415672861985,-29.49660068269337,0,0,Montreal
C012577,0,0,3.091225416321723e-05,22.86378194200678,-30.96012930430522,0,1,Cote-Nord
C013741,0,1,0.9983189872134278,34.592197614868766,-29.612698151471086,1,0,Montreal
C002211,0,0,0.00212701573856417,27.07756388401356,-31.873240314550586,0,1,Bas-Saint-Laurent
C010162,0,1,0.5157074195711732,31.617563884013563,-31.568561349527013,1,1,Gaspesie-Iles-de-la-Madeleine
C003151,0,0,0.042628617679241934,28.051465076579177,-30.47753712782267,0,0,Capitale-Nationale
C004816,0,1,0.9248373174690302,30.598415672861986,-28.641473036631893,1,0,Montreal
C008626,0,0,0.01072262983720709,26.59683134572397,-30.124540129563407,0,0,Montreal
C008823,0,0,0.10992353711691531,28.12756388401356,-29.758260956957947,0,0,Montreal
C012080,0,0,0.07577687121450045,28.759148211151576,-30.709227742634823,0,1,Bas-Saint-Laurent
C006752,0,0,0.039876989359982434,27.716098807434385,-30.19643306366931,0,0,Montreal
C003306,0,0,0.04181671959316463,28.326831345723974,-30.76855702038807,0,1,Bas-Saint-Laurent
C002174,0,0,0.004797059710752851,27.310613287730753,-31.47010825856642,0,1,Cote-Nord
C004930,0,0,3.532834080753039e-05,22.840613287730754,-30.832845685909575,0,1,Gaspesie-Iles-de-la-Madeleine
C007280,0,1,0.8302652162280361,30.266831345723972,-29.029099062274142,1,0,Montreal
C006936,0,0,0.028998686568527002,26.546831345723973,-29.284312685865945,0,0,Montreal
C009611,0,0,0.0031284774217951675,24.936831345723974,-29.430907590497355,0,0,Capitale-Nationale
C013560,0,0,0.000966470778671199,26.300613287730755,-31.712218423565133,0,1,Cote-Nord
C013121,0,0,0.01568191078121277,28.15524701858596,-31.38264483249361,0,1,Bas-Saint-Laurent
C000026,0,1,0.6846124615881201,30.82073253828959,-30.216448770966377,1,0,Montreal
C001886,0,0,0.002648146197376751,27.20683134572397,-31.83124369712552,0,1,Gaspesie-Iles-de-la-Madeleine
C009979,0,1,0.9973526616498484,35.66829642230315,-31.043645555880534,1,1,Gaspesie-Iles-de-la-Madeleine
C001720,0,1,0.9885616622835688,31.926831345723976,-28.450064597503726,1,0,Montreal
C009524,0,0,0.1754911011869885,30.015979556875546,-31.222284542526534,1,1,Gaspesie-Iles-de-la-Madeleine
C002818,0,0,0.0009884247882688203,24.138415672861985,-29.532491127785764,0,0,Montreal
C002224,0,1,0.5332004961427531,29.859148211151577,-29.75545391980109,0,0,Montreal
C005141,0,0,0.0983549399605459,29.68378194200678,-31.411248372202813,0,1,Bas-Saint-Laurent
C006295,0,1,0.9048959335836092,33.187563884013564,-31.431085896239516,1,1,Gaspesie-Iles-de-la-Madeleine
C013031,0,0,0.48452709186401294,29.22451448029637,-29.272784936987446,0,0,Montreal
C008881,0,1,0.6087202983868019,29.949880749441164,-29.605316366089948,1,0,Capitale-Nationale
C005356,0,0,0.7534428506255022,30.199148211151577,-29.328210630535388,1,0,Montreal
C004812,0,0,0.003942351174018704,27.68219761486877,-31.99535331689768,0,1,Gaspesie-Iles-de-la-Madeleine
C013274,0,0,0.03872953930879082,29.529880749441162,-32.03391014521197,0,1,Gaspesie-Iles-de-la-Madeleine
C005854,0,1,0.6847070539669413,29.95451448029637,-29.34988911701026,1,0,Montreal
C010046,0,1,0.9443301622343946,30.859148211151577,-28.651873538369095,1,0,Montreal
C000145,0,1,0.3507880086751074,29.02451448029637,-29.50446152870048,0,0,Montreal
C010016,0,0,0.012844394611154993,26.398415672861987,-29.783680229465745,0,0,Capitale-Nationale
C006154,0,0,0.003430303165439277,27.090613287730754,-31.512644115706234,0,1,Gaspesie-Iles-de-la-Madeleine
C006497,0,0,0.01900500132128785,28.560613287730753,-31.635526339952403,0,1,Bas-Saint-Laurent
C007749,0,1,0.67853762177064,30.94451448029637,-30.36205473160744,1,0,Montreal
C011763,0,1,0.6751050482584768,30.179148211151578,-29.60892382851425,1,0,Montreal
C009673,0,1,0.917733112550394,30.873781942006783,-28.993266488569137,1,0,Montreal
C001559,0,0,0.004062168339269971,25.156098807434383,-29.445817699231647,0,0,Capitale-Nationale
C013244,0,0,0.0011258821395964142,24.84073253828959,-30.13318021695236,0,0,Capitale-Nationale
C003377,0,0,0.017031509666459124,26.351465076579178,-29.513425731505784,0,0,Montreal
C000613,0,0,0.007585315847049372,27.61219761486877,-31.412251723955073,0,1,Bas-Saint-Laurent
C007563,0,0,0.038389741526936444,26.47146507657918,-28.982640730426866,0,0,Montreal
C013680,0,0,0.18964444047493578,29.129148211151577,-30.261480112330702,0,0,Montreal
C001762,0,0,0.009990359912413734,27.05524701858596,-30.638683302411593,0,1,Cote-Nord
C003166,0,0,0.012533335247026345,26.11219761486877,-29.516821875955973,0,0,Capitale-Nationale
C000952,0,1,0.6918097201448808,31.029880749441162,-30.399444671815218,1,1,Gaspesie-Iles-de-la-Madeleine
C011132,0,0,0.6236822539891815,30.212930153158357,-29.819035316305897,1,0,Montreal
C003530,0,0,0.002698367929160996,26.169880749441162,-30.77960596827014,0,1,Bas-Saint-Laurent
C008285,0,0,0.002901114729179809,27.840613287730754,-32.39369451316541,0,1,Bas-Saint-Laurent
C009152,0,1,0.999925875514076,36.60146507657918,-29.187045449266584,1,0,Capitale-Nationale
C009472,0,0,6.838652923771873e-06,22.296831345723973,-31.56937781893371,0,1,Cote-Nord
C008162,0,0,0.013334508919269789,28.00756388401356,-31.3632442974076,0,1,Bas-Saint-Laurent
C001452,0,0,0.007631066326909218,27.017563884013562,-30.812893631311784,0,1,Bas-Saint-Laurent
C004547,0,1,0.8855854933238924,31.962930153158357,-30.367397162134267,1,1,Cote-Nord
C002350,0,1,0.9991895379133735,34.16524701858596,-28.616261977609852,1,0,Capitale-Nationale
C007651,0,0,0.003490893524657863,26.02683134572397,-30.435163463065003,0,1,Cote-Nord
C010970,0,0,0.0003712795313395863,23.20683134572397,-29.364807806103048,0,0,Montreal
C007398,0,0,0.03888307922209428,27.539880749441163,-30.040700778362027,0,0,Montreal
C004623,0,0,0.00019102255702590105,24.436831345723974,-31.11308872195345,0,1,Gaspesie-Iles-de-la-Madeleine
C003325,0,1,0.8787903917208687,32.75524701858596,-31.210701370544164,1,1,Gaspesie-Iles-de-la-Madeleine
C001318,0,1,0.4256505538364844,29.046831345723973,-29.280435492330074,0,0,Montreal
C001521,0,0,0.06446028733516604,29.751345826020344,-31.837020758510896,0,1,Bas-Saint-Laurent
C001052,0,0,0.05594829529630155,29.44451448029637,-31.64766906962664,0,1,Cote-Nord
C002336,0,1,0.14521748445246063,28.431465076579176,-29.81351932465677,0,0,Capitale-Nationale
C012692,0,1,0.7210347821171794,31.485247018585962,-30.744872252615522,1,1,Bas-Saint-Laurent
C013725,0,0,0.0038205269665450956,24.906098807434383,-29.243822864828903,0,0,Capitale-Nationale
C000538,0,0,0.04158792138102182,29.469880749441163,-31.9160702144773,0,1,Gaspesie-Iles-de-la-Madeleine
C013705,0,0,0.005597809185776269,27.101465076579178,-31.13997315577768,0,1,Cote-Nord
C006498,0,1,0.7110372938329426,30.299880749441165,-29.59784471184925,1,0,Montreal
C007284,0,1,0.48546592136838096,29.353049403717193,-29.398389312328266,0,0,Montreal
C011462,0,0,0.14103406631645007,27.979880749441165,-29.38853206418535,0,0,Capitale-Nationale
C012832,0,0,0.0005766550289184867,23.49146507657918,-29.3060012587938,0,0,Montreal
C003479,0,0,0.013239440612010217,27.692197614868768,-31.053531710513642,0,1,Bas-Saint-Laurent
C012117,0,1,0.5318105373390084,30.026098807434384,-29.926757753880203,1,0,Montreal
C006338,0,1,0.9117766285475131,32.82293015315836,-31.00199302789031,1,1,Cote-Nord
C005256,0,0,0.074112511643731,29.040613287730753,-31.00941109673259,0,1,Gaspesie-Iles-de-la-Madeleine
C000869,0,1,0.9429501229820166,33.203662691447946,-31.016620372277288,1,1,Bas-Saint-Laurent
C001471,0,1,0.997631034003316,33.023781942006785,-28.312291253080225,1,0,Montreal
C010365,0,1,0.9987718433535191,35.282930153158354,-30.058352683565108,1,0,Montreal
C008979,0,1,0.7470718348559916,30.496098807434386,-29.65167275727036,1,0,Montreal
C007507,0,1,0.978311597330015,31.788415672861987,-28.818613541587304,1,0,Montreal
C006604,0,1,0.9981064608192118,34.36683134572397,-29.48031851848324,1,0,Capitale-Nationale
C006792,0,1,0.44065221151855943,31.33451448029637,-31.520477851165598,1,1,Gaspesie-Iles-de-la-Madeleine
C001981,0,0,0.01061535699048807,26.56146507657918,-30.097097763165298,0,0,Capitale-Nationale
C007383,0,0,0.7170580887305009,29.422197614868768,-28.697170676992982,0,0,Montreal
C008317,0,0,0.0008405818251690945,24.59219761486877,-30.112709201334532,0,1,Cote-Nord
C003883,0,0,0.009770598688604278,26.922197614868768,-30.523149051720907,0,1,Gaspesie-Iles-de-la-Madeleine
C009523,0,0,0.0026996017217685805,25.77524701858596,-30.384614860705252,0,1,Cote-Nord
C009137,0,0,0.7203552276611017,29.82219761486877,-29.084454964697084,0,0,Montreal
C000177,0,0,0.05036589945671495,27.549148211151575,-29.838853517235524,0,0,Capitale-Nationale
C011182,0,0,0.024076017753276113,26.52524701858596,-29.411716405513133,0,0,Montreal
C005962,0,0,0.04977122633832496,27.069148211151575,-29.36860198925857,0,0,Montreal
C009635,0,1,0.9981556413123752,33.99146507657918,-29.084396009684692,1,0,Capitale-Nationale
C010646,0,0,0.04717201619899198,28.751465076579176,-31.09486714111333,0,1,Cote-Nord
C009493,0,0,0.0003866250164938895,25.919880749441162,-32.04626857717759,0,1,Cote-Nord
C010799,0,0,0.006419555607712047,26.873662691447947,-30.804732018118813,0,1,Gaspesie-Iles-de-la-Madeleine
C001206,0,0,0.5460830747036428,28.946098807434385,-28.801971428962762,0,0,Capitale-Nationale
C007732,0,1,0.44632981475788275,29.36146507657918,-29.529492522230278,0,0,Capitale-Nationale
C011353,0,0,0.014749037156899986,26.249148211151578,-29.525101803433113,0,0,Montreal
C007393,0,1,0.977101552812623,32.74841567286199,-29.821907877070572,1,0,Montreal
C011729,0,0,0.0509810386459705,28.518296422303152,-30.798031778315973,0,1,Cote-Nord
C003469,0,0,0.004343559707538056,26.773662691447946,-31.010941066143964,0,1,Gaspesie-Iles-de-la-Madeleine
C008553,0,0,0.25271173901996946,28.233781942006782,-29.07910126447712,0,0,Montreal
C007705,0,0,0.06515282104797328,27.399148211151577,-29.475914016023076,0,0,Montreal
C009280,0,1,0.848740893764338,33.21988074944117,-31.87513753447043,1,1,Gaspesie-Iles-de-la-Madeleine
C001333,0,0,0.17985279853088718,29.586831345723972,-30.769859682770832,0,1,Gaspesie-Iles-de-la-Madeleine
C001173,0,1,0.9999684076507416,37.079880749441166,-29.000501327343528,1,0,Montreal
C011788,1,0,0.19472231358644387,30.113850208556943,-31.252512936018945,1,1,Bas-Saint-Laurent
C001411,1,0,0.08949295992091658,29.647371195328432,-31.50810216663216,0,1,Cote-Nord
C007883,1,1,0.9995073771437872,36.67178436419985,-30.563619205819652,1,1,Gaspesie-Iles-de-la-Madeleine
C006548,1,0,0.00036901540235858156,24.945023870814104,-31.285017570637937,0,1,Bas-Saint-Laurent
C004180,1,0,0.0020853840901131526,26.189437039685526,-31.13892994763707,0,1,Bas-Saint-Laurent
C009788,1,1,0.9947050203429677,33.89619753307127,-29.696684582853113,1,0,Montreal
C001739,1,1,0.9928726499562512,35.07178436419985,-31.11211690696984,1,1,Bas-Saint-Laurent
C007014,1,0,2.8340045905292293e-05,22.711784364199854,-31.110675653399227,0,1,Bas-Saint-Laurent
C010155,1,1,0.997918505226469,34.30061070194269,-29.349617336994008,1,0,Montreal
C006652,1,0,0.520177968859819,31.857371195328433,-31.79259750942688,1,1,Bas-Saint-Laurent
C010284,1,1,0.26347522361809933,28.769718519842762,-29.594257899935666,0,0,Capitale-Nationale
C005384,1,1,0.6471281900497611,31.197371195328436,-30.710949693560323,1,0,Montreal
C005490,1,1,0.9620025617086256,32.03413168871418,-29.442166392210865,1,0,Capitale-Nationale
C002128,1,0,0.0026792191134693837,26.387371195328434,-31.135404110202483,0,1,Bas-Saint-Laurent
C000757,1,0,0.27942110423167876,29.057652675485674,-29.817504295122724,0,0,Montreal
C007799,1,1,0.932497394665414,33.30295802645702,-31.19689980729502,1,1,Cote-Nord
C006918,1,0,0.012224017532931631,25.445305350971342,-28.96814471110257,0,0,Capitale-Nationale
C013337,1,0,0.0075752795538785115,27.862958026457015,-31.773375311022306,0,1,Gaspesie-Iles-de-la-Madeleine
C008067,1,0,0.21319735260977174,30.291784364199852,-31.33912590176975,1,1,Cote-Nord
C002672,1,0,0.06834642945098121,27.005305350971344,-29.100672904735085,0,0,Montreal
C004827,1,0,0.00028085506600612547,25.11737119532843,-31.67640698062625,0,1,Cote-Nord
C003632,1,1,0.9964204525003114,33.408544857585596,-28.893611813869814,1,0,Montreal
C007604,1,1,0.12473945266544503,28.290892182099928,-29.85360735787368,0,0,Montreal
C010200,1,1,0.9727260682980585,32.235305350971345,-29.368484292948963,1,0,Montreal
C006817,1,1,0.4757695893265243,30.529437039685526,-30.607238245361472,1,1,Bas-Saint-Laurent
C000489,1,0,0.1504920223975913,30.679718519842762,-32.06794042592252,1,1,Gaspesie-Iles-de-la-Madeleine
C010063,1,1,0.7818500586805929,30.49413168871418,-29.47027452013619,1,0,Montreal
C009722,1,0,0.21795693985558298,30.41619753307127,-31.440962618026862,1,1,Cote-Nord
C005476,1,0,0.012363259901997886,28.487371195328436,-32.00101256543729,0,1,Bas-Saint-Laurent
C012236,1,0,0.03649934066146409,27.340892182099925,-29.966369450225294,0,0,Montreal
C011365,1,1,0.8982035462778284,33.259718519842764,-31.51322195205409,1,1,Cote-Nord
C011885,1,1,0.6382286344811195,29.947371195328436,-29.492035168168787,0,0,Montreal
C002144,1,1,0.6702900943347182,30.33413168871418,-29.76504811460364,1,0,Montreal
C008922,1,0,8.106664956266228e-05,23.961784364199854,-31.51763598805848,0,1,Cote-Nord
C005778,1,0,0.0038795036125110942,25.240892182099927,-29.691038578314895,0,0,Montreal
C000728,1,1,0.9918365234009214,32.96413168871418,-29.11417042225359,1,0,Montreal
C007665,1,0,0.18579288419195814,27.900892182099927,-29.08605196627211,0,0,Capitale-Nationale
C006022,1,0,0.5928186249621438,31.15206584435709,-30.850775480215592,1,1,Cote-Nord
C009012,1,1,0.9360958602772563,32.09295802645702,-29.939870167842717,1,0,Capitale-Nationale
C000320,1,0,0.13046757836019265,28.649718519842764,-30.171155084967374,0,0,Capitale-Nationale
C005537,1,0,0.08164784215726612,29.961784364199854,-31.902984505627675,0,1,Gaspesie-Iles-de-la-Madeleine
C004493,1,0,0.7226986639186949,29.6285448575856,-28.86022902442873,0,0,Capitale-Nationale
C003313,1,1,0.17550046535497218,28.089718519842762,-29.33066605175121,0,0,Capitale-Nationale
C005117,1,1,0.8218583094504167,30.250892182099925,-29.02449954632724,1,0,Capitale-Nationale
C013248,1,0,0.7132424537967683,30.31413168871418,-29.58327624246081,1,0,Montreal
C010757,1,1,0.7047628365921483,31.81413168871418,-31.116243884731364,1,1,Gaspesie-Iles-de-la-Madeleine
C001728,1,0,0.0065693136162440794,24.75206584435709,-28.77757882413185,0,0,Montreal
C005997,1,1,0.948142821388494,32.027371195328435,-29.69647673021881,1,0,Montreal
C006105,1,1,0.9784137023286951,32.12206584435709,-29.062980703215622,1,0,Montreal
C005292,1,1,0.682276256608405,29.989718519842764,-29.376716316093187,0,0,Montreal
C004400,1,0,0.10212548131270674,27.0485448575856,-28.79215919469713,0,0,Capitale-Nationale
C008507,1,0,0.0043992761044728095,26.105023870814104,-30.45390211324153,0,1,Cote-Nord
C000845,1,0,0.20564716356724766,27.695305350971342,-28.779227716608506,0,0,Montreal
C005842,1,1,0.08838875684196845,29.45061070194269,-31.322271955963394,0,1,Gaspesie-Iles-de-la-Madeleine
C008142,1,0,0.0018933774748714617,26.780892182099926,-31.80801429777544,0,1,Bas-Saint-Laurent
C004739,1,0,0.8396377584774399,31.38413168871418,-30.056236843535654,1,1,Gaspesie-Iles-de-la-Madeleine
C008635,1,0,0.2763949215190081,28.707371195328435,-29.47931848882201,0,0,Montreal
C006059,1,1,0.9104022663017849,31.99413168871418,-30.134431522478707,1,0,Capitale-Nationale
C003470,1,1,0.9944327635191808,33.68413168871418,-29.52505501671463,1,0,Capitale-Nationale
C013611,1,0,0.0007938735453334529,25.4785448575856,-31.203724795049283,0,1,Gaspesie-Iles-de-la-Madeleine
C000263,1,1,0.9676151134806629,32.65295802645702,-29.928130534944007,1,0,Capitale-Nationale
C001070,1,0,0.5893099211210544,31.54413168871418,-31.25448484437746,1,1,Gaspesie-Iles-de-la-Madeleine
C004949,1,1,0.9705649180117157,31.62530535097134,-28.821432692329015,1,0,Capitale-Nationale
C012352,1,0,0.0562718727699453,28.108263377428358,-30.369882221093295,0,1,Cote-Nord
C013656,1,0,0.8656985416692973,31.6385448575856,-30.14388305894868,1,0,Montreal
C000355,1,1,0.9924540401508721,33.5385448575856,-29.6249933926109,1,0,Montreal
C011382,1,1,0.9698997156632635,31.832958026457018,-29.047559999143036,1,0,Capitale-Nationale
C008402,1,1,0.8763772390932586,30.85206584435709,-29.281115143637166,1,0,Montreal
C012166,1,0,0.00896167664831605,27.552958026457016,-31.327448430506166,0,1,Gaspesie-Iles-de-la-Madeleine
C007945,1,0,0.3996446948237697,30.57061070194269,-30.897019439298088,1,1,Bas-Saint-Laurent
C010129,1,1,0.8089648712839513,31.811784364199852,-30.6541236377379,1,1,Bas-Saint-Laurent
C006948,1,1,0.3340880500209779,28.147652675485674,-28.700899283368788,0,0,Montreal
C013302,1,0,0.07630204993851658,26.71647901322851,-28.716648925044673,0,0,Montreal
C013486,1,1,0.9276641154733372,34.174131688714176,-32.12770977596918,1,1,Gaspesie-Iles-de-la-Madeleine
C009052,1,0,0.00011651753964934153,23.62413168871418,-30.888979118746256,0,1,Cote-Nord
C012288,1,1,0.997666881347565,34.24530535097135,-29.386048878002097,1,0,Montreal
C010248,1,1,0.4041961392848142,28.71413168871418,-29.025353178867178,0,0,Capitale-Nationale
C000572,1,0,0.035549538182112116,26.27647901322851,-28.92389541835446,0,0,Montreal
C000919,1,1,0.5361234721583913,31.15061070194269,-31.03451074665131,1,1,Gaspesie-Iles-de-la-Madeleine
C006407,1,1,0.35246206068855235,28.96647901322851,-29.45434014511333,0,0,Capitale-Nationale
C003462,1,0,0.41267113912331005,29.12530535097134,-29.40839149783833,0,0,Montreal
C004011,1,0,0.19470964217576128,28.28413168871418,-29.422859234759674,0,0,Capitale-Nationale
C001853,1,1,0.802811936321345,30.335305350971343,-29.209195462331063,1,0,Montreal
C000476,1,0,0.035873848715814824,26.8985448575856,-29.538407352308226,0,0,Montreal
C003669,1,1,0.5977967696362532,31.475023870814105,-31.157159382147597,1,1,Cote-Nord
C009287,1,0,0.06333950588935164,27.112958026457015,-29.27364805228507,0,0,Capitale-Nationale
C013608,1,1,0.9877251186881595,33.046479013228506,-29.527011521613765,1,0,Montreal
C008320,1,0,0.0010406894482192204,25.967371195328433,-31.47521450424135,0,1,Gaspesie-Iles-de-la-Madeleine
C010255,1,1,0.5874709992463727,30.765305350971342,-30.481748797525555,1,1,Cote-Nord
C008262,1,1,0.9343572056898425,30.8585448575856,-28.72847931365962,1,0,Montreal
C010486,1,0,3.5876549778902295e-06,21.93737119532843,-31.994031729178097,0,1,Gaspesie-Iles-de-la-Madeleine
C004806,1,1,0.9984894943080541,34.32413168871418,-29.11549467516876,1,0,Capitale-Nationale
C001482,1,1,0.5255754572972459,28.927652675485675,-28.845525320577448,0,0,Montreal
C013970,1,0,0.08615855963241326,27.729718519842763,-29.623837528639367,0,0,Montreal
C003441,1,1,0.7741618230122626,30.33178436419985,-29.343634924155573,1,0,Montreal
C002947,1,0,0.9255356892467669,31.019718519842762,-28.9983994651354,1,0,Montreal
C010904,1,0,0.0068808537495002875,27.73413168871418,-31.722229367410314,0,1,Bas-Saint-Laurent
C002357,1,0,0.0016967988108812628,26.122958026457017,-31.238162704378695,0,1,Gaspesie-Iles-de-la-Madeleine
C004005,1,1,0.9665534331003472,31.71647901322851,-29.01840545762324,1,0,Capitale-Nationale
C012572,1,0,0.03294563642006234,29.017371195328437,-31.72796419915071,0,1,Cote-Nord
C011028,1,1,0.9774919338752047,33.319718519842766,-30.294928944641143,1,1,Cote-Nord
C011051,1,0,0.00019185614729313682,23.0985448575856,-29.963324354164417,0,1,Gaspesie-Iles-de-la-Madeleine
C003907,1,0,0.00042467513415658006,23.80647901322851,-30.033744997962323,0,0,Montreal
C001437,1,1,0.4477968967353393,29.489718519842764,-29.65781827827652,0,0,Montreal
C008400,1,1,0.9840053844118164,32.5385448575856,-29.234415693894228,1,0,Montreal
C001152,1,1,0.6535578922875136,30.209718519842763,-29.700617144731112,1,0,Montreal
C001845,1,1,0.9446847799127795,31.7285448575856,-29.452360069384447,1,0,Montreal
C002362,1,0,0.38158809249681147,29.459718519842763,-29.846979920885406,0,0,Montreal
C003183,1,1,0.9199927729069381,31.6885448575856,-29.72963183073808,1,0,Montreal
C003174,1,0,0.001108727068400152,25.575023870814107,-31.032016622249223,0,1,Cote-Nord
C002798,1,0,0.09594473222103193,27.059718519842765,-28.858910041181574,0,0,Montreal
C003230,1,1,0.9505627693127958,30.275305350971344,-27.904034576585648,1,0,Montreal
C005082,1,0,0.43476213604253255,32.21413168871418,-32.424639299503404,1,1,Bas-Saint-Laurent
C009545,1,0,0.05795404165458401,29.6085448575856,-31.845106640054766,0,1,Bas-Saint-Laurent
C011405,1,0,0.02841493975726512,29.52619753307127,-32.35920441138534,0,1,Cote-Nord
C008776,1,0,0.006743255858341857,27.8085448575856,-31.81295584716703,0,1,Bas-Saint-Laurent
C012156,1,1,0.863607923630606,32.51061070194269,-31.03027795906972,1,1,Cote-Nord
C008669,1,0,0.05910894701540577,27.807371195328436,-30.02712213451679,0,0,Capitale-Nationale
C004810,1,1,0.794434316719608,30.37647901322851,-29.29215651364906,1,0,Montreal
C008637,1,1,0.9705372871265086,33.09178436419985,-30.288687117747642,1,1,Cote-Nord
C012003,1,0,6.903497589409095e-06,21.87413168871418,-31.405795489601424,0,1,Cote-Nord
C011844,1,1,0.9907966303142042,33.595305350971344,-29.842356190726704,1,0,Montreal
C003968,1,1,0.9817032282375947,32.63295802645702,-29.438567199067258,1,0,Capitale-Nationale
C001567,1,1,0.9706539647963602,31.591784364199853,-28.785407952720966,1,0,Montreal
C011913,1,0,0.08081243550535411,28.340892182099925,-30.291070802171596,0,0,Capitale-Nationale
C007426,1,1,0.6194607072084732,30.49413168871418,-30.1033035228372,1,1,Gaspesie-Iles-de-la-Madeleine
C000791,1,0,0.8113287202656255,31.1185448575856,-29.948556832324414,1,0,Montreal
C008576,1,1,0.9809993784894729,34.917371195328435,-31.7538323318243,1,1,Gaspesie-Iles-de-la-Madeleine
C010707,1,1,0.7088500355895133,30.950892182099928,-30.23718456231707,1,0,Capitale-Nationale
C012820,1,0,0.1856975507198731,28.257652675485673,-29.443318042935715,0,0,Capitale-Nationale
C006053,1,0,0.4075653571615396,28.8985448575856,-29.19855948083761,0,0,Capitale-Nationale
C001104,1,0,0.0004262095929671141,24.80413168871418,-31.028503496893563,0,0,Montreal
C004866,1,1,0.903062686940412,30.20206584435709,-28.412010747828827,1,0,Capitale-Nationale
C004253,1,1,0.9373526590457051,32.24647901322851,-30.07638307172249,1,0,Montreal
C012122,1,0,0.34527342900257224,28.96413168871418,-29.47737640753059,0,0,Capitale-Nationale
C003218,1,1,0.945146040822942,32.137371195328434,-29.85407834457254,1,0,Montreal
C006287,1,0,0.0017193042476412184,24.79413168871418,-29.898749671117475,0,0,Montreal
C001654,1,1,0.8858947424867003,33.200610701942686,-31.556737749817508,1,1,Cote-Nord
C011331,1,0,0.0011231078829907683,25.2585448575856,-30.705189343564328,0,1,Bas-Saint-Laurent
C011506,1,1,0.6835714780441995,31.54619753307127,-30.928397620629774,1,1,Gaspesie-Iles-de-la-Madeleine
C002090,1,0,0.004863108840980345,27.765023870814105,-32.03312812593908,0,1,Cote-Nord
C009169,1,0,0.004154706384558353,25.12971851984276,-29.52467213947913,0,0,Montreal
C001775,1,1,0.7504993738966984,30.0985448575856,-29.215216922357072,0,0,Montreal
C002771,1,0,0.026917962364736252,28.222958026457015,-31.1006101095553,0,1,Gaspesie-Iles-de-la-Madeleine
C012697,1,0,0.23852185030775874,29.703850208556943,-30.634921313820332,0,1,Bas-Saint-Laurent
C007032,1,1,0.976752215228159,34.0485448575856,-31.050299095915566,1,1,Cote-Nord
C002446,1,0,0.014958780030317472,26.229718519842763,-29.58839475518193,0,0,Montreal
C003225,1,0,0.12036913832654987,28.2485448575856,-29.84386093599302,0,0,Montreal
C007667,1,1,0.9703331235822897,33.50647901322851,-30.709089500475606,1,1,Bas-Saint-Laurent
C009060,1,1,0.9970652237895686,33.38530535097134,-28.71055342532472,1,0,Capitale-Nationale
C011453,1,0,0.02778469168804288,26.212958026457017,-29.06447588107977,0,0,Montreal
C003113,1,0,0.22782730170703333,29.16647901322851,-30.14553120036153,0,0,Capitale-Nationale
C007821,1,1,0.6348113405234393,29.2985448575856,-28.855056076676306,0,0,Montreal
C009933,1,0,0.03925091762862777,26.52061070194269,-29.08549737225993,0,0,Montreal
C008686,1,1,0.986145394484467,32.585305350971346,-29.16422538040886,1,0,Montreal
C010624,1,1,0.490135062271589,29.10619753307127,-29.137852068399617,0,0,Montreal
C013394,1,1,0.3423383329098372,29.325305350971345,-29.848985345074357,0,0,Capitale-Nationale
C011228,1,0,0.02100490609156703,27.57206584435709,-30.653526803597885,0,0,Capitale-Nationale
C007382,1,1,0.7916615479019402,30.709718519842763,-29.6389471324146,1,0,Montreal
C012151,1,1,0.45322920014797496,31.57619753307127,-31.726695819584222,1,1,Cote-Nord
C004404,1,0,0.00033575229009476866,25.55413168871418,-31.969921664856223,0,1,Gaspesie-Iles-de-la-Madeleine
C005594,1,1,0.983317537771269,33.16178436419985,-29.89198893922383,1,0,Montreal
C011459,1,1,0.9996485403471672,35.97295802645702,-29.59385340174731,1,0,Montreal
C004381,1,1,0.9748750646911107,32.232065844357095,-29.297646404583396,1,0,Montreal
C008247,1,0,0.12694233660331666,27.647652675485674,-29.194305308421683,0,0,Montreal
C010049,1,0,0.011617982032955632,26.7685448575856,-30.33266152922398,0,1,Cote-Nord
C008761,1,0,0.40104847055036985,31.207371195328435,-31.529089781119076,1,1,Bas-Saint-Laurent
C009897,1,0,0.0023083576428712086,26.150892182099927,-31.018726547853746,0,1,Gaspesie-Iles-de-la-Madeleine
C004876,1,0,0.0005061290412263099,24.917371195328435,-31.00383065816203,0,1,Cote-Nord
C003807,1,0,0.2512830160185015,27.918544857585598,-28.79425595113905,0,0,Capitale-Nationale
C000410,1,1,0.47589301777581194,29.175305350971342,-29.252709624361085,0,0,Montreal
C011939,1,1,0.9907914719266363,32.49647901322851,-28.743983467843098,1,0,Capitale-Nationale
C006432,1,0,1.2405902321468704e-05,21.889437039685525,-30.95095373133436,0,1,Bas-Saint-Laurent
C010261,1,0,0.023446300174636055,29.25061070194269,-32.241873337854685,0,1,Cote-Nord
C006451,1,1,0.8127723653538944,29.685023870814106,-28.50744896410914,0,0,Montreal
C002960,1,0,0.0167412512730125,27.697371195328436,-30.964297051944673,0,1,Bas-Saint-Laurent
C009564,1,0,0.03116510403539866,27.597371195328435,-30.354003840177086,0,0,Capitale-Nationale
C006174,1,0,0.7771912830656706,31.815305350971343,-30.813190928874004,1,1,Cote-Nord
C008021,1,0,0.012730783590193856,26.365305350971344,-29.85515180550117,0,0,Montreal
C013242,1,0,0.07057056137164644,27.14413168871418,-29.21189605635938,0,0,Montreal
C012838,1,0,0.3588141830889167,28.480892182099925,-28.946519465416646,0,0,Montreal
C002909,1,1,0.9979273784572555,33.02089218209992,-28.066465119797048,1,0,Montreal
C009758,1,0,0.5861478484113537,31.44971851984276,-31.170539075812073,1,1,Bas-Saint-Laurent
C009109,1,0,0.592113260395032,29.315305350971343,-29.016358199287705,0,0,Montreal
C006422,1,1,0.9973060406662263,33.763239506614255,-29.0196192203351,1,0,Capitale-Nationale
C003175,1,0,0.7285428663455488,30.329718519842764,-29.53785750167309,1,0,Capitale-Nationale
C000567,1,1,0.9957808964285743,33.722958026457015,-29.34039322061952,1,0,Montreal
C010079,1,0,0.06850013824584932,28.911784364199853,-31.005217717021793,0,1,Bas-Saint-Laurent
C006217,1,0,0.0071211577875479925,28.302958026457016,-32.26332764984414,0,1,Cote-Nord
C005815,1,1,0.919312894970039,31.904413168871418,-29.952880273473443,1,0,Montreal
C013314,1,1,0.8291214545944191,31.230892182099925,-29.96405407986516,1,0,Capitale-Nationale
C004015,1,1,0.9548769606810208,30.999437039685525,-28.55129427920651,1,0,Montreal
C008838,1,0,0.060866405056686855,28.645023870814107,-30.839774589907403,0,1,Gaspesie-Iles-de-la-Madeleine
C005363,1,0,0.11778095141377887,29.647089715171195,-31.262197184255243,0,1,Gaspesie-Iles-de-la-Madeleine
C007976,1,0,0.16318240294307268,30.347371195328435,-31.65858426478842,1,1,Bas-Saint-Laurent
C000588,1,1,0.9780548106746277,31.989718519842764,-28.944153539360883,1,0,Montreal
C009511,1,1,0.7644086746347285,30.35971851984276,-29.41565078761999,1,0,Montreal
C010725,1,0,0.06218145744211961,27.45413168871418,-29.630613333728192,0,0,Montreal
C010411,1,0,0.011935385459143383,27.0685448575856,-30.610784682468225,0,1,Cote-Nord
C010784,1,0,0.6930649339068652,29.58647901322851,-28.933183531611427,0,0,Capitale-Nationale
C006559,1,0,0.013974617963431227,25.1985448575856,-28.612609167493574,0,0,Montreal
C012808,1,0,0.1753504790284118,30.05619753307127,-31.29797674135126,0,1,Gaspesie-Iles-de-la-Madeleine
C013455,1,0,0.00051085488304681,22.93206584435709,-29.01106692994645,0,0,Capitale-Nationale
C006867,1,1,0.3903004046426527,30.15178436419985,-30.509558097201882,1,1,Bas-Saint-Laurent
C013381,1,0,0.005880159908498338,24.335305350971343,-28.450266940383578,0,0,Montreal
C001881,1,0,0.4774489750500712,30.742958026457018,-30.815359308740387,1,1,Gaspesie-Iles-de-la-Madeleine
C000329,1,0,0.06316281954443097,29.841784364199853,-32.004866255869224,0,1,Cote-Nord
C011728,1,1,0.9791644829764383,35.35502387081411,-32.266929624612615,1,1,Bas-Saint-Laurent
C013495,1,0,0.0038524048690847853,24.97413168871418,-29.429922275552915,0,0,Montreal
C008125,1,1,0.8362642837217348,30.489718519842764,-29.18175109176256,1,0,Capitale-Nationale
C012997,1,0,0.01263236186279136,25.87206584435709,-29.368217341372844,0,0,Capitale-Nationale
C009450,1,0,0.07380470893591005,27.487371195328436,-29.516398244987347,0,0,Montreal
C012437,1,1,0.9811402468784556,32.79765267548567,-29.628029857847093,1,0,Montreal
C009222,1,0,0.0024659588301847064,24.679718519842762,-29.494452346295212,0,0,Montreal
C004174,1,1,0.18963723812960942,30.665023870814107,-31.829960283058696,1,1,Bas-Saint-Laurent
C005803,1,0,0.0023500238547445053,26.88061070194269,-31.734062762769522,0,1,Cote-Nord
C007706,1,1,0.9347393908924717,30.72206584435709,-28.586988686940256,1,0,Capitale-Nationale
C002150,1,1,0.09231555365410199,27.42061070194269,-29.253944136039763,0,0,Montreal
C003966,1,0,0.06608071434231577,26.78206584435709,-28.9064221640501,0,0,Capitale-Nationale
C001101,1,1,0.5788692338863084,28.45061070194269,-28.1954379783807,0,0,Montreal
C005227,1,0,0.018536476287819452,26.41647901322851,-29.60023403782293,0,0,Montreal
C003063,1,0,0.19141841038689514,30.795305350971343,-31.95097829908828,1,1,Cote-Nord
C001776,1,1,0.6655849058258229,31.46413168871418,-30.912063902332235,1,1,Gaspesie-Iles-de-la-Madeleine
C012405,1,1,0.9999032924840774,36.49089218209992,-29.07655809712342,1,0,Capitale-Nationale
C013637,1,1,0.5555947000181605,28.925023870814105,-28.745914616841333,0,0,Montreal
C010418,1,1,0.9991763091396019,34.85530535097135,-29.15972343892868,1,0,Montreal
C012162,1,0,0.05588949031150423,28.25619753307127,-30.523610351957544,0,1,Gaspesie-Iles-de-la-Madeleine
C011052,1,1,0.9549520207431401,33.15178436419985,-30.702243199284418,1,1,Bas-Saint-Laurent
C011025,1,1,0.9658483915530769,31.505305350971344,-28.824549197728203,1,0,Montreal
C012183,1,1,0.8800538346255389,32.10295802645702,-30.50443285773855,1,1,Bas-Saint-Laurent
C011284,1,0,0.015155013556655945,26.81206584435709,-30.160128597704908,0,0,Montreal
C003698,1,0,0.01807258553506183,27.71647901322851,-30.92094157201113,0,1,Bas-Saint-Laurent
C003903,1,0,0.0027251244813467973,27.422958026457017,-32.15732746212254,0,1,Gaspesie-Iles-de-la-Madeleine
C006774,1,0,0.2743690995933872,29.227371195328438,-30.007461468063568,0,1,Gaspesie-Iles-de-la-Madeleine
C004087,1,0,0.000542069798794135,22.580892182099927,-28.612296658957607,0,0,Capitale-Nationale
C002592,1,0,0.021578489768235676,28.137371195328434,-31.19675291232358,0,1,Gaspesie-Iles-de-la-Madeleine
C009166,1,0,0.0653488664374724,29.222958026457015,-31.356875441950997,0,1,Bas-Saint-Laurent
C009577,1,1,0.7496699173281189,29.71413168871418,-28.83435283510836,0,0,Montreal
C009011,1,0,0.0003391282845561795,25.571784364199853,-31.97954684191371,0,1,Gaspesie-Iles-de-la-Madeleine
C006085,1,0,0.0011662183105132166,26.95413168871418,-32.370529434281856,0,1,Gaspesie-Iles-de-la-Madeleine
C003976,1,0,0.0017555886092489171,25.81061070194269,-30.89844820810419,0,1,Gaspesie-Iles-de-la-Madeleine
C013867,1,0,0.002703835656565159,26.969718519842765,-31.710395683810706,0,1,Cote-Nord
C006421,1,0,0.006504927298805199,24.970892182099927,-29.004357304920376,0,0,Montreal
C008244,1,1,0.9715921308816394,32.42413168871418,-29.590919359148533,1,0,Montreal
C004462,1,0,0.20839080957590875,28.497652675485675,-29.56816946504128,0,0,Capitale-Nationale
C006004,1,1,0.9827924192555385,32.27089218209993,-29.026383728299592,1,0,Montreal
C013135,1,0,0.6352293650945622,29.835305350971343,-29.390369895665643,0,0,Montreal
C009573,1,0,0.06795893355939861,26.50206584435709,-28.602327417970102,0,0,Montreal
C000868,1,0,0.04616776643989674,26.922958026457017,-29.351863696238265,0,0,Montreal
C013088,1,0,0.004209318170072433,27.041784364199852,-31.426219515763734,0,1,Gaspesie-Iles-de-la-Madeleine
C008291,1,1,0.7618143969596559,32.07413168871418,-31.141574959837897,1,1,Bas-Saint-Laurent
C006200,1,0,0.5289900921246947,29.25737119532843,-29.164255649204993,0,0,Capitale-Nationale
C003468,1,1,0.9949655767893895,32.59971851984276,-28.359521693935868,1,0,Montreal
C010479,1,1,0.5418454171689934,31.619718519842763,-31.48514792233958,1,1,Bas-Saint-Laurent
C008387,1,0,0.05740105337572501,29.299437039685525,-31.544159720692324,0,1,Cote-Nord
C008329,1,0,0.026851017661490662,26.44971851984276,-29.32942306663393,0,0,Montreal
C005133,1,1,0.9973169094691948,35.89943703968552,-31.15256541134194,1,1,Bas-Saint-Laurent
C004781,1,1,0.998326720459728,35.640610701942684,-30.514191559337178,1,1,Cote-Nord
C005989,1,0,0.4715107174898523,30.86413168871418,-30.95563512302874,1,1,Gaspesie-Iles-de-la-Madeleine
C013600,1,1,0.9516164765514795,30.480892182099925,-28.091452085384148,1,0,Montreal
C007113,1,0,0.07804124782322791,29.6285448575856,-31.60912575859374,0,1,Bas-Saint-Laurent
C009070,1,0,0.1935620833906999,28.585305350971343,-29.729916368021406,0,0,Montreal
C009680,1,0,0.1872702783520092,30.669437039685526,-31.846787194558427,1,1,Bas-Saint-Laurent
C004576,1,1,0.8894951956178145,29.677371195328433,-28.00452797445951,0,0,Montreal
C012731,1,0,0.026959722480373483,26.922958026457017,-29.799332294643705,0,0,Montreal
C001382,1,0,0.001536058255998424,25.47206584435709,-30.667227148093367,0,0,Montreal
C007687,1,0,0.03463923015116532,28.505305350971344,-31.17428502775856,0,1,Bas-Saint-Laurent
C004787,1,0,0.04443569623326874,27.727371195328438,-30.188403136254394,0,1,Gaspesie-Iles-de-la-Madeleine
C012034,1,0,0.00031640786035999104,24.859437039685528,-31.322840057339775,0,1,Gaspesie-Iles-de-la-Madeleine
C003210,1,1,0.9850484620150174,32.3985448575856,-29.039474310737525,1,0,Montreal
C004908,1,1,0.9849399168613829,32.86971851984276,-29.516538367960553,1,0,Capitale-Nationale
C010144,1,1,0.26792897533286913,30.477371195328438,-31.283600430053067,1,1,Gaspesie-Iles-de-la-Madeleine
C004844,1,0,0.0022037480227039613,25.931784364199853,-30.836901326717996,0,1,Gaspesie-Iles-de-la-Madeleine
C006187,1,0,0.0028346836399716544,27.5085448575856,-32.21121065041308,0,1,Bas-Saint-Laurent
C013688,1,1,0.757405308802429,30.987371195328436,-30.07418208901207,1,1,Cote-Nord
C001022,1,0,0.00011101142353755579,24.600892182099926,-31.904572359206885,0,1,Gaspesie-Iles-de-la-Madeleine
C002590,1,0,0.10780444889292548,27.230892182099925,-28.92601059589515,0,0,Capitale-Nationale
C009227,1,0,0.00032703413060317495,24.92178436419985,-31.358683718119618,0,1,Gaspesie-Iles-de-la-Madeleine
C009106,1,1,0.9978908894971982,35.950610701942686,-31.010211147607677,1,1,Bas-Saint-Laurent
C010142,1,0,0.13459838003188757,31.069718519842763,-32.56233380510095,1,1,Bas-Saint-Laurent
C012943,1,0,0.6684896101824437,29.759718519842764,-29.19716053966624,0,0,Montreal
C013178,1,0,0.19774350283252964,26.97647901322851,-28.099777605995584,0,0,Capitale-Nationale
C004567,1,1,0.9486489805276688,31.685305350971344,-29.346115401315075,1,0,Capitale-Nationale
C007458,1,1,0.8720622426939345,32.244131688714184,-30.704659191333157,1,1,Bas-Saint-Laurent
C002197,1,1,0.47404436809145023,28.182958026457015,-28.266308372044232,0,0,Montreal
C007050,1,0,5.705041300067589e-05,21.442958026457017,-29.28063366407873,0,0,Montreal
C007968,1,1,0.9998836249238283,36.469718519842765,-29.203889672556166,1,0,Montreal
C010293,1,0,0.19582512713562353,27.835305350971343,-28.968339013063645,0,0,Capitale-Nationale
C009915,1,0,0.04109668454744151,28.55619753307127,-31.08268343418675,0,1,Bas-Saint-Laurent
C000541,1,0,0.0010222058684670162,23.62530535097134,-29.147537438362995,0,0,Capitale-Nationale
C013161,1,1,0.903387621753904,32.21385020855694,-30.420813416162606,1,1,Cote-Nord
C006383,1,0,0.2216658503057601,28.590892182099925,-29.59831004241781,0,0,Montreal
C011963,1,0,0.0007789532647849468,25.91619753307127,-31.656607684683088,0,1,Cote-Nord
C005239,1,1,0.9212068671003186,33.53413168871418,-31.561895937404575,1,1,Bas-Saint-Laurent
C013042,1,0,0.8860548813944187,32.948544857585595,-31.303400453387056,1,1,Cote-Nord
C000863,1,1,0.9358147333149692,33.457371195328435,-31.308045087932882,1,1,Gaspesie-Iles-de-la-Madeleine
C010425,1,0,0.013237659102570886,28.1785448575856,-31.636663436615653,0,1,Cote-Nord
C012296,1,0,0.10972067345996009,29.440892182099926,-31.120154041268393,0,1,Gaspesie-Iles-de-la-Madeleine
C008093,1,1,0.06795921196778583,27.44413168871418,-29.5443897367914,0,0,Montreal
C004102,1,1,0.9943952045312132,33.40295802645702,-29.249304750922693,1,0,Capitale-Nationale
C001683,1,0,0.03732264652023494,29.131784364199852,-31.738684373618728,0,1,Gaspesie-Iles-de-la-Madeleine
C006853,1,0,0.05578562543680165,27.28206584435709,-29.55105889550844,0,0,Montreal
C002952,1,0,0.10079838655618116,28.184131688714178,-29.93942200010497,0,0,Capitale-Nationale
C003982,1,1,0.440680645764721,28.900892182099927,-29.092111501871567,0,0,Montreal
C009430,1,1,0.9722438825969694,32.485305350971345,-29.63293860988703,1,0,Capitale-Nationale
C002489,1,1,0.8370128147807457,30.8085448575856,-29.496184560486242,1,0,Capitale-Nationale
C013901,1,0,0.111218129652565,28.5085448575856,-30.17558358757958,0,1,Gaspesie-Iles-de-la-Madeleine
C013839,1,0,0.08727601278543368,29.93647901322851,-31.8192805574418,0,1,Bas-Saint-Laurent
C005024,1,0,0.02911346132202714,27.02647901322851,-29.839429684660768,0,0,Capitale-Nationale
C005089,1,1,0.6423490807367119,29.632958026457015,-29.163272285471454,0,0,Montreal
C003839,1,0,0.6066233075510797,30.765023870814105,-30.41760460788209,1,1,Bas-Saint-Laurent
C003575,1,1,0.9819478593286052,32.12619753307127,-28.920810380373972,1,0,Montreal
C012072,1,0,0.01865009246359714,25.42206584435709,-28.60082671877444,0,0,Montreal
C000979,1,0,0.002308397605453291,26.67061070194269,-31.538431149735953,0,1,Bas-Saint-Laurent
C012341,1,0,0.012529892976110424,26.1985448575856,-29.70131240256678,0,0,Montreal
C008178,1,1,0.7313684247887782,29.95647901322851,-29.15312055906365,0,0,Montreal
C006748,1,0,0.07992172355632995,27.012958026457017,-28.972803250237593,0,0,Montreal
C005636,1,0,0.0012391947373351416,23.74413168871418,-29.111787366412706,0,0,Montreal
C008878,1,0,0.6434454892355803,32.93737119532843,-32.46385488659388,1,1,Gaspesie-Iles-de-la-Madeleine
C007721,1,0,0.027949943883160272,27.072958026457016,-29.919583131349665,0,0,Capitale-Nationale
C003046,1,0,0.3172327324762523,28.185305350971344,-28.800125103137642,0,0,Montreal
C009470,1,0,0.48353555242431806,29.499718519842762,-29.552561760152813,0,0,Capitale-Nationale
C002957,1,0,0.0525405143216061,27.53413168871418,-29.853947497267264,0,0,Montreal
C009940,1,0,0.1116292297628504,28.12206584435709,-29.78577413874437,0,0,Montreal
C000116,1,0,6.396056081906848e-05,21.445305350971342,-29.191270968867514,0,0,Montreal
C009180,1,0,0.09687321247827556,29.747371195328434,-31.53801379006814,0,1,Gaspesie-Iles-de-la-Madeleine
C010728,1,0,0.12269567953398638,28.9685448575856,-30.546381403100092,0,1,Bas-Saint-Laurent
C001779,1,0,0.00016334728670896245,22.685305350971344,-29.679138431384775,0,0,Capitale-Nationale
C005404,1,0,0.0662391478296303,28.973850208556943,-31.096149667607165,0,1,Cote-Nord
C010636,1,0,0.5372343602965652,29.48530535097134,-29.36562196376958,0,0,Montreal
C013916,1,1,0.991219632487552,32.90971851984276,-29.118687332193602,1,0,Capitale-Nationale
C010027,1,1,0.8213359121244934,29.92323950661425,-28.69970555159253,0,0,Capitale-Nationale
C011699,1,1,0.9754081682551506,31.684131688714178,-28.73207168421792,1,0,Montreal
C003663,1,0,0.17467466246416577,30.395023870814107,-31.640557456674365,1,1,Cote-Nord
C002237,1,0,0.06860387803920032,26.8985448575856,-28.99067506791904,0,0,Capitale-Nationale
C007684,1,0,0.6569852521782296,29.83619753307127,-29.3149261962729,0,0,Montreal
C006509,1,0,0.0015042193183066204,25.809718519842765,-31.021705677467807,0,1,Bas-Saint-Laurent
C010813,1,1,0.9930865154586882,33.448544857585595,-29.46426828028123,1,0,Montreal
C011542,1,1,0.9860744253306424,33.780892182099926,-30.36396811465072,1,0,Capitale-Nationale
C002804,1,1,0.6877875012021093,29.02206584435709,-28.38857534300749,0,0,Capitale-Nationale
C001867,1,0,0.036007535038306,29.168544857585598,-31.805312624086355,0,1,Gaspesie-Iles-de-la-Madeleine
C001082,1,0,0.0023063653279743776,24.940892182099926,-29.809420725850345,0,0,Montreal
C013697,1,0,0.7356221804550624,30.275305350971344,-29.454492587637972,1,0,Montreal
C009393,1,1,0.9483132579557523,32.75413168871418,-30.420452507100798,1,0,Capitale-Nationale
C012433,1,0,0.050235213407372074,26.72647901322851,-29.08423267400202,0,0,Montreal
C013036,1,0,0.385041101507606,28.862958026457015,-29.238502704236478,0,0,Montreal
C004616,1,0,0.0029541466581583914,25.35413168871418,-30.02359135351739,0,1,Gaspesie-Iles-de-la-Madeleine
C009862,1,0,0.42035499438103535,30.023850208556944,-30.281576051572284,0,1,Bas-Saint-Laurent
C002156,1,1,0.6525713231421867,31.080892182099927,-30.5752834020504,1,1,Cote-Nord
C006677,1,0,0.4021650804331518,30.615023870814106,-30.933015629648036,1,1,Bas-Saint-Laurent
C013954,1,0,0.014327836797360391,25.470892182099927,-28.864647567989092,0,0,Montreal
C005316,1,0,0.03450813211119885,29.09061070194269,-31.762740716978758,0,1,Cote-Nord
C012530,1,0,0.4780721247196771,30.69061070194269,-30.761008722443027,1,1,Cote-Nord
C005737,1,1,0.8282476694994003,29.757652675485673,-28.495751366183597,0,0,Montreal
C000395,1,0,0.0011121009568295598,25.27619753307127,-30.73075048649488,0,1,Cote-Nord
C009260,1,1,0.9935694022812004,35.75619753307127,-31.71345438305167,1,1,Gaspesie-Iles-de-la-Madeleine
C011649,1,1,0.9545859191022049,30.6285448575856,-28.18580346554337,1,0,Montreal
C011675,1,0,0.038945471682786226,28.726197533071268,-31.297605380797005,0,1,Gaspesie-Iles-de-la-Madeleine
C010884,1,1,0.990011408746575,32.81295802645702,-29.126315333845927,1,0,Montreal
C006756,1,0,0.002105590048403437,26.524131688714178,-31.4658740188727,0,1,Gaspesie-Iles-de-la-Madeleine
C007292,1,0,0.004137808396499352,26.701784364199852,-31.10002051622822,0,1,Bas-Saint-Laurent
C009774,1,1,0.8240385270092718,30.330892182099927,-29.09249744718816,1,0,Capitale-Nationale
C000708,1,0,0.1908442830257795,28.225305350971343,-29.383956978944646,0,0,Montreal
C013115,1,0,0.23654159355407856,30.467371195328433,-31.407212416304063,1,1,Gaspesie-Iles-de-la-Madeleine
C009656,1,0,0.0017249905232971248,25.10206584435709,-30.204030860102804,0,0,Montreal
C011138,1,0,0.3556324616857228,30.96413168871418,-31.44087346453343,1,1,Gaspesie-Iles-de-la-Madeleine
C009508,1,1,0.6732427708069276,31.774131688714178,-31.19430718154285,1,1,Gaspesie-Iles-de-la-Madeleine
C002551,1,1,0.9389304919247576,31.917371195328435,-29.725465985114166,1,0,Capitale-Nationale
C012688,1,1,0.9787848004168085,31.21413168871418,-28.140833383704784,1,0,Capitale-Nationale
C009218,1,0,0.06263782723200247,28.979718519842763,-31.149944418693106,0,1,Cote-Nord
C011565,1,1,0.9994616539524818,34.983239506614254,-28.94630304024258,1,0,Montreal
C008155,1,0,0.5712904813187195,31.01619753307127,-30.785901739665853,1,1,Cote-Nord
C007802,1,0,0.23961048343602698,28.140892182099925,-29.067163274914186,0,0,Montreal
C011251,1,0,0.806294365261219,30.167371195328435,-29.023497605131855,1,0,Montreal
C007496,1,1,0.9935384097459242,33.845305350971344,-29.80644366089288,1,0,Montreal
C001368,1,0,0.16517476564996683,29.711784364199854,-31.01135166569182,0,1,Gaspesie-Iles-de-la-Madeleine
C009036,1,1,0.7965747530100283,29.812958026457014,-28.71808183492615,0,0,Montreal
C003089,1,1,0.8815384736332871,31.45882633774284,-29.848959280129794,1,0,Montreal
C013989,1,1,0.9999512382911129,37.179718519842766,-29.216115532454168,1,0,Montreal
C002698,1,0,0.0517170099948487,29.48413168871418,-31.817315697190484,0,1,Bas-Saint-Laurent
C007454,1,1,0.9995402623877616,35.43647901322851,-29.27287242623202,1,0,Montreal
C013744,1,1,0.5597656085187941,29.434131688714178,-29.241460021320723,0,0,Montreal
C004323,1,1,0.5686523431429722,31.21530535097134,-30.9936427910853,1,1,Bas-Saint-Laurent
C001585,1,1,0.05597963513189667,27.802958026457016,-30.06900159214986,0,1,Cote-Nord
C009784,1,0,9.371668675584086e-06,20.93206584435709,-30.21855723225027,0,0,Montreal
C013579,1,0,0.2921650435399857,31.115023870814106,-31.824790467138644,1,1,Cote-Nord
C004973,1,1,0.9643646869411515,33.27295802645702,-30.627545942659676,1,1,Bas-Saint-Laurent
C011410,1,0,0.5756045422458546,32.362958026457015,-32.11851575402661,1,1,Gaspesie-Iles-de-la-Madeleine
C013323,1,1,0.9994766272194988,35.57413168871418,-29.514558076047223,1,0,Montreal
C005907,1,1,0.9997375329138645,35.65089218209992,-29.03752940089036,1,0,Montreal
C003579,1,0,0.040040376681421616,26.8885448575856,-29.436799637548823,0,0,Montreal
C012861,1,0,0.410385288461828,28.747652675485675,-29.03830974337939,0,0,Capitale-Nationale
C009203,1,0,0.00020621443763103265,22.915305350971344,-29.722185623852194,0,0,Montreal
C005273,1,0,0.06570566108553913,29.120610701942688,-31.24985447043504,0,1,Bas-Saint-Laurent
C006298,1,1,0.8115929530361186,31.932676546299778,-30.761303224215578,1,1,Gaspesie-Iles-de-la-Madeleine
C008585,1,0,0.007308080049434205,26.32413168871418,-30.263567823044472,0,0,Capitale-Nationale
C012793,1,1,0.37032128608658516,30.42061070194269,-30.84639324594223,1,1,Gaspesie-Iles-de-la-Madeleine
C006231,1,1,0.9692436424686199,32.058544857585595,-29.290984410526153,1,0,Montreal
C008875,1,1,0.9994594733650508,35.43737119532844,-29.40367882328207,1,0,Capitale-Nationale
C010697,1,1,0.9991721729646903,34.26619753307127,-28.574636588196682,1,0,Montreal
C011345,1,1,0.8911104060676497,30.279718519842763,-28.59360966294775,1,0,Capitale-Nationale
C009140,1,0,0.17673339641167238,28.73647901322851,-29.970611027867626,0,0,Capitale-Nationale
C012220,1,0,0.003910818066260645,28.372958026457017,-32.816630880726564,0,1,Gaspesie-Iles-de-la-Madeleine
C001234,1,1,0.9975940871683133,35.22619753307127,-30.391642749977215,1,1,Gaspesie-Iles-de-la-Madeleine
C003401,1,0,0.0034685377640665026,26.738544857585598,-31.278835850125596,0,1,Bas-Saint-Laurent
C010986,1,0,0.18971406723581888,27.20647901322851,-28.371014484396795,0,0,Montreal
C000180,1,1,0.9838830350030442,33.73295802645702,-30.435040799483414,1,1,Cote-Nord
C002827,1,1,0.965698170214345,31.529718519842763,-28.852607530712046,1,0,Capitale-Nationale
C013333,1,0,0.045161286162142385,26.24647901322851,-28.693910069092457,0,0,Montreal
C008372,1,1,0.9529669142540697,31.539437039685527,-29.12615380369374,1,0,Montreal
C010348,1,1,0.3060421597793685,29.240892182099927,-29.897557147935913,0,0,Capitale-Nationale
C000645,1,1,0.3601585562032159,30.049437039685525,-30.510381210002187,0,1,Cote-Nord
C012844,1,0,0.021239056382087094,26.87530535097134,-29.9476826460911,0,0,Montreal
C002192,1,0,0.05700558532951269,28.918544857585598,-31.16914918613124,0,1,Gaspesie-Iles-de-la-Madeleine
C009621,1,0,0.33673102908259983,29.599718519842764,-30.14345489519445,0,0,Montreal
C010554,1,1,0.9793056122429056,31.980892182099925,-28.887230873691404,1,0,Montreal
C006409,1,1,0.9880819645185883,32.7485448575856,-29.205124129221396,1,0,Montreal
C012347,1,0,0.41318373383374085,28.479718519842763,-28.761108635337074,0,0,Capitale-Nationale
C010931,1,0,0.03701634510713193,29.2185448575856,-31.83230985997874,0,1,Bas-Saint-Laurent
C013445,1,1,0.999069761936264,36.335305350971346,-30.73737989069909,1,1,Bas-Saint-Laurent
C011093,1,0,0.0018223421937962783,24.522958026457015,-29.580809028837933,0,0,Montreal
C008552,1,1,0.9540073030053168,31.541784364199852,-29.109684145138328,1,0,Montreal
C002536,1,0,0.2336044355491714,28.245305350971343,-29.19824847072142,0,0,Capitale-Nationale
C002988,1,1,0.868441609130184,31.09647901322851,-29.582727554975097,1,0,Montreal
C000286,1,1,0.04776902868082488,28.701784364199852,-31.101994470481877,0,1,Gaspesie-Iles-de-la-Madeleine
C007660,1,0,0.01658447711056834,27.972958026457015,-31.24755839535971,0,1,Bas-Saint-Laurent
C003996,1,0,0.1366136899484995,30.274131688714178,-31.752956370355363,1,1,Cote-Nord
C003188,1,0,0.00013838577849307988,23.997371195328434,-31.124238144028883,0,1,Gaspesie-Iles-de-la-Madeleine
C011233,1,1,0.9993053092066836,34.19089218209992,-28.358587305578418,1,0,Capitale-Nationale
C001372,1,1,0.7591423674970693,31.010892182099926,-30.090101712842895,1,0,Capitale-Nationale
C003464,1,1,0.9301224076294777,30.792958026457015,-28.716680749783194,1,0,Montreal
C008292,1,0,0.029503735326991444,26.62530535097134,-29.427252673999998,0,0,Montreal
C000523,1,0,0.00020873401879612898,25.277371195328435,-32.0745086435314,0,1,Bas-Saint-Laurent
C011986,1,1,0.991117164931855,34.92737119532843,-31.145729228335195,1,1,Cote-Nord
C003316,1,0,0.04066862251585459,29.322958026457016,-31.85820031428967,0,1,Bas-Saint-Laurent
C007266,1,0,0.007766253097591489,25.95647901322851,-29.846771748107138,0,0,Montreal
C010862,1,1,0.9998019607928355,35.91295802645702,-29.073625243609417,1,0,Montreal
C002246,1,0,0.056558778012789974,28.365305350971344,-30.622601180722587,0,1,Bas-Saint-Laurent
C002981,1,1,0.2265680891268306,28.578826337742836,-29.563630974788822,0,0,Montreal
C006680,1,1,0.9094666532168516,30.51206584435709,-28.66152274349942,1,0,Montreal
C009962,1,0,0.49161265750667676,28.91647901322851,-28.943391284432543,0,0,Montreal
C003791,1,1,0.4064686892364427,29.301784364199854,-29.605443553202015,0,0,Montreal
C001294,1,0,0.01449270722143354,28.61619753307127,-32.000641747619454,0,1,Bas-Saint-Laurent
C006325,1,0,0.014027962625530691,27.60971851984276,-31.020683467628203,0,1,Gaspesie-Iles-de-la-Madeleine
C013849,1,0,0.07872222290944358,28.30530535097134,-30.278325011748827,0,0,Capitale-Nationale
C012783,1,1,0.7396781821636553,31.58413168871418,-30.746507721428635,1,1,Bas-Saint-Laurent
C012399,1,0,0.0004814503452535461,24.515305350971342,-30.641880138364662,0,0,Montreal
C003545,1,0,0.4509604512050671,28.92413168871418,-29.081976425157396,0,0,Montreal
C012095,1,0,0.07939460567736294,27.572958026457016,-29.538570317121888,0,0,Capitale-Nationale
C006957,1,1,0.040884244866248906,26.689718519842764,-29.220539091032204,0,0,Montreal
C011299,1,1,0.7663517361444548,29.825305350971345,-28.872558575180218,0,0,Montreal
C013625,1,1,0.771988189872875,30.92206584435709,-29.943854659764767,1,0,Montreal
C012018,1,1,0.9899732950006584,32.93737119532843,-29.25381413044921,1,0,Montreal
C006843,1,0,0.020403542151650213,26.543239506614253,-29.64849184870892,0,0,Montreal
C009536,1,0,0.14541980332957613,27.05647901322851,-28.47697584761779,0,0,Montreal
C002921,1,0,0.06172651085094539,26.68206584435709,-28.864826541728263,0,0,Capitale-Nationale
C002946,1,0,0.5274905270821102,30.23530535097134,-30.147016373760387,1,0,Montreal
C000344,1,1,0.930925096117609,32.83413168871418,-30.74789547578741,1,1,Cote-Nord
C010724,1,0,0.0030004719347243394,25.657371195328437,-30.314313204424533,0,0,Montreal
C001961,1,0,0.028336194019853538,27.11647901322851,-29.951776809795707,0,0,Capitale-Nationale
C006556,1,1,0.9230672128676934,30.6885448575856,-28.69552594540598,1,0,Montreal
C011422,1,1,0.9508026368644611,31.04206584435709,-28.66669149189824,1,0,Capitale-Nationale
C000015,1,0,0.0377989263980281,28.91061070194269,-31.506942899102476,0,1,Bas-Saint-Laurent
C001864,1,1,0.6667037628712674,28.98530535097134,-28.429202290322124,0,0,Montreal
C010729,1,1,0.7704273411383212,30.41413168871418,-29.443015868726416,1,0,Capitale-Nationale
C005016,1,0,0.012921030223030597,25.86413168871418,-29.341925890006646,0,0,Montreal
C010661,1,0,0.09389261969305968,29.48385020855694,-31.30220203705837,0,1,Cote-Nord
C008870,1,0,0.015913376598133813,25.75737119532843,-29.06565091042563,0,0,Montreal
C000609,1,0,0.13123718718407454,28.02647901322851,-29.542487811401518,0,0,Montreal
C010439,1,1,0.5857096463313307,29.99413168871418,-29.7164009492257,0,0,Montreal
C006569,1,0,0.23643700822585537,29.622958026457017,-30.563263836928108,0,1,Gaspesie-Iles-de-la-Madeleine
C011625,1,1,0.8615155967480631,30.46530535097134,-28.99912938068414,1,0,Montreal
C008499,1,0,0.0002515551912066032,24.247371195328434,-30.894802266724817,0,1,Cote-Nord
C005267,1,1,0.9712168622205123,31.64413168871418,-28.821755527349154,1,0,Montreal
C011378,1,1,0.991317057803282,32.83295802645702,-29.032898377705482,1,0,Montreal
C004472,1,0,0.059562136022231774,28.160892182099925,-30.37413048313913,0,0,Montreal
C009655,1,0,0.2656582079814216,29.065305350971343,-29.88084562697355,0,0,Capitale-Nationale
C005932,1,1,0.9953642323613368,33.61413168871418,-29.3074430765611,1,0,Montreal
C007798,1,0,0.045350929031308225,28.029718519842763,-30.473629124913508,0,1,Cote-Nord
C003009,1,1,0.5687586353433872,31.712958026457017,-31.490947878158483,1,1,Cote-Nord
C013281,1,0,0.44276931426750205,29.320892182099925,-29.505317975291174,0,0,Capitale-Nationale
C006192,1,1,0.6179639726052072,28.881784364199852,-28.49604515716573,0,0,Montreal
C010992,1,0,0.0020190174651418882,27.133850208556943,-32.10933783254485,0,1,Cote-Nord
C002146,1,1,0.8508171426451782,31.5285448575856,-30.13207967848789,1,0,Montreal
C011713,1,1,0.6830807963329232,30.46530535097134,-29.84932423844583,1,0,Capitale-Nationale
C005083,1,0,0.005287111478883581,28.005305350971344,-32.20601741933849,0,1,Bas-Saint-Laurent
C005045,1,1,0.9883549134782552,31.739718519842764,-28.177492931989033,1,0,Capitale-Nationale
C004482,1,1,0.30048885318169294,28.561784364199852,-29.239530548923348,0,0,Capitale-Nationale
C005360,1,1,0.9987335915685511,34.68530535097135,-29.335095515028506,1,0,Montreal
C001875,1,0,0.006534060251254217,24.78206584435709,-28.811923210539586,0,0,Montreal
C007805,1,0,0.004646351194604551,26.89413168871418,-31.198982661914076,0,1,Gaspesie-Iles-de-la-Madeleine
C004651,1,0,0.08562846045057128,27.39530535097134,-29.294839709303293,0,0,Capitale-Nationale
C010434,1,1,0.9689789323390094,31.434131688714178,-28.673664159315454,1,0,Montreal
C007424,1,0,6.371149361742527e-06,21.329718519842764,-30.92574941842375,0,1,Cote-Nord
C009147,1,0,0.4861470153800232,30.78267654629978,-30.827133504686724,1,1,Bas-Saint-Laurent
C011994,1,0,0.6031662422481116,29.452958026457015,-29.117141017329633,0,0,Capitale-Nationale
C006828,1,1,0.6793647452284348,29.115305350971344,-28.513049927786593,0,0,Montreal
C000564,1,0,0.10723250298163942,28.095305350971344,-29.795204545028565,0,0,Montreal
C000360,1,1,0.8479989705548464,30.87206584435709,-29.493272655516712,1,0,Montreal
C000029,1,0,0.3658734174166545,29.009718519842764,-29.450839049514922,0,0,Capitale-Nationale
C006341,1,1,0.7883574291776733,31.089718519842762,-30.034922693435046,1,0,Capitale-Nationale
C010638,1,1,0.9985864814362836,34.93413168871418,-29.672187841612896,1,0,Montreal
C004946,1,1,0.5352437890697311,29.62530535097134,-29.512042199016,0,0,Capitale-Nationale
C006712,1,1,0.46434867954141645,28.3985448575856,-28.513122128377805,0,0,Capitale-Nationale
C009357,1,1,0.8819722255228394,32.13619753307127,-30.522993619601557,1,1,Cote-Nord
C002160,1,1,0.7305037695693178,31.550610701942688,-30.750778664629646,1,1,Gaspesie-Iles-de-la-Madeleine
C011275,1,1,0.9989387474890431,35.997371195328434,-30.505238488518422,1,1,Bas-Saint-Laurent
C005780,1,1,0.9805019636567538,32.78971851984276,-29.64731422887799,1,0,Capitale-Nationale
C006670,1,0,0.029126966242849207,27.675305350971342,-30.487872882599234,0,0,Capitale-Nationale
C009039,1,0,0.012050603164642766,27.547371195328438,-31.08181163964231,0,1,Bas-Saint-Laurent
C011143,1,0,0.07706500339551149,29.41826337742836,-31.40979010174396,0,1,Cote-Nord
C006362,1,0,0.021645162836765874,26.170892182099927,-29.22774475624988,0,0,Montreal
C011309,1,0,0.07916706800367641,27.799718519842763,-29.767831060425454,0,0,Montreal
C008773,1,1,0.9657808014583479,32.41178436419985,-29.73267021400184,1,0,Capitale-Nationale
C012884,1,1,0.798456153265122,32.263850208556946,-31.159629045527286,1,1,Cote-Nord
C006183,1,0,0.036696494797991634,28.589718519842762,-31.210710728667088,0,1,Gaspesie-Iles-de-la-Madeleine
C001307,1,1,0.33386126322340354,28.54647901322851,-29.100543405386425,0,0,Montreal
C005493,1,0,0.29336362758830725,30.717371195328433,-31.42249465066468,1,1,Bas-Saint-Laurent
C004026,1,0,0.09480351774668248,28.447371195328436,-30.25717228302813,0,0,Montreal
C000080,1,0,0.3489187374199187,30.5385448575856,-31.038887383498913,1,1,Gaspesie-Iles-de-la-Madeleine
C013877,1,0,0.03410581441474641,28.73530535097134,-31.417175786025954,0,1,Gaspesie-Iles-de-la-Madeleine
C001834,1,1,0.11579219602430342,27.415305350971344,-29.045878083493747,0,0,Montreal
C012284,1,1,0.8352545516395211,32.36943703968552,-31.067369866765194,1,1,Gaspesie-Iles-de-la-Madeleine
C013224,1,1,0.9358122570108239,33.69619753307127,-31.546904492782264,1,1,Bas-Saint-Laurent
C005678,1,0,0.1755132640040301,27.729718519842763,-28.970595108968368,0,0,Montreal
C000946,1,0,0.012768159531827394,28.08619753307127,-31.573662226862723,0,1,Gaspesie-Iles-de-la-Madeleine
C003030,1,0,0.11571390349013193,28.25413168871418,-29.88531795659119,0,0,Montreal
C010802,1,0,0.05663982833979956,27.372958026457017,-29.629036345454757,0,0,Montreal
C000565,1,1,0.9979192746226364,35.09502387081411,-30.143733349546654,1,1,Gaspesie-Iles-de-la-Madeleine
C007057,1,0,0.2916165763761165,30.4385448575856,-31.150439864042344,1,1,Gaspesie-Iles-de-la-Madeleine
C008650,1,0,0.3278401885498121,28.38413168871418,-28.960010976638085,0,0,Montreal
C000557,1,0,0.09351928668804249,26.69206584435709,-28.513943701524,0,0,Montreal
C005905,1,0,0.05679500864010467,26.3885448575856,-28.642296672524758,0,0,Montreal
C008309,1,0,0.03450606406769405,27.185305350971344,-29.857485154317818,0,0,Montreal
C007247,1,0,0.00037484396548943783,24.871784364199854,-31.19920340124583,0,1,Gaspesie-Iles-de-la-Madeleine
C004929,1,1,0.9677939416004988,31.25647901322851,-28.527061891347618,1,0,Montreal
C009739,1,0,0.005209033014565906,27.325305350971345,-31.53801379006814,0,1,Cote-Nord
C011890,1,0,0.6765590056157007,29.945305350971342,-29.353357635758822,0,0,Montreal
C003602,1,0,0.10697574746271765,28.7785448575856,-30.480597518538573,0,1,Cote-Nord
C002490,1,0,0.001545572141913515,24.982958026457016,-30.17315907879498,0,1,Bas-Saint-Laurent
C003311,1,1,0.6997065288661459,31.09647901322851,-30.417987122789143,1,1,Gaspesie-Iles-de-la-Madeleine
C002374,1,0,0.02719534302207562,28.21413168871418,-31.083332083050752,0,1,Gaspesie-Iles-de-la-Madeleine
C012864,1,1,0.6596663294575902,32.07502387081411,-31.54419197738371,1,1,Bas-Saint-Laurent
C001963,1,1,0.5329406974959409,30.07206584435709,-29.966226402808964,0,0,Capitale-Nationale
C003273,1,0,0.023223608504804327,27.627371195328436,-30.626471372356786,0,1,Cote-Nord
C012616,1,1,0.5215559526720227,30.17413168871418,-30.10492919632389,1,0,Montreal
C002685,1,1,0.9081064932252224,30.434131688714178,-28.596749981685743,1,0,Montreal
C005828,1,1,0.5721720851215227,29.769718519842762,-29.53653477083353,0,0,Capitale-Nationale
C000870,1,1,0.9931156607605722,35.46385020855694,-31.476161541984343,1,1,Cote-Nord
C006515,1,0,0.0851049912252541,28.947371195328436,-30.852283073484625,0,1,Bas-Saint-Laurent
C002875,1,0,0.012152565540995882,27.94061070194269,-31.468210246808844,0,1,Gaspesie-Iles-de-la-Madeleine
C012873,1,1,0.9194550263089718,33.40178436419985,-31.44871332545364,1,1,Cote-Nord
C013831,1,0,0.005784647394938742,26.94413168871418,-31.07230586902687,0,1,Bas-Saint-Laurent
C010565,1,0,0.09831546648732145,27.46530535097134,-29.242812412768416,0,0,Capitale-Nationale
C003301,1,1,0.685246082968477,29.889718519842763,-29.265699932020357,0,0,Montreal
C002723,1,0,0.055374986518855564,26.852958026457017,-29.128225897233925,0,0,Montreal
C010962,1,1,0.9729262984858116,35.146197533071266,-32.273301131848996,1,1,Gaspesie-Iles-de-la-Madeleine
C000238,1,1,0.11381524524055427,29.412958026457016,-31.059134727915414,0,1,Gaspesie-Iles-de-la-Madeleine
C005115,1,0,0.2028530351514269,30.69061070194269,-31.78832224039994,1,1,Gaspesie-Iles-de-la-Madeleine
C002568,1,0,0.0009156573299571823,25.460610701942688,-31.07121961720583,0,1,Gaspesie-Iles-de-la-Madeleine
C003231,1,1,0.9363322433539495,31.249718519842762,-29.093455674480886,1,0,Montreal
C005633,1,0,0.018781973653954304,28.00061070194269,-31.173611856556995,0,1,Bas-Saint-Laurent
C005998,1,0,0.13587202336291734,29.57061070194269,-31.054490480559608,0,1,Bas-Saint-Laurent
C001348,1,0,0.06003512190018476,26.751784364199853,-28.9582748460346,0,0,Montreal
C013368,1,0,0.30042848194080013,30.890610701942688,-31.568587273272904,1,1,Bas-Saint-Laurent
C006248,1,1,0.7121397115011889,33.01413168871418,-32.2875958993092,1,1,Bas-Saint-Laurent
C004918,1,0,0.0030478960029121527,26.45413168871418,-31.098457162993547,0,1,Gaspesie-Iles-de-la-Madeleine
C013448,1,1,0.9888777237316406,31.7685448575856,-28.169051421820235,1,0,Montreal
C012651,1,1,0.8404260514679908,30.607371195328433,-29.27477108073477,1,0,Capitale-Nationale
C005726,1,0,0.013994751070972667,25.915305350971344,-29.32819854520289,0,0,Montreal
C004272,1,0,0.0001970946067729992,23.975305350971343,-30.81847384412755,0,1,Bas-Saint-Laurent
C013590,1,1,0.9993782787840808,35.87089218209992,-29.94951631536726,1,0,Montreal
C006785,1,0,0.00471731085598231,26.73530535097134,-31.027942057896006,0,1,Bas-Saint-Laurent
C003605,1,0,0.03247714398031037,27.9585448575856,-30.681014127895548,0,1,Cote-Nord
C012114,1,0,0.033058076600648634,26.525305350971344,-29.233072283132454,0,0,Montreal
C011848,1,1,0.47542326494277826,30.175305350971342,-30.254220348671826,1,0,Montreal
C002055,1,1,0.9557652333296407,31.433239506614253,-28.96840378704524,1,0,Montreal
C006547,1,1,0.6318428343291472,29.119718519842763,-28.68648290763699,0,0,Montreal
C006908,1,0,0.003951460347864869,28.139718519842763,-32.575066083760895,0,1,Gaspesie-Iles-de-la-Madeleine
C011901,1,0,0.001620338049941505,24.962958026457017,-30.115207582751907,0,1,Cote-Nord
C010344,1,0,0.0027372806780172313,25.97061070194269,-30.701400347784496,0,1,Cote-Nord
C003928,1,1,0.9104657104107112,31.64530535097134,-29.784981126869422,1,0,Montreal
C008147,1,0,0.0012757338220570123,24.065305350971343,-29.40962299700927,0,0,Montreal
C004229,1,0,0.037122974390147126,28.041784364199852,-30.653153357024006,0,1,Gaspesie-Iles-de-la-Madeleine
C008308,1,0,0.43791049019558204,29.52647901322851,-29.72671902355379,0,0,Capitale-Nationale
C013472,1,1,0.9537731252936071,31.132958026457015,-28.70512832180141,1,0,Montreal
C011530,1,1,0.746084928397452,29.912958026457016,-29.04842940947156,0,0,Montreal
C006684,1,0,0.10109370796293536,29.115023870814106,-30.867704152945056,0,1,Cote-Nord
C012739,1,0,0.42482273316094504,29.34647901322851,-29.589518533706304,0,0,Capitale-Nationale
C011750,1,0,0.3772193008876762,29.080892182099927,-29.4830362063631,0,0,Montreal
C005705,1,1,0.7078441416262736,32.696479013228505,-31.98667679181047,1,1,Bas-Saint-Laurent
C004823,1,1,0.9294193045990926,32.03206584435709,-29.96442539590757,1,0,Montreal
C003568,1,1,0.718587876928598,30.771784364199853,-30.019847128838666,1,0,Capitale-Nationale
C000186,1,0,0.006103258719107323,25.46413168871418,-29.549044166500558,0,0,Capitale-Nationale
C010427,1,0,0.4353282613238189,29.225305350971343,-29.433965439169985,0,0,Capitale-Nationale
C003964,1,1,0.9439600184503408,32.0985448575856,-29.83341676419159,1,0,Montreal
C004512,1,0,0.012895532924994449,26.87530535097134,-30.354704620878422,0,0,Capitale-Nationale
C005418,1,0,0.02469041018271736,27.515305350971342,-30.464075454420055,0,0,Capitale-Nationale
C010911,1,0,0.4762052643722151,29.290892182099928,-29.36729234702957,0,0,Capitale-Nationale
C013667,1,1,0.8576070893202293,31.64413168871418,-30.203927206984808,1,0,Montreal
C001846,1,0,0.017829933748074712,27.60413168871418,-30.819634709773403,0,1,Cote-Nord
C012749,1,1,0.890209670995957,30.219718519842765,-28.54102846224919,1,0,Montreal
C002550,1,0,0.231368471064903,28.327371195328432,-29.290365310645804,0,0,Capitale-Nationale
C008411,1,0,0.0003486800835699833,23.48530535097134,-29.870780898616125,0,0,Montreal
C006845,1,0,0.0002644485728477781,24.503850208556944,-31.111178760926023,0,1,Bas-Saint-Laurent
C000862,1,0,0.12226334703614232,27.71530535097134,-29.296368330622776,0,0,Capitale-Nationale
C003111,1,1,0.9679205729978925,32.77826337742836,-30.045581332559156,1,1,Cote-Nord
C007056,1,0,0.14425532007873398,27.88647901322851,-29.314516877749963,0,0,Capitale-Nationale
C012421,1,0,0.0342658787327275,29.62413168871418,-32.30211363694586,0,1,Cote-Nord
C005058,1,0,0.014971282137865237,25.78413168871418,-29.14212765733283,0,0,Montreal
C007624,1,1,0.9220618144285335,33.51737119532844,-31.535640680915684,1,1,Gaspesie-Iles-de-la-Madeleine
C004652,1,1,0.9954727344100136,34.740610701942686,-30.41483813320608,1,1,Gaspesie-Iles-de-la-Madeleine
C002720,1,0,0.031410552379318134,29.609437039685528,-32.359574113593354,0,1,Cote-Nord
C009592,1,0,9.289560233806931e-05,21.524131688714178,-28.97072489252922,0,0,Montreal
C011511,1,0,0.03140376270749668,26.65413168871418,-29.40444778368755,0,0,Montreal
C013024,1,1,0.8899561468518937,30.79413168871418,-29.117520126435508,1,0,Montreal
C004883,1,0,0.0071591588875804845,26.08061070194269,-30.03668073933101,0,1,Gaspesie-Iles-de-la-Madeleine
C000241,1,1,0.8903236807909286,31.28971851984276,-29.610092391254593,1,0,Montreal
C013223,1,0,0.003738788679155279,25.07413168871418,-29.554025172568487,0,0,Capitale-Nationale
C012019,1,0,0.16820155650602253,28.89206584435709,-30.174154597049224,0,0,Montreal
C001509,1,0,0.951721940732832,33.5785448575856,-31.18726559682859,1,1,Gaspesie-Iles-de-la-Madeleine
C008623,1,1,0.7207240548730854,30.1185448575856,-29.35811487845621,1,0,Montreal
C013068,1,0,0.045982950929971324,29.301784364199854,-31.73406276276952,0,1,Gaspesie-Iles-de-la-Madeleine
C000010,1,1,0.9931806771755785,33.149718519842764,-29.154366288967477,1,0,Capitale-Nationale
C012379,1,1,0.9528796816662816,31.12206584435709,-28.710342305018223,1,0,Montreal
C004423,1,0,0.3062935863821228,28.399718519842764,-29.055434144182612,0,0,Montreal
C004669,1,1,0.9925362493637617,32.704131688714185,-28.781727450685413,1,0,Capitale-Nationale
C010903,1,1,0.9691748075908013,31.731784364199854,-28.96607401969872,1,0,Montreal
C005299,1,0,0.16574702343650596,30.1985448575856,-31.49478805007707,1,1,Gaspesie-Iles-de-la-Madeleine
C002872,1,1,0.41105006071535055,28.35178436419985,-28.640238346386795,0,0,Montreal
C007703,1,0,0.07272263199151847,26.771784364199853,-28.81359479813191,0,0,Montreal
C011793,1,0,0.00041580839062429353,24.00206584435709,-30.246263071650286,0,0,Capitale-Nationale
C001564,1,0,0.08170402081548848,27.157371195328437,-29.097970569082158,0,0,Montreal
C001392,1,0,0.040391771950934525,29.602958026457017,-32.1439106579764,0,1,Gaspesie-Iles-de-la-Madeleine
C001084,1,0,0.7743122668242766,30.225305350971343,-29.236465555163235,1,0,Montreal
C005268,1,0,0.00033231958575281797,23.21647901322851,-29.640514496317824,0,0,Montreal
C010164,1,0,0.13849811037704154,29.031784364199854,-30.497868185710736,0,0,Capitale-Nationale
C000705,1,0,0.0017511348725950894,26.090892182099925,-31.180770677083846,0,1,Gaspesie-Iles-de-la-Madeleine
C010814,1,0,3.835108404757227e-05,21.330892182099927,-29.487136453924663,0,0,Montreal
C004073,1,0,0.029405387101796337,28.30619753307127,-31.110904313727282,0,1,Bas-Saint-Laurent
C007083,1,0,0.009613773430811457,26.93619753307127,-30.653821339000757,0,1,Gaspesie-Iles-de-la-Madeleine
C006123,1,0,0.06642735450281737,28.95619753307127,-31.076059532918205,0,1,Bas-Saint-Laurent
C002883,1,0,0.7617692607710783,30.24413168871418,-29.31177446638896,1,0,Montreal
C007371,1,0,0.2857674913453519,29.530892182099926,-30.265634335663943,0,0,Montreal
C013982,1,1,0.9814488274839284,34.81502387081411,-31.631916526887103,1,1,Bas-Saint-Laurent
C002733,1,1,0.9852637837527485,32.25737119532843,-28.886490150530012,1,0,Montreal
C009815,1,1,0.3025820779591609,28.337652675485675,-29.007427000163034,0,0,Montreal
C009446,1,0,0.9843160333781832,32.6885448575856,-29.368430898107373,1,0,Montreal
C008790,1,0,0.011987719354828858,27.07413168871418,-30.612819720995077,0,0,Montreal
C012216,1,0,0.03759755989389383,28.71619753307127,-31.31698199594824,0,1,Bas-Saint-Laurent
C003562,1,1,0.8719215577671691,30.86206584435709,-29.323604281310825,1,0,Montreal
C005750,1,1,0.9701697028436578,31.695305350971342,-28.902457165974912,1,0,Montreal
C013785,1,0,0.029064680776876108,28.861784364199853,-31.676120395962776,0,1,Cote-Nord
C004010,1,0,0.0007829431892490403,23.190892182099926,-28.927201162407812,0,0,Montreal
C010021,1,0,0.02357254767859248,25.610892182099928,-28.59774379810966,0,0,Montreal
C000828,1,0,0.002765160841393404,24.41413168871418,-29.136770627040434,0,0,Montreal
C013999,1,1,0.999848458338738,37.61619753307127,-30.562183539084238,1,1,Gaspesie-Iles-de-la-Madeleine
C001438,1,0,0.08157566352961318,27.599718519842764,-29.54169108367987,0,0,Montreal
C003999,1,0,0.0002955922319878101,24.519718519842762,-31.037721669555133,0,1,Bas-Saint-Laurent
C003117,1,0,0.11357491422935995,30.239718519842764,-31.887808201029753,1,1,Cote-Nord
C009669,1,1,0.6102985690724108,28.9985448575856,-28.638751650607638,0,0,Montreal
C003014,1,1,0.9878572741456071,32.28647901322851,-28.758221776641037,1,0,Montreal
C009335,1,1,0.8843716552941229,31.41061070194269,-29.778753544400963,1,0,Montreal
C005269,1,0,0.004651638651082749,26.2985448575856,-30.602479321725568,0,1,Cote-Nord
C003590,1,0,0.0618677360924267,29.33619753307127,-31.517004463646327,0,1,Bas-Saint-Laurent
C006766,1,1,0.9876055876949867,33.67089218209992,-30.159294651638582,1,0,Montreal
C011547,1,1,0.9724726579260385,33.84295802645702,-30.9837640431417,1,1,Gaspesie-Iles-de-la-Madeleine
C005734,1,0,0.9136325143760898,32.1185448575856,-30.22655189174656,1,0,Montreal
C000544,1,0,0.44806358477344543,30.812958026457014,-30.980192768281,1,1,Bas-Saint-Laurent
C006427,1,1,0.7137374267199041,30.6185448575856,-29.88574727802644,1,0,Montreal
C001702,1,1,0.3306356279769719,30.360892182099928,-30.926618363553857,1,1,Bas-Saint-Laurent
C009479,1,1,0.9670566733753213,30.95647901322851,-28.245827857404883,1,0,Capitale-Nationale
C001275,1,1,0.886312022069191,30.78971851984276,-29.142529238888997,1,0,Montreal
C000233,1,1,0.12804674592545706,29.08061070194269,-30.619299945736735,0,1,Gaspesie-Iles-de-la-Madeleine
C007460,1,0,0.05227778637086888,27.8985448575856,-30.222603972656227,0,1,Bas-Saint-Laurent
C006830,1,1,0.9893967995192271,35.04061070194268,-31.402361003330213,1,1,Gaspesie-Iles-de-la-Madeleine
C006881,1,1,0.9939482950092694,32.66413168871418,-28.572373607949473,1,0,Montreal
C010936,1,0,0.039620582287387386,27.83061070194269,-30.387669933016603,0,1,Cote-Nord
C008103,1,0,0.17837178071030607,28.06441316887142,-29.289545889672162,0,0,Montreal
C008401,1,1,0.5637846250342953,32.109437039685524,-31.903670899385276,1,1,Gaspesie-Iles-de-la-Madeleine
C011888,1,0,0.005562597538857888,25.594131688714178,-29.753880731871973,0,0,Montreal
C008227,1,0,0.035146504985279006,28.93061070194269,-31.587507685356098,0,1,Bas-Saint-Laurent
C012225,1,0,0.014132417881871076,25.607652675485674,-29.01258220478936,0,0,Montreal
C008498,1,0,0.024010600613612116,27.21647901322851,-30.188202052093896,0,0,Montreal
C005510,1,1,0.9967521368635893,32.69971851984276,-28.106523619151353,1,0,Montreal
C001742,1,0,0.0023427088295168317,26.845305350971344,-31.70126390084824,0,1,Bas-Saint-Laurent
C004059,1,0,0.3965386050008585,30.30413168871418,-30.640937892466084,1,1,Bas-Saint-Laurent
C010702,1,0,0.009167023458300025,26.812958026457014,-30.56911053529459,0,1,Cote-Nord
C004916,1,1,0.22405412519027687,29.419718519842764,-30.416075708839315,0,1,Bas-Saint-Laurent
C002750,1,1,0.40824215866627556,28.935305350971344,-29.233072283132454,0,0,Montreal
C011497,1,0,0.01869621677281418,27.185305350971344,-30.36204728284301,0,0,Montreal
C012035,1,0,0.007297524051274403,27.11061070194269,-31.05121477026221,0,1,Bas-Saint-Laurent
C010503,1,1,0.9584063538387194,32.57413168871418,-30.05770273315003,1,1,Gaspesie-Iles-de-la-Madeleine
C013354,1,1,0.34267472320967274,30.095023870814106,-30.617505722529124,0,1,Gaspesie-Iles-de-la-Madeleine
C010272,1,0,0.0024962498289997858,26.0985448575856,-30.903461700590544,0,1,Bas-Saint-Laurent
C003484,1,0,4.782700936372073e-05,22.120892182099926,-30.100020304530442,0,0,Montreal
C002688,1,0,0.0012283351731909296,24.205305350971344,-29.580029803614245,0,0,Capitale-Nationale
C011526,1,0,0.007511331603584524,26.635305350971343,-30.55257406490035,0,0,Montreal
C005692,1,0,0.06108719104225548,28.82619753307127,-31.017855420724867,0,1,Bas-Saint-Laurent
C008181,1,0,0.09962836872317747,28.91061070194269,-30.676308765345624,0,1,Bas-Saint-Laurent
C002582,1,0,0.43972482782812694,30.22413168871418,-30.418462130545485,1,1,Cote-Nord
C005515,1,0,0.009228239630966133,26.710892182099926,-30.46165666150704,0,0,Capitale-Nationale
C008315,1,1,0.2786618418740293,28.99206584435709,-29.75494464420967,0,0,Montreal
C007373,1,0,0.6642834030815351,30.29619753307127,-29.748815311366936,1,0,Montreal
C001938,1,0,0.00810762216382239,27.87413168871418,-31.729644903149985,0,1,Gaspesie-Iles-de-la-Madeleine
C000558,1,0,0.020553127608090114,26.227652675485672,-29.326923549120984,0,0,Capitale-Nationale
C001316,1,0,0.6372520634602462,29.42647901322851,-28.974533499062556,0,0,Montreal
C006397,1,1,0.9998538999008411,36.627371195328436,-29.544021398000325,1,0,Capitale-Nationale
C012984,1,0,0.017079768683852442,26.34647901322851,-29.597071689706084,0,0,Montreal
C005601,1,0,0.022072830023625194,28.161784364199853,-31.202592924118896,0,1,Bas-Saint-Laurent
C005618,1,1,0.623546266395099,29.73647901322851,-29.331720097045658,0,0,Montreal
C008003,1,1,0.9931333737679303,33.78502387081411,-29.7952544974552,1,0,Capitale-Nationale
C008240,1,0,0.6222671420184164,29.87530535097134,-29.474914272739134,0,0,Capitale-Nationale
C007827,1,1,0.3278538923831054,28.391784364199854,-28.967613771953697,0,0,Montreal
C012108,1,0,0.0007913369568004567,23.70647901322851,-29.43422794446734,0,0,Montreal
C008488,1,0,1.6564778101832616e-05,22.897371195328432,-31.726994146947703,0,1,Bas-Saint-Laurent
C004659,1,0,0.0012684010920633456,25.99826337742836,-31.347210531023126,0,1,Gaspesie-Iles-de-la-Madeleine
C006536,1,0,0.2082497822689149,30.041784364199852,-31.112987032544694,0,1,Bas-Saint-Laurent
C010949,1,1,0.995515910469432,33.59971851984276,-29.266224967045176,1,0,Capitale-Nationale
C004118,1,0,0.012519481578265703,26.265023870814105,-29.76846662937861,0,0,Capitale-Nationale
C005683,1,0,0.09952666316966131,26.989718519842764,-28.756326417584628,0,0,Capitale-Nationale
C010188,1,0,0.007265290527832758,27.127371195328436,-31.071552043793343,0,1,Gaspesie-Iles-de-la-Madeleine
C005827,1,1,0.6873141757938913,31.079718519842764,-30.44799528050594,1,0,Montreal
C003195,1,0,0.007869645384608088,25.177652675485675,-29.05725398887008,0,0,Montreal
C013283,1,1,0.9334644309297807,31.8885448575856,-29.770081438505994,1,0,Montreal
C005438,1,0,0.5551075926167427,31.385023870814106,-31.207496830600157,1,1,Gaspesie-Iles-de-la-Madeleine
C008445,1,0,0.002828591009034449,24.33206584435709,-29.036462346616695,0,0,Capitale-Nationale
C007906,1,0,0.005310451010360964,27.6785448575856,-31.875705118345888,0,1,Cote-Nord
C013485,1,0,0.010199078563511552,26.61737119532843,-30.28711661913957,0,1,Gaspesie-Iles-de-la-Madeleine
C000154,1,0,0.09436614000608075,29.886197533071268,-31.700095124645475,0,1,Gaspesie-Iles-de-la-Madeleine
C006094,1,0,0.012183744917590889,25.837371195328437,-29.362890156742907,0,0,Montreal
C000445,1,0,0.009376492856995489,27.311784364199852,-31.049645450123194,0,1,Gaspesie-Iles-de-la-Madeleine
C007202,1,0,0.25907055332023304,28.559718519842765,-29.40256283520305,0,0,Capitale-Nationale
C010288,1,0,0.007481561890695983,25.57413168871418,-29.494609721911292,0,0,Capitale-Nationale
C011373,1,1,0.9893192732760498,33.15971851984276,-29.527374918914663,1,0,Montreal
C006075,1,0,0.3666238661457016,29.120892182099926,-29.559419419554104,0,0,Montreal
C009748,1,0,0.01630570296364024,26.862958026457015,-30.15138301209213,0,0,Montreal
C001145,1,1,0.8244949195151786,32.14502387081411,-30.904101920993394,1,1,Gaspesie-Iles-de-la-Madeleine
C009462,1,1,0.9915488962831599,34.10295802645702,-30.28100343817053,1,0,Capitale-Nationale
C002014,1,1,0.7915323489474835,31.6085448575856,-30.538401638530043,1,1,Cote-Nord
C000480,1,0,0.8091785537635233,31.080892182099927,-29.922121931132484,1,0,Montreal
C005129,1,0,0.03243425813003933,26.695305350971342,-29.418870033232167,0,0,Capitale-Nationale
C004389,1,0,0.9497682514396129,31.76647901322851,-29.408667102020175,1,0,Capitale-Nationale
C003421,1,0,0.06030313703286566,27.970892182099927,-30.173581104383622,0,0,Montreal
C006961,1,0,0.002593812778097435,26.36737119532843,-31.141457806378884,0,1,Bas-Saint-Laurent
C000275,1,1,0.9362205314205077,30.85413168871418,-28.69937067224229,1,0,Montreal
C006705,1,1,0.8292368048673828,32.418544857585594,-31.151053542696935,1,1,Cote-Nord
C010815,1,0,0.08817276037943053,27.919718519842764,-29.7935322824906,0,0,Montreal
C000396,1,0,0.3819074666134236,29.342958026457016,-29.729134045105884,0,0,Montreal
C006655,1,1,0.9455827881297414,31.37206584435709,-29.081990602779744,1,0,Montreal
C007405,1,0,0.019652984935737347,26.15765267548567,-29.293581249619127,0,0,Capitale-Nationale
C003879,1,0,0.05594227676346199,27.15413168871418,-29.420742456828666,0,0,Montreal
C003169,1,1,0.9275073759310904,31.35413168871418,-29.30958143116351,1,0,Montreal
C012440,1,0,0.02492783284713425,28.61737119532843,-31.55826994138635,0,1,Gaspesie-Iles-de-la-Madeleine
C006832,1,0,0.44597406572287873,29.781784364199854,-29.955799205800297,0,0,Montreal
C011400,1,0,0.0032996619689814382,24.90647901322851,-29.4869409010818,0,0,Capitale-Nationale
C002686,1,0,0.36838433122346886,28.48530535097134,-28.917757768880673,0,0,Capitale-Nationale
C000398,1,1,0.8430501455854886,32.80295802645702,-31.45455781621138,1,1,Bas-Saint-Laurent
C005869,1,0,0.004565163648909167,27.8885448575856,-32.20760045220177,0,1,Bas-Saint-Laurent
C002601,1,0,0.7119016260321092,32.310610701942686,-31.585006243906324,1,1,Gaspesie-Iles-de-la-Madeleine
C002462,1,0,0.007504131790741568,27.38413168871418,-31.302175418530833,0,1,Bas-Saint-Laurent
C002774,1,0,0.042016114614245474,26.55413168871418,-29.062101194276433,0,0,Capitale-Nationale
C011291,1,0,0.6753677661554414,30.82413168871418,-30.236546192063358,1,0,Capitale-Nationale
C007518,1,1,0.9999488051536989,36.42089218209992,-28.4963479225938,1,0,Montreal
C012017,1,1,0.9965670372957087,33.53413168871418,-28.985542906537777,1,0,Montreal
C002290,1,1,0.42019517804413414,30.50061070194269,-30.758862672221476,1,1,Bas-Saint-Laurent
C006765,1,1,0.9229293730445695,31.280892182099926,-29.289428873037437,1,0,Montreal
C004754,1,0,0.29248895952856035,29.170892182099927,-29.879402875408704,0,0,Montreal
C003344,1,0,0.00030467633596040347,23.37971851984276,-29.873435711304374,0,0,Capitale-Nationale
C010650,1,1,0.42571917807010956,29.242958026457018,-29.483055699757312,0,0,Montreal
C009459,1,1,0.4739097388406631,30.582958026457018,-30.666741486487464,1,1,Cote-Nord
C002762,1,0,0.19891904315680853,29.469718519842765,-30.587086798929054,0,1,Gaspesie-Iles-de-la-Madeleine
C009384,1,1,0.9371405365305098,30.5585448575856,-28.391341734992636,1,0,Capitale-Nationale
C013359,1,1,0.6518950923116494,31.545305350971343,-31.04208784466454,1,1,Bas-Saint-Laurent
C013500,1,0,0.05944521768606071,29.321784364199853,-31.536698407007492,0,1,Cote-Nord
C012786,1,1,0.8243615703073269,30.790892182099928,-29.55070917059448,1,0,Montreal
C009652,1,0,0.0005107158565355127,24.415305350971344,-30.494524863553863,0,1,Bas-Saint-Laurent
C011312,1,1,0.988625428060043,32.22530535097135,-28.644007841684257,1,0,Montreal
C010930,1,0,0.007422265271941857,28.231784364199854,-32.15869279873395,0,1,Gaspesie-Iles-de-la-Madeleine
C010259,1,0,0.06529234360378734,27.35206584435709,-29.486725828014826,0,0,Montreal
C003503,1,1,0.6170681874647906,30.19971851984276,-29.817021372939912,1,0,Montreal
C007386,1,1,0.923774984799367,32.530610701942685,-30.529563694637442,1,1,Gaspesie-Iles-de-la-Madeleine
C002126,1,1,0.8576151878085111,30.999718519842762,-29.55946084409865,1,0,Montreal
C002896,1,1,0.9960987245099531,34.21295802645702,-29.76731795028972,1,0,Montreal
C012630,1,1,0.0404143867823972,28.527371195328435,-31.067855967516767,0,1,Gaspesie-Iles-de-la-Madeleine
C005898,1,0,0.24657291485266378,31.207371195328435,-32.10328968160839,1,1,Bas-Saint-Laurent
C008087,1,0,0.29489396983325944,29.731784364199854,-30.430995586588725,0,1,Gaspesie-Iles-de-la-Madeleine
C009907,1,0,0.007159117773199147,25.623239506614254,-29.579314183581896,0,0,Montreal
C001044,1,0,0.0010251350205215158,23.880892182099927,-29.40082678762717,0,0,Montreal
C004840,1,1,0.7100779741878824,32.426197533071274,-31.7077116280568,1,1,Gaspesie-Iles-de-la-Madeleine
C009809,1,0,0.13432277702189596,29.427371195328433,-30.9218859289929,0,1,Cote-Nord
C006253,1,0,0.010564762904221654,27.181784364199853,-30.82297817052232,0,1,Bas-Saint-Laurent
C001248,1,0,0.16429342934683622,29.92413168871418,-31.228836581106503,0,1,Gaspesie-Iles-de-la-Madeleine
C001931,1,0,0.1986934152728727,30.27061070194269,-31.38911516981245,1,1,Cote-Nord
C011715,1,0,0.007416080718860997,25.68737119532843,-29.614953245573687,0,0,Capitale-Nationale
C011489,1,1,0.981412972188876,31.920892182099927,-28.73936291480251,1,0,Capitale-Nationale
C010114,1,0,0.7911875438949877,30.179718519842762,-29.11125034853476,1,0,Montreal
C000047,1,0,0.0033940526259337,24.487371195328436,-29.04513434546096,0,0,Montreal
C002041,1,1,0.9909526479033751,33.749718519842766,-29.982929218265586,1,0,Montreal
C010034,1,0,0.0007387750613070619,23.79647901322851,-29.57939835307448,0,0,Montreal
C003780,1,0,0.0015931292987125523,24.594131688714178,-29.7599862490247,0,0,Capitale-Nationale
C008049,1,0,0.009026238646745099,28.235023870814107,-32.00370426440907,0,1,Gaspesie-Iles-de-la-Madeleine
C000402,1,0,3.4662640909247414e-05,23.349718519842764,-31.58707374610848,0,1,Bas-Saint-Laurent
C000620,1,0,0.00021881874452191904,23.767371195328437,-30.526655408207702,0,1,Cote-Nord
C009116,1,1,0.5239702568847864,29.737652675485673,-29.66068808466119,0,0,Montreal
C009974,1,0,0.4414928619528389,31.321784364199853,-31.510361101399127,1,1,Cote-Nord
C009426,1,0,0.04078267135465933,29.622958026457017,-32.15585875285765,0,1,Cote-Nord
C003304,1,1,0.6648647346303319,29.872958026457017,-29.323484057582466,0,0,Montreal
C001889,1,1,0.9063259280209641,30.665305350971344,-28.844890927634466,1,0,Capitale-Nationale
C000156,1,1,0.9373688829511556,32.11737119532843,-29.947053624370383,1,1,Gaspesie-Iles-de-la-Madeleine
C007121,1,0,0.4381409441779947,29.63647901322851,-29.83596810399549,0,0,Montreal
C011949,1,0,0.0016230637407396546,26.001784364199853,-31.15268360253978,0,1,Cote-Nord
C010974,1,1,0.49682581553306143,29.43619753307127,-29.446381646533112,0,0,Capitale-Nationale
C011950,1,0,0.006349354051218692,27.22413168871418,-31.27713857281489,0,1,Gaspesie-Iles-de-la-Madeleine
C013772,1,1,0.982901662644819,32.116479013228506,-28.86677303110545,1,0,Montreal
C008558,1,1,0.9726539522844044,31.842958026457016,-28.97831448369381,1,0,Capitale-Nationale
C006656,1,0,0.30704510458918377,28.445305350971342,-29.098185968260747,0,0,Capitale-Nationale
C012351,1,0,0.7905047551177949,30.562958026457014,-29.497800816089814,1,0,Capitale-Nationale
C006474,1,0,0.22459110990546513,30.611784364199853,-31.60566622301042,1,1,Gaspesie-Iles-de-la-Madeleine
C011094,1,0,0.005344776904606148,24.618826337742835,-28.810790997564354,0,0,Montreal
C004302,1,0,0.4979195229790513,31.571784364199853,-31.578459354861685,1,1,Gaspesie-Iles-de-la-Madeleine
C010801,1,0,0.00665585599775356,24.9385448575856,-28.953490384167587,0,0,Montreal
C006516,1,0,0.04603774833716143,28.60061070194269,-31.031887750048135,0,1,Gaspesie-Iles-de-la-Madeleine
C009966,1,1,0.9776963551439753,32.13089218209993,-29.098616877155262,1,0,Montreal
C003146,1,0,0.04601918970144803,28.701784364199852,-31.13340041983927,0,1,Cote-Nord
C002365,1,0,0.13390491148228098,27.779718519842763,-29.277119461976945,0,0,Montreal
C009662,1,0,0.0008970725008813307,24.28413168871418,-29.91120287463837,0,0,Capitale-Nationale
C001526,1,0,0.0022712943065287443,24.1585448575856,-29.039392070653903,0,0,Montreal
C002740,1,0,0.10815361936786955,30.02619753307127,-31.718408253586517,0,1,Cote-Nord
C012966,1,1,0.9568451386022178,30.777371195328435,-28.291805173209593,1,0,Montreal
C011085,1,0,0.08297398215403712,28.857371195328433,-30.784489144779087,0,1,Bas-Saint-Laurent
C009651,1,0,0.01659871730814358,27.439718519842764,-30.713618854684153,0,1,Cote-Nord
C002268,1,1,0.9996953890776761,35.67089218209992,-29.177002711075474,1,0,Capitale-Nationale
C000750,1,0,0.39758734201794127,29.83178436419985,-30.165076900228584,0,0,Montreal
C012575,1,0,0.2660828733446767,28.959718519842763,-29.773513659826833,0,0,Montreal
C002611,1,0,0.041768603501358796,27.005305350971344,-29.51822106064291,0,0,Capitale-Nationale
C013366,1,0,0.02197724509405271,28.499437039685525,-31.543804951596787,0,1,Cote-Nord
C006905,1,0,0.026117733448587227,26.590892182099925,-29.493410229189536,0,0,Montreal
C008115,1,0,0.6792243859684243,32.34502387081411,-31.74328522305946,1,1,Cote-Nord
C011165,1,1,0.9982008073769507,34.51765267548567,-29.449528643529412,1,0,Montreal
C000284,1,0,0.025566505789335815,28.63061070194269,-31.550692400262225,0,1,Gaspesie-Iles-de-la-Madeleine
C006148,1,1,0.9981100873975363,34.317371195328434,-29.28877712214714,1,0,Montreal
C009647,1,1,0.8169178181175639,31.52826337742836,-30.328648963194034,1,1,Gaspesie-Iles-de-la-Madeleine
C008154,1,1,0.8235057205909333,30.955305350971344,-29.71985444971154,1,0,Capitale-Nationale
C002697,1,1,0.31055682352230995,30.54619753307127,-31.185881407854488,1,1,Bas-Saint-Laurent
C004498,1,0,0.08326240447061406,29.662958026457016,-31.587040372357734,0,1,Bas-Saint-Laurent
C004677,1,0,0.39683100787409803,29.659718519842762,-29.995544743931386,0,0,Capitale-Nationale
C005415,1,1,0.07209350879999603,29.245023870814105,-31.29434741109438,0,1,Bas-Saint-Laurent
C012940,1,0,0.013484937684665792,27.891784364199854,-31.334857078119846,0,1,Cote-Nord
C002891,1,0,0.0032689039543371446,24.54647901322851,-29.134477490057296,0,0,Capitale-Nationale
C013383,1,0,0.000979391327306177,24.540892182099928,-30.09747776145145,0,0,Montreal
C001796,1,0,0.09891482475024244,28.8785448575856,-30.650643640626196,0,1,Cote-Nord
C007242,1,0,0.0007528720084132184,23.729718519842763,-29.497465568253794,0,0,Montreal
C002181,1,0,0.07285126007529193,28.85619753307127,-30.89647924642769,0,1,Gaspesie-Iles-de-la-Madeleine
C009028,1,1,0.7789725878482443,30.312958026457014,-29.30256899798925,1,0,Capitale-Nationale
C005352,1,0,0.018873675568336783,27.847371195328435,-31.01639073627853,0,1,Bas-Saint-Laurent
C002208,1,1,0.864237981041719,30.479718519842763,-28.99508698777938,1,0,Montreal
C008215,1,1,0.9999202030054566,36.189718519842764,-28.6212041755591,1,0,Capitale-Nationale
C002427,1,0,0.00047147615845085207,23.139718519842763,-29.283092799509078,0,0,Montreal
C007733,1,0,0.0026524259657134354,27.665023870814107,-32.42113993663437,0,1,Cote-Nord
C008963,1,0,0.07477536602257764,27.39530535097134,-29.413011231503326,0,0,Capitale-Nationale
C013221,1,0,0.005459380840368343,27.842958026457016,-32.01781337580427,0,1,Gaspesie-Iles-de-la-Madeleine
C002030,1,1,0.5066431774387704,31.731784364199854,-31.710469300141156,1,1,Bas-Saint-Laurent
C008366,1,0,0.025576011819900123,28.201784364199852,-31.121560061932303,0,1,Cote-Nord
C001600,1,1,0.824304509690447,32.85413168871418,-31.614264736756436,1,1,Cote-Nord
C008971,1,0,0.6918432933702927,29.93737119532843,-29.288676882705193,0,0,Capitale-Nationale
C013740,1,1,0.4360013657136526,29.95413168871418,-30.160595848791107,0,0,Montreal
C008516,1,1,0.8482135053350172,30.429718519842762,-29.049589557523905,1,0,Capitale-Nationale
C011700,1,1,0.9868568631328771,32.97413168871418,-29.510188460228157,1,0,Capitale-Nationale
C004857,1,0,0.08106961306261229,28.28413168871418,-30.231537329869074,0,1,Bas-Saint-Laurent
C011255,1,1,0.988378381335365,32.8685448575856,-29.304682167316294,1,0,Montreal
C013775,1,0,0.10257889529169316,27.737371195328436,-29.47702715068188,0,0,Montreal
C002015,1,1,0.7347299166019673,31.665305350971344,-30.84816854314324,1,0,Montreal
C004980,1,0,0.1888171223317924,27.419718519842764,-28.588942571738322,0,0,Capitale-Nationale
C007775,1,1,0.9725606758298354,32.11971851984276,-29.25788316088368,1,0,Montreal
C008756,1,1,0.9286724541232891,30.15413168871418,-28.095578811890356,1,0,Capitale-Nationale
C007991,1,1,0.9985146233178847,35.19413168871418,-29.9720184871721,1,0,Capitale-Nationale
C000989,1,1,0.773993680197261,30.316197533071268,-29.32881928053224,1,0,Capitale-Nationale
C000838,1,0,0.03455090735813148,27.049718519842763,-29.720819362118654,0,0,Capitale-Nationale
C013584,1,1,0.9823287441900933,31.92413168871418,-28.701328884713597,1,0,Montreal
C001488,1,1,0.9974186705089557,32.84206584435709,-28.064099624242722,1,0,Montreal
C010227,1,1,0.9997091755204146,36.06413168871418,-29.53308187383586,1,0,Capitale-Nationale
C005159,1,0,0.006757801123069108,27.915023870814107,-31.917694853693767,0,1,Gaspesie-Iles-de-la-Madeleine
C009575,1,0,0.020751189365724097,26.12413168871418,-29.21554791465307,0,0,Montreal
C003653,1,1,0.8754860275674451,31.337371195328437,-29.772998230029476,1,0,Capitale-Nationale
C006009,1,1,0.9956492321183289,32.88971851984276,-28.531907859978844,1,0,Capitale-Nationale
C003132,1,0,0.028076237550098464,28.418544857585598,-31.261449592886596,0,1,Bas-Saint-Laurent
C010193,1,0,0.03740208902590077,27.30413168871418,-29.909260035171076,0,0,Montreal
C000278,1,0,0.014486515740351315,26.399718519842764,-29.78451051218701,0,0,Montreal
C011011,1,0,0.5248864486139344,29.45619753307127,-29.376286420755925,0,0,Montreal
C004260,1,1,0.997624776901639,33.719718519842765,-28.874841765034258,1,0,Capitale-Nationale
C012472,1,1,0.9940275743175486,33.61971851984276,-29.517319338584088,1,0,Capitale-Nationale
C012015,1,1,0.9986062590428585,33.06178436419985,-27.788522675813397,1,0,Capitale-Nationale
C005204,1,1,0.5703374160459617,31.30530535097134,-31.078129940225637,1,1,Gaspesie-Iles-de-la-Madeleine
C009746,1,0,0.019496871359107975,26.28647901322851,-29.428932182778517,0,0,Montreal
C003622,1,0,0.15401088048875314,27.115305350971344,-28.48165895908359,0,0,Capitale-Nationale
C005145,1,1,0.2402242054063799,30.45826337742836,-31.38183502433341,1,1,Gaspesie-Iles-de-la-Madeleine
C000859,1,1,0.9453026799767281,32.03530535097134,-29.74958587064073,1,0,Montreal
C004617,1,0,0.004322280040916341,27.99413168871418,-32.35723449684294,0,1,Gaspesie-Iles-de-la-Madeleine
C002880,1,1,0.6233682756394061,29.849718519842764,-29.445567741089903,0,0,Montreal
C001094,1,1,0.8097827847838135,31.747371195328434,-30.585458388342005,1,1,Cote-Nord
C011463,1,1,0.8518167511076293,30.524131688714178,-29.12133213394804,1,0,Montreal
C001877,1,0,0.16071429385822736,28.25737119532843,-29.583170707072384,0,0,Montreal
C004314,1,0,2.1022678418421023e-05,22.481784364199854,-31.120246191275832,0,1,Cote-Nord
C004489,1,1,0.5488243091154403,29.663239506614254,-29.506092017735696,0,0,Montreal
C010559,1,1,0.8165715662389902,30.10413168871418,-28.906372832776302,1,0,Montreal
C007322,1,1,0.9661760487873757,34.25619753307127,-31.567436720833538,1,1,Bas-Saint-Laurent
C001545,1,1,0.8020677670067065,31.828263377428364,-30.70591866741942,1,1,Cote-Nord
C000720,1,0,0.0028887469010693196,26.847371195328435,-31.53483996418774,0,1,Gaspesie-Iles-de-la-Madeleine
C008248,1,0,0.4273263555725028,29.497652675485675,-29.7324801001719,0,0,Montreal
C000687,1,1,0.4118960795205188,29.228826337742838,-29.514478129653863,0,0,Capitale-Nationale
C008597,1,0,5.18018662977227e-05,21.919718519842764,-29.83480776339911,0,0,Capitale-Nationale
C003152,1,1,0.8661960693208541,33.95854485758559,-32.46044529633241,1,1,Gaspesie-Iles-de-la-Madeleine
C008141,1,0,0.3132323835500315,29.249718519842762,-29.879402875408708,0,0,Capitale-Nationale
C002079,1,0,0.001569871510101932,25.00647901322851,-30.18414818784672,0,0,Montreal
C013080,1,1,0.999384122242765,34.93737119532844,-29.008416234059222,1,0,Montreal
C012109,1,1,0.9998438002457853,35.60737119532843,-28.577644400624322,1,0,Capitale-Nationale
C004563,1,0,0.07086485913761463,27.32619753307127,-29.390369895665643,0,0,Montreal
C004397,1,1,0.9923146418694296,35.03502387081411,-31.13626714465824,1,1,Gaspesie-Iles-de-la-Madeleine
C005285,1,0,0.4091347927558488,30.672958026457017,-30.967762242017656,1,1,Bas-Saint-Laurent
C008220,1,0,0.01499941982267434,25.26647901322851,-28.622945993699137,0,0,Montreal
C008897,1,1,0.6988771928418118,32.106197533071274,-31.430869029614016,1,1,Bas-Saint-Laurent
C001777,1,1,0.7271386096903536,29.26647901322851,-28.480304075399474,0,0,Capitale-Nationale
C005725,1,1,0.9563553183219672,32.1885448575856,-29.71244226364989,1,0,Montreal
C006857,1,0,0.00038180579205800873,24.407371195328437,-30.72002432545758,0,1,Cote-Nord
C008038,1,0,0.2969808379276441,28.7285448575856,-29.41972247506296,0,0,Montreal
C001722,1,1,0.6480173735325647,31.3785448575856,-30.888998292846615,1,1,Cote-Nord
C008312,1,0,0.001521463940511307,25.9785448575856,-31.181375132093308,0,1,Gaspesie-Iles-de-la-Madeleine
C000367,1,0,0.0007707203571127907,23.653239506614252,-29.402178871262368,0,0,Capitale-Nationale
C001632,1,0,3.4948319592469986e-05,21.410892182099925,-29.6416636633831,0,0,Montreal
C004032,1,0,0.03874681407921783,29.352958026457017,-31.928633541206114,0,1,Gaspesie-Iles-de-la-Madeleine
C009790,1,0,0.011016888241694786,28.211784364199854,-31.818999675393663,0,1,Cote-Nord
C006596,1,1,0.9979317359735529,36.111784364199856,-31.15566568777561,1,1,Bas-Saint-Laurent
C000593,1,0,0.0060263744347005994,25.285305350971342,-29.380448234639307,0,0,Capitale-Nationale
C003200,1,0,0.3461579864731742,30.251784364199853,-30.7618924344139,1,1,Bas-Saint-Laurent
C011894,1,0,0.0005326955646789525,25.989437039685527,-32.034841316277664,0,1,Cote-Nord
C013799,1,1,0.9536559415895722,31.705305350971344,-29.27960491093377,1,0,Capitale-Nationale
C003728,1,0,0.014053267173096443,27.97267654629978,-31.382175342815323,0,1,Gaspesie-Iles-de-la-Madeleine
C008781,1,0,0.622779793689348,30.4385448575856,-30.036403924667574,1,0,Montreal
C001557,1,0,0.4061592108412882,28.93206584435709,-29.236754084637326,0,0,Capitale-Nationale
C005660,1,0,0.07246805985996518,28.74206584435709,-30.786909180887832,0,1,Bas-Saint-Laurent
C004868,1,0,0.09105822252710861,30.489718519842764,-32.33516179047449,1,1,Gaspesie-Iles-de-la-Madeleine
C003246,1,1,0.9859033190009796,32.84647901322851,-29.439489571952045,1,0,Montreal
C007162,1,0,0.327092444211836,28.7685448575856,-29.347147460275902,0,0,Montreal
C001795,1,1,0.8420769378316316,31.467371195328433,-30.124855680649937,1,0,Capitale-Nationale
C004668,1,0,0.12035538119512788,29.5985448575856,-31.193965157882133,0,1,Gaspesie-Iles-de-la-Madeleine
C001100,1,0,0.17418567949464484,27.522958026457015,-28.77121521524615,0,0,Capitale-Nationale
C011265,1,0,0.1859691615876775,30.222958026457015,-31.40718348349414,1,1,Gaspesie-Iles-de-la-Madeleine
C006131,1,0,0.42786264582449757,29.94971851984276,-30.182788469019105,0,0,Capitale-Nationale
C011211,1,1,0.8752084293746453,30.73530535097134,-29.172972994369886,1,0,Montreal
C007996,1,1,0.9896786019538272,33.64530535097135,-29.98522149265578,1,0,Capitale-Nationale
C004928,1,1,0.40687807158118433,28.695305350971342,-28.99760367573968,0,0,Montreal
C012647,1,1,0.7266032147244802,30.328544857585598,-29.54453300874897,1,0,Capitale-Nationale
C010228,1,1,0.8359498295886281,30.427371195328433,-29.1212443719088,1,0,Montreal
C005846,1,0,0.30156191430643103,29.181784364199853,-29.85543996293081,0,0,Capitale-Nationale
C000874,1,0,0.7281579673056465,30.987371195328436,-30.19707052961438,1,0,Montreal
C006492,1,0,0.14647905806286038,29.80619753307127,-31.219878183560212,0,1,Cote-Nord
C006345,1,0,0.2923115133384515,28.295305350971343,-29.004503946216737,0,0,Montreal
C008184,1,1,0.9045525681799551,31.477371195328438,-29.6735703592321,1,0,Montreal
C006255,1,0,0.1184558671705661,29.549718519842763,-31.159629045527286,0,1,Gaspesie-Iles-de-la-Madeleine
C010143,1,0,0.22042691393238134,29.3685448575856,-30.381734104157193,0,1,Gaspesie-Iles-de-la-Madeleine
C010602,1,1,0.8530762327494931,30.520892182099928,-29.11006101615803,1,0,Capitale-Nationale
C003283,1,1,0.8948691472185422,32.79061070194269,-31.07294919430782,1,1,Gaspesie-Iles-de-la-Madeleine
C001169,1,1,0.9938621286083624,34.24854485758559,-30.16819628171688,1,0,Capitale-Nationale
C002440,1,1,0.9454892304287779,31.6585448575856,-29.3699268099283,1,0,Montreal
C001910,1,0,0.6414484661178935,31.1785448575856,-30.712001737913848,1,1,Gaspesie-Iles-de-la-Madeleine
C013476,1,1,0.5192720314605106,31.49061070194269,-31.428748135058136,1,1,Gaspesie-Iles-de-la-Madeleine
C008904,1,0,0.17199590101751988,28.840892182099925,-30.101420893964626,0,0,Montreal
C009380,1,0,0.6946753108288234,29.815305350971343,-29.15592894460956,0,0,Montreal
C003819,1,1,0.9982535415147555,35.35737119532843,-30.265344094193996,1,0,Montreal
C007235,1,1,0.49738959816962514,29.58647901322851,-29.59485423939967,0,0,Montreal
C008362,1,1,0.8818794414559951,30.94971851984276,-29.337229286511178,1,0,Montreal
C008867,1,1,0.9997723045509328,35.71737119532844,-28.989989570335354,1,0,Montreal
C003670,1,0,0.0007514430835849409,25.872958026457017,-31.642230014733972,0,1,Bas-Saint-Laurent
C011967,1,1,0.9563205369091364,31.8585448575856,-29.383110387165022,1,0,Montreal
C008438,1,0,0.0022489486816682077,26.660892182099925,-31.549687656874813,0,1,Cote-Nord
C002431,1,1,0.19872691241223467,29.531784364199854,-30.65012009004839,0,1,Gaspesie-Iles-de-la-Madeleine
C012012,1,1,0.9918913464299864,32.54530535097135,-28.689895001984095,1,0,Montreal
C000433,1,0,0.25623551735503913,30.142958026457016,-30.997691332938295,1,1,Gaspesie-Iles-de-la-Madeleine
C012366,1,0,0.006767510588170243,26.815023870814105,-30.816535408316405,0,1,Bas-Saint-Laurent
C010460,1,0,0.5822346691206339,30.0385448575856,-29.772286792594034,0,0,Capitale-Nationale
C005912,1,0,2.7677418911973076e-05,23.69061070194269,-32.10847924344478,0,1,Bas-Saint-Laurent
C002255,1,0,0.00807884601051889,26.622958026457017,-30.481346423807565,0,1,Gaspesie-Iles-de-la-Madeleine
C003641,1,0,0.005211712988944093,26.000892182099925,-30.213185900384886,0,0,Montreal
C000990,1,1,0.7704334807523636,30.42413168871418,-29.45298802556545,1,0,Montreal
C003319,1,0,0.13562017490781916,29.9285448575856,-31.414146488656215,0,1,Cote-Nord
C010269,1,0,0.11844109886777439,27.160892182099925,-28.770916151026555,0,0,Montreal
C012906,1,0,0.028426730012384663,26.76647901322851,-29.599143412953715,0,0,Montreal
C000718,1,1,0.7871625781079138,32.747371195328434,-31.698307535239433,1,1,Bas-Saint-Laurent
C009104,1,0,0.7564641094925073,29.990892182099927,-29.081806306135384,0,0,Montreal
C011972,1,0,0.5876144757239992,30.61737119532843,-30.333339757886833,1,1,Bas-Saint-Laurent
C012554,1,0,0.5792758453532851,30.473850208556943,-30.2173394586611,1,1,Bas-Saint-Laurent
C008424,1,1,0.9937982407963961,32.98061070194269,-28.90861936400385,1,0,Montreal
C004394,1,0,0.03485893855653353,26.580892182099927,-29.244617863073415,0,0,Montreal
C008371,1,0,0.00011229664385579414,24.549718519842763,-31.844164870769674,0,1,Cote-Nord
C009347,1,1,0.893258231524097,31.2785448575856,-29.57452579608417,1,0,Montreal
C011891,1,1,0.992460993159238,32.82647901322851,-28.912182521722702,1,0,Montreal
C012845,1,0,0.030102464649264978,26.385305350971343,-29.170643477664825,0,0,Montreal
C001679,1,0,0.024707510392491024,26.65413168871418,-29.60233240281605,0,0,Capitale-Nationale
C013294,1,0,0.003856253215673521,26.585305350971343,-31.040291990074323,0,1,Cote-Nord
C005553,1,1,0.40751532799241347,29.7685448575856,-30.0687256762926,0,0,Montreal
C000547,1,1,0.4506295269084048,28.982958026457016,-29.141874875355768,0,0,Capitale-Nationale
C004991,1,1,0.15284943959960065,27.94206584435709,-29.315591622698104,0,0,Capitale-Nationale
C000738,1,0,0.026460173096913633,28.73385020855694,-31.625637955459954,0,1,Gaspesie-Iles-de-la-Madeleine
C005496,1,1,0.9562055273187197,32.11737119532843,-29.644142359167155,1,0,Montreal
C007506,1,0,0.04746620933501618,28.67178436419985,-31.077350355244608,0,1,Gaspesie-Iles-de-la-Madeleine
C001829,1,0,0.01248491054570635,26.242958026457018,-29.74864681434513,0,0,Montreal
C013997,1,0,0.014110039956522078,26.535305350971342,-29.94152416590825,0,0,Montreal
C002889,1,1,0.9988803803106664,34.890610701942684,-29.441468362667194,1,0,Montreal
C010232,1,0,0.022303745768098782,26.298826337742838,-29.33109793086178,0,0,Montreal
C010409,1,1,0.9787929694830606,33.51295802645702,-30.43934411553091,1,0,Montreal
C006966,1,1,0.9776158372062287,34.28737119532843,-31.258052358351314,1,1,Cote-Nord
C000628,1,0,0.7929558031453618,32.41826337742836,-31.3411833820217,1,1,Bas-Saint-Laurent
C000947,1,0,0.0021119114619802203,24.06413168871418,-29.00346449460075,0,0,Montreal
C013336,1,0,0.001080558818157007,23.660892182099925,-29.138548830529107,0,0,Montreal
C009540,1,0,0.0006985174773290586,25.490892182099927,-31.318787800503188,0,1,Bas-Saint-Laurent
C002300,1,0,0.004077032541367001,26.15061070194269,-30.560764282373444,0,1,Gaspesie-Iles-de-la-Madeleine
C000882,1,0,0.0005132227247301382,24.82061070194269,-30.895900725321795,0,1,Cote-Nord
C003717,1,0,0.013952482142829903,27.46413168871418,-30.87948553067635,0,1,Gaspesie-Iles-de-la-Madeleine
C012827,1,0,0.07187811183712388,27.720892182099927,-29.77280193128735,0,0,Montreal
C002726,1,0,0.10680434845885894,30.291784364199852,-31.995277121064536,1,1,Gaspesie-Iles-de-la-Madeleine
C013509,1,0,0.0012364648364149094,24.87647901322851,-30.24590581623375,0,0,Montreal
C006257,1,0,0.04882144826170787,27.232958026457016,-29.61480173593092,0,0,Capitale-Nationale
C013054,1,0,0.0009549862147157946,26.41061070194269,-31.987456217880734,0,1,Cote-Nord
C001793,1,0,0.012596155028298684,26.71647901322851,-30.214962182560548,0,0,Montreal
C010620,1,0,0.4035701671328993,29.982958026457016,-30.2962649349492,0,0,Montreal
C005291,1,0,0.002519274515374454,25.18206584435709,-29.97959980181269,0,0,Capitale-Nationale
C009164,1,0,0.05897951188069893,28.92178436419985,-31.143403966084215,0,1,Gaspesie-Iles-de-la-Madeleine
C002439,1,1,0.9790831272323918,32.110892182099924,-29.025990392841784,1,0,Montreal
C012058,1,0,0.23279695858878696,30.460610701942688,-31.417175786025958,1,1,Cote-Nord
C000992,1,0,0.12551847443605338,27.499718519842762,-29.056725824205266,0,0,Capitale-Nationale
C001906,1,0,0.34349605745833534,30.98385020855694,-31.50340902413557,1,1,Gaspesie-Iles-de-la-Madeleine
C012794,1,0,0.1857234114900275,27.739718519842764,-28.92524671972549,0,0,Montreal
C001862,1,0,0.003469432597824924,25.16647901322851,-29.706562383305187,0,0,Montreal
C003895,1,0,0.09565580991184325,28.78971851984276,-30.59158535976478,0,0,Capitale-Nationale
C005234,1,1,0.9974494454534981,33.40295802645702,-28.6153469296183,1,0,Montreal
C013557,1,1,0.6186162748977939,30.95206584435709,-30.564109724983208,1,0,Capitale-Nationale
C011015,1,1,0.9936367908587475,33.02971851984276,-28.97847118303428,1,0,Montreal
C008613,1,1,0.9924625914181595,33.140892182099925,-29.226424338078772,1,0,Montreal
C012936,1,0,0.16011589606615537,28.270892182099928,-29.60025543206685,0,0,Montreal
C001555,1,1,0.9089079770034032,33.277371195328435,-31.43225543142238,1,1,Gaspesie-Iles-de-la-Madeleine
C003018,1,1,0.9674730916123364,31.72413168871418,-29.002931775046346,1,0,Montreal
C000578,1,1,0.22532918683002068,28.53971851984276,-29.530204926972498,0,0,Montreal
C002170,1,0,0.10580316714578425,27.55413168871418,-29.26607727882271,0,0,Capitale-Nationale
C005902,1,0,0.28054395522959047,28.631784364199852,-29.387168388313416,0,0,Montreal
C012305,1,1,0.9996833474095644,35.78530535097135,-29.32252268063565,1,0,Montreal
C004076,1,0,0.21139717336835764,27.955305350971344,-29.01128137138789,0,0,Capitale-Nationale
C008600,1,1,0.6528171032553652,29.210892182099926,-28.70441374061284,0,0,Montreal
C001280,1,0,0.04742428837161123,29.25737119532843,-31.663681187934124,0,1,Cote-Nord
C012441,1,0,0.035879676469514794,26.90206584435709,-29.54179320010056,0,0,Montreal
C006944,1,0,3.921798766511366e-05,23.049437039685525,-31.187751637897186,0,1,Cote-Nord
C003739,1,0,0.49590900564532564,30.44971851984276,-30.4628442600589,1,0,Montreal
C008265,1,1,0.9042150900494434,31.695305350971342,-29.894634823431215,1,0,Montreal
C004627,1,0,0.00024267327781824405,23.603850208556942,-30.280120804434947,0,1,Bas-Saint-Laurent
C010351,1,0,0.012073077749842008,25.795305350971343,-29.328233022474816,0,0,Capitale-Nationale
C000250,1,0,0.0001471956417131859,24.70413168871418,-31.781488483735767,0,1,Gaspesie-Iles-de-la-Madeleine
C003870,1,0,0.031469300465773405,26.559718519842765,-29.30830816377395,0,0,Montreal
C002354,1,0,0.12778963999110587,30.28413168871418,-31.824669553702687,1,1,Bas-Saint-Laurent
C006631,1,1,0.9793552595304952,32.47737119532844,-29.381742633077334,1,0,Montreal
C006036,1,1,0.9887414866970861,33.595305350971344,-30.00568760961471,1,0,Montreal
C013837,1,0,0.043617478574322154,26.712065844357088,-29.188691342689733,0,0,Capitale-Nationale
C003289,1,0,0.3768269931834108,28.8985448575856,-29.302028596119534,0,0,Montreal
C013459,1,0,0.4179151034337591,29.142958026457016,-29.408722230093787,0,0,Capitale-Nationale
C001146,1,0,0.01462636925407578,28.738544857585598,-32.11551670301616,0,1,Bas-Saint-Laurent
C003580,1,0,0.7009505740324783,30.44413168871418,-29.760885190884004,1,0,Capitale-Nationale
C005852,1,0,0.04198680703108572,27.225305350971343,-29.73385907599749,0,0,Montreal
C000943,1,0,0.007699047473569586,26.80413168871418,-30.701449911675144,0,1,Bas-Saint-Laurent
C009259,1,0,0.023070524789665064,26.26647901322851,-29.271009575420432,0,0,Montreal
C008957,1,0,0.0021454993429220245,24.410892182099925,-29.33754184916971,0,0,Montreal
C013264,1,0,0.026736692155605504,28.425305350971342,-31.308526546337276,0,1,Bas-Saint-Laurent
C004051,1,0,0.24182144504911063,29.01178436419985,-29.92835259905876,0,0,Montreal
C002036,1,0,0.2409948518181078,28.4485448575856,-29.36873349880881,0,0,Montreal
C003995,1,1,0.499120294125399,30.810892182099927,-30.813714612056756,1,1,Gaspesie-Iles-de-la-Madeleine
C005328,1,1,0.9859720390380721,33.66295802645702,-30.251992982196374,1,0,Capitale-Nationale
C013164,1,0,0.016895303775304054,28.141784364199854,-31.401237449829328,0,1,Gaspesie-Iles-de-la-Madeleine
C013783,1,0,0.02970175249877141,29.16619753307127,-31.962615836389386,0,1,Bas-Saint-Laurent
C010254,1,1,0.7084859780721549,29.59647901322851,-28.884185767498614,0,0,Montreal
C004715,1,0,0.0021701078694869665,26.62413168871418,-31.541614048907817,0,1,Cote-Nord
C007307,1,1,0.8138921384779447,30.792958026457015,-29.609467243639127,1,0,Capitale-Nationale
C008905,1,1,0.3522239678906954,28.545305350971343,-29.034003358238316,0,0,Capitale-Nationale
C009088,1,0,0.1779593685701611,27.610892182099928,-28.838284071907182,0,0,Montreal
C010253,1,0,6.291083251513426e-05,21.559718519842765,-29.318958262512666,0,0,Capitale-Nationale
C005858,1,0,0.4429305141645723,28.755305350971344,-28.93920710802265,0,0,Montreal
C000159,1,0,0.8475617496595542,31.06206584435709,-29.685990173105203,1,0,Montreal
C008139,1,0,0.001918023816151452,25.177371195328433,-30.194099914755977,0,1,Gaspesie-Iles-de-la-Madeleine
C003939,1,0,0.0024100603988682157,26.3185448575856,-31.151714761947602,0,1,Cote-Nord
C005310,1,1,0.6487563301987832,32.15295802645702,-31.660811631263876,1,1,Gaspesie-Iles-de-la-Madeleine
C009766,1,0,0.041282261525347586,27.42178436419985,-29.944501222989963,0,0,Montreal
C013311,1,0,0.04755743043077952,28.677652675485675,-31.08160185501997,0,0,Capitale-Nationale
C006987,1,0,0.0017038113324395097,26.582958026457018,-31.69484901133015,0,1,Bas-Saint-Laurent
C001506,1,1,0.7816592011150484,31.882958026457015,-30.85999811960396,1,1,Gaspesie-Iles-de-la-Madeleine
C003300,1,1,0.9779105848788315,33.088544857585596,-30.048352352420498,1,1,Cote-Nord
C010589,1,0,0.00136392200243939,24.225305350971343,-29.515937950655,0,0,Montreal
C002335,1,1,0.9639606468335633,31.71647901322851,-29.080446180476418,1,0,Capitale-Nationale
C005313,1,0,0.269984810892103,28.312958026457014,-29.11080059084492,0,0,Montreal
C007073,1,0,0.5344816764983488,28.91413168871418,-28.803325626265337,0,0,Capitale-Nationale
C004267,1,1,0.9687531560860991,32.54530535097135,-29.790841360163284,1,0,Montreal
C003076,1,0,0.0023196217956384297,26.931784364199853,-31.7957051940614,0,1,Gaspesie-Iles-de-la-Madeleine
C007193,1,0,0.2814428506433286,30.615023870814106,-31.36683923068589,1,1,Bas-Saint-Laurent
C010120,1,0,0.124176862511741,28.14530535097134,-29.71216164606405,0,0,Montreal
C009411,1,1,0.9490729658689333,31.60971851984276,-29.263520097250375,1,0,Capitale-Nationale
C004895,1,0,0.0006396826960778612,25.98413168871418,-31.882649119068553,0,1,Gaspesie-Iles-de-la-Madeleine
C009350,1,0,0.7241783773162962,29.55530535097134,-28.781057392464668,0,0,Montreal
C008786,1,0,0.013825449905241875,28.1785448575856,-31.60133824567841,0,1,Bas-Saint-Laurent
C009013,1,0,0.6317938270657087,32.11943703968552,-31.686370405924993,1,1,Gaspesie-Iles-de-la-Madeleine
C010138,1,0,0.21115977435693215,29.809718519842765,-30.866837221872327,0,1,Cote-Nord
C012882,1,1,0.6684459190223229,30.06413168871418,-29.50173183792464,0,0,Montreal
C001535,1,0,1.1797347004038224e-05,22.755305350971344,-31.857165993242834,0,1,Cote-Nord
C012185,1,0,0.009092147764394118,26.147371195328432,-29.910162672342572,0,0,Capitale-Nationale
C006995,1,1,0.9936826060522522,33.429718519842766,-29.372638222269224,1,0,Montreal
C005179,1,0,0.06251551442526188,26.469718519842765,-28.64161685309157,0,0,Montreal
C004927,1,0,0.0062099550584330514,26.9985448575856,-31.069470283514942,0,1,Cote-Nord
C004487,1,0,0.3090649139961179,28.86413168871418,-29.50941189709038,0,0,Montreal
C009654,1,0,0.04854591187947823,29.667371195328435,-32.053986866502186,0,1,Cote-Nord
C000033,1,1,0.9999264155272503,36.658544857585596,-29.02501436655682,1,0,Montreal
C004566,1,0,1.1574500720983468e-05,22.239718519842764,-31.356875441950997,0,1,Gaspesie-Iles-de-la-Madeleine
C009271,1,1,0.9220357667386845,31.099718519842764,-29.118278687133742,1,0,Montreal
C003843,1,1,0.5207216790522354,28.470892182099927,-28.404371146464392,0,0,Montreal
C009371,1,1,0.9810599640177126,32.56089218209993,-29.39474213443633,1,0,Capitale-Nationale
C008920,1,0,0.07124555738886128,29.111784364199853,-31.17133056020303,0,1,Cote-Nord
C006802,1,0,0.81298101750507,30.14530535097134,-28.96663018360228,1,0,Montreal
C000507,1,1,0.39166520281556927,29.277371195328435,-29.630547586449154,0,0,Montreal
C000818,1,0,0.024251180825561755,27.86737119532843,-30.8308997101955,0,1,Bas-Saint-Laurent
C009742,1,1,0.19732009417810428,27.20647901322851,-28.331920103168105,0,0,Capitale-Nationale
C000054,1,0,0.11543034708117209,27.959718519842763,-29.59312988693524,0,0,Montreal
C003045,1,0,0.23525856537358003,29.05530535097134,-30.00085588736969,0,0,Montreal
C006229,1,1,0.5930987062164756,31.392958026457016,-31.090736883770717,1,1,Bas-Saint-Laurent
C000312,1,1,0.9830243136674383,32.71530535097134,-29.459724912677792,1,0,Montreal
C001758,1,0,0.002750715150499528,24.469718519842765,-29.196570341799532,0,0,Montreal
C008276,1,0,0.1456626014219902,28.911784364199853,-30.33071519225621,0,1,Gaspesie-Iles-de-la-Madeleine
C013427,1,1,0.48223011517745806,31.44971851984276,-31.50675501027032,1,1,Bas-Saint-Laurent
C003681,1,0,0.05192496517157931,28.3585448575856,-30.6883341808651,0,1,Cote-Nord
C000334,1,0,0.0008719509628371345,25.362958026457015,-31.012831653758944,0,1,Cote-Nord
C002785,1,0,0.020426797796780034,28.355023870814104,-31.459343477147623,0,1,Bas-Saint-Laurent
C012537,1,0,0.0005519313608073792,26.092958026457016,-32.1098937022275,0,1,Bas-Saint-Laurent
C010499,1,0,0.02107228418703225,28.317371195328434,-31.396208165454155,0,1,Bas-Saint-Laurent
C000122,1,0,8.579193019634286e-05,21.927652675485675,-29.438059241267513,0,0,Capitale-Nationale
C007412,1,0,0.08188433371060236,28.4085448575856,-30.347218526336576,0,1,Gaspesie-Iles-de-la-Madeleine
C012813,1,1,0.9712106666103434,33.58737119532844,-30.765172783968925,1,1,Gaspesie-Iles-de-la-Madeleine
C006590,1,0,2.3945759266070963e-05,22.622958026457017,-31.156993328606315,0,1,Cote-Nord
C003657,1,0,0.010402909579380422,26.23206584435709,-29.88577411547546,0,0,Capitale-Nationale
C004139,1,0,0.01728322951864238,27.802958026457016,-31.043886263372,0,1,Bas-Saint-Laurent
C000683,1,0,0.03291370995140606,26.1985448575856,-28.909941999583808,0,0,Montreal
C005704,1,0,0.10289880073154553,28.10206584435709,-29.838938284330943,0,0,Montreal
C005808,1,0,0.05861985901886703,27.637652675485672,-29.86448486021101,0,0,Montreal
C007448,1,1,0.9653193301804078,32.8585448575856,-30.19055860173103,1,0,Capitale-Nationale
C010426,1,0,0.0270701411290632,27.911784364199853,-30.784789188667702,0,1,Bas-Saint-Laurent
C010521,1,0,0.34302041972524505,29.02647901322851,-29.547730162461637,0,0,Montreal
C005001,1,0,0.04479487548735519,26.33647901322851,-28.79075204267725,0,0,Capitale-Nationale
C002328,1,1,0.42794890508454275,30.184131688714178,-30.41691900984237,1,1,Gaspesie-Iles-de-la-Madeleine
C008779,1,0,0.2960010057294986,28.49413168871418,-29.189077178189834,0,0,Capitale-Nationale
C006398,1,0,0.0838424167930407,29.960892182099926,-31.878898812304726,0,1,Gaspesie-Iles-de-la-Madeleine
C001137,1,1,0.9945918741284825,33.34971851984276,-29.167255866343012,1,0,Montreal
C009780,1,0,0.14821094984383218,26.599718519842764,-28.002342063081873,0,0,Capitale-Nationale
C005142,1,1,0.999130288781738,35.16971851984276,-29.51778013809477,1,0,Capitale-Nationale
C010913,1,0,0.14990503030538635,28.29206584435709,-29.683976462982226,0,0,Capitale-Nationale
C003222,1,0,0.00892164261789901,25.49413168871418,-29.2722456733158,0,0,Capitale-Nationale
C001628,1,1,0.22666665758462648,31.509718519842764,-32.494072054013564,1,1,Cote-Nord
C012487,1,1,0.8119164041674269,30.579718519842764,-29.406647403689433,1,0,Montreal
C009296,1,1,0.878522096242292,33.83619753307127,-32.24924769152296,1,1,Cote-Nord
C006852,1,0,0.030846568233098146,27.57061070194269,-30.335747333772,0,1,Cote-Nord
C001855,1,0,0.30099512221753644,28.802065844357088,-29.477881060675607,0,0,Montreal
C007360,1,1,0.9807041213521644,34.2585448575856,-31.107615603207172,1,1,Gaspesie-Iles-de-la-Madeleine
C009964,1,0,0.5101769445773697,29.52647901322851,-29.493823040387625,0,0,Montreal
C001929,1,0,0.04806372362719456,27.3385448575856,-29.733573646764587,0,0,Montreal
C006797,1,0,0.013508771646628634,27.119718519842763,-30.561355445003482,0,1,Bas-Saint-Laurent
C013872,1,0,0.252737157870094,29.94619753307127,-30.815721068583656,0,1,Bas-Saint-Laurent
C006079,1,1,0.8029171547839986,31.679718519842762,-30.5530754065946,1,0,Montreal
C012833,1,0,0.1753011052832139,27.7685448575856,-29.010597966534878,0,0,Montreal
C004295,1,1,0.5164245898561369,28.906197533071268,-28.853482309778933,0,0,Capitale-Nationale
C009999,1,0,0.0352793825147862,26.265305350971342,-28.919065125166902,0,0,Montreal
C001599,1,1,0.8970847962611898,30.8585448575856,-29.121814934498133,1,0,Montreal
C007868,1,0,0.10152258641296114,27.59206584435709,-29.34096775311022,0,0,Montreal
C003532,1,0,0.008035781021100778,27.807371195328436,-31.670081483278633,0,1,Cote-Nord
C009941,1,0,0.4571324421964871,29.33647901322851,-29.47435272731379,0,0,Capitale-Nationale
C007102,1,0,0.14141309539916294,29.68061070194269,-31.12726939183722,0,1,Gaspesie-Iles-de-la-Madeleine
C002218,1,1,0.9984597083452809,34.085305350971346,-28.89235498994192,1,0,Montreal
C001591,1,0,0.213655741885678,31.562958026457014,-32.60810942289861,1,1,Cote-Nord
C005395,1,0,0.3474003276043442,28.902958026457018,-29.408667102020175,0,0,Montreal
C000577,1,0,0.0034586200331532635,25.905023870814105,-30.44761959092447,0,1,Gaspesie-Iles-de-la-Madeleine
C008731,1,0,0.15238410665546537,28.10413168871418,-29.480543539301195,0,0,Montreal
C003226,1,0,0.4374372557908591,29.070892182099925,-29.27267447056449,0,0,Montreal
C012713,1,0,0.010603681507646004,27.145023870814107,-30.783236792336684,0,1,Cote-Nord
C001928,1,0,0.06357875409620045,29.102958026457017,-31.260419159931168,0,1,Bas-Saint-Laurent
C004735,1,1,0.8731171921960882,31.35647901322851,-29.809395466900675,1,0,Capitale-Nationale
C000955,1,0,0.025067311044798604,26.769718519842762,-29.706027091965495,0,0,Montreal
C004386,1,0,0.20711400207648054,28.987371195328436,-30.064110196510732,0,0,Capitale-Nationale
C009294,1,0,0.17415043717359271,28.602958026457017,-29.85141174556513,0,0,Montreal
C008258,1,1,0.999652866881085,36.92385020855694,-30.534806907758284,1,1,Gaspesie-Iles-de-la-Madeleine
C007504,1,0,0.000781846698838714,26.42178436419985,-32.15921832252898,0,1,Gaspesie-Iles-de-la-Madeleine
C007573,1,1,0.1071166466294677,28.170892182099927,-29.87176252726743,0,0,Capitale-Nationale
C008853,1,0,0.02514139812591035,26.380892182099927,-29.314772686238754,0,0,Montreal
C003961,1,0,4.79766288995077e-05,22.979437039685525,-30.95605972968471,0,1,Gaspesie-Iles-de-la-Madeleine
C005791,1,1,0.9474864514635096,31.425305350971342,-29.10505494350685,1,0,Capitale-Nationale
C005471,1,1,0.6401673975023472,29.940892182099926,-29.47881325955336,0,0,Capitale-Nationale
C009153,1,1,0.849281998959593,29.86413168871418,-28.47732669695152,0,0,Montreal
C012775,1,1,0.9087970046416535,31.069718519842763,-29.225677244784606,1,0,Montreal
C003158,1,1,0.9279732821529693,32.955916052914034,-30.90579133627317,1,1,Gaspesie-Iles-de-la-Madeleine
C003064,1,1,0.5576594441030308,29.91206584435709,-29.726246032405292,0,0,Capitale-Nationale
C004755,1,1,0.5117532699559976,29.55619753307127,-29.51848167835331,0,0,Capitale-Nationale
C006643,1,0,0.01110390466122276,25.972958026457015,-29.57379234561337,0,0,Montreal
C006268,1,1,0.34383713252712056,28.67413168871418,-29.19247763663683,0,0,Montreal
C012374,1,0,0.22099397150213254,30.187089715171197,-31.197634539231252,1,1,Bas-Saint-Laurent
C004793,1,0,0.048501968600023454,27.429718519842762,-29.817097611502636,0,0,Capitale-Nationale
C005110,1,0,0.10771039563688235,29.762958026457017,-31.458861077576938,0,1,Bas-Saint-Laurent
C013117,1,1,0.993721089990293,33.572958026457016,-29.510945572285603,1,0,Capitale-Nationale
C010005,1,1,0.6295981961353825,31.112958026457015,-30.68745243151566,1,0,Montreal
C003772,1,1,0.7670496449028611,31.524131688714178,-30.56825534171609,1,0,Montreal
C008001,1,0,0.15580223548042899,27.078544857585598,-28.43392265825274,0,0,Montreal
C010586,1,1,0.06418565453932819,28.811784364199852,-30.96110529233916,0,1,Gaspesie-Iles-de-la-Madeleine
C008743,1,0,0.3684666318482659,30.259718519842764,-30.691887241162163,1,1,Bas-Saint-Laurent
C004137,1,0,0.9101649406309213,31.499718519842762,-29.642349242903364,1,0,Capitale-Nationale
C005795,1,0,0.0104315913105351,25.247371195328434,-28.898847818661523,0,0,Capitale-Nationale
C012196,1,1,0.5606175639717169,28.953239506614253,-28.757794250093486,0,0,Capitale-Nationale
C007027,1,0,0.005901025077684056,27.7185448575856,-31.83064849822461,0,1,Bas-Saint-Laurent
C009162,1,0,0.7807825404238078,30.918544857585598,-29.899699076011785,1,0,Capitale-Nationale
C012468,1,0,0.01928836276063262,26.14530535097134,-29.29655323476417,0,0,Montreal
C009636,1,0,0.13871428549725925,27.530892182099926,-28.995523736060814,0,0,Montreal
C009875,1,1,0.9614661668150671,33.02971851984276,-30.449444249939276,1,1,Gaspesie-Iles-de-la-Madeleine
C009767,1,0,0.02843383131424049,27.265305350971342,-30.097763541467113,0,0,Capitale-Nationale
C005736,1,0,0.13117820384394333,27.230892182099925,-28.74731601012629,0,0,Montreal
C003417,1,0,0.058805100641250954,27.005305350971344,-29.229449027085558,0,0,Montreal
C009571,1,0,0.5364929694365662,30.992958026457018,-30.875666300600468,1,1,Gaspesie-Iles-de-la-Madeleine
C013815,1,0,0.01728719319741259,26.528826337742835,-29.769567411007067,0,0,Capitale-Nationale
C010311,1,0,0.0007129779799365479,26.12826337742836,-31.93971221387168,0,1,Cote-Nord
C005224,1,0,0.7738087830200886,30.700892182099928,-29.714361492204628,1,0,Montreal
C000139,1,1,0.9326755910789991,31.195023870814104,-29.08669218601756,1,0,Montreal
C006314,1,0,0.0055437532277,25.1985448575856,-29.36103095223257,0,0,Montreal
C007423,1,0,0.39798912784650375,29.299718519842763,-29.631665757195886,0,0,Montreal
C007753,1,1,0.7104237433389311,30.577371195328432,-29.85753763881358,1,0,Montreal
C010197,1,0,0.004987863615235969,26.801784364199854,-31.04947120185113,0,1,Bas-Saint-Laurent
C010572,1,0,0.884666855944758,31.062958026457014,-29.428782802392472,1,0,Montreal
C009806,1,1,0.7901941332228805,30.165305350971344,-29.101651774820095,1,0,Capitale-Nationale
C003715,1,0,0.2409147214143329,28.31413168871418,-29.2346717441901,0,0,Capitale-Nationale
C002376,1,1,0.713947137120595,30.452958026457015,-29.719336996404667,1,0,Montreal
C004953,1,0,0.004330263975607071,27.031784364199854,-31.393400512965883,0,1,Cote-Nord
C000724,1,1,0.9891455993757194,32.90530535097135,-29.286040110909763,1,0,Montreal
C011001,1,0,0.20108568729861345,28.999718519842762,-30.106225232951697,0,1,Bas-Saint-Laurent
C000141,1,0,0.3877911132725725,32.085023870814105,-32.451265355667815,1,1,Bas-Saint-Laurent
C002005,1,0,0.10673593773430988,29.22413168871418,-30.92819980123753,0,1,Gaspesie-Iles-de-la-Madeleine
C003199,1,0,0.21561807441766165,29.02206584435709,-30.0578798533911,0,0,Montreal
C006213,1,1,0.8825078251672365,32.960610701942684,-31.343271729354004,1,1,Gaspesie-Iles-de-la-Madeleine
C004242,1,0,0.011276394955271508,28.567371195328434,-32.1557014926772,0,1,Gaspesie-Iles-de-la-Madeleine
C008791,1,0,0.6977378452882995,30.165305350971344,-29.494314658759127,1,0,Montreal
C009038,1,1,0.6821916545656955,29.985023870814107,-29.372334682153753,0,0,Montreal
C004121,1,0,0.6074118953641686,30.00647901322851,-29.65640819290461,0,0,Montreal
C007872,1,0,0.39539816374335923,30.110892182099928,-30.4515229170846,1,0,Capitale-Nationale
C006878,1,0,0.012850135836098358,27.74178436419985,-31.22404917364169,0,1,Gaspesie-Iles-de-la-Madeleine
C001817,1,1,0.6397604033384621,31.285023870814104,-30.82436175931029,1,1,Cote-Nord
C009279,1,1,0.8737083075908757,31.12971851984276,-29.578346638463394,1,0,Capitale-Nationale
C007170,1,0,0.04754944564401686,28.889437039685525,-31.293527624629796,0,1,Gaspesie-Iles-de-la-Madeleine
C005185,1,0,0.00012833841281627309,24.58619753307127,-31.773530097555668,0,1,Gaspesie-Iles-de-la-Madeleine
C009834,1,0,0.3822225672951079,31.271784364199853,-31.656889863438376,1,1,Gaspesie-Iles-de-la-Madeleine
C005802,1,1,0.845692606020811,30.927371195328433,-29.562841532808196,1,0,Montreal
C008629,1,1,0.9379270862166623,33.110892182099924,-30.93291635276809,1,1,Bas-Saint-Laurent
C006234,1,0,0.00037617531141703747,25.29413168871418,-31.618705880597307,0,1,Bas-Saint-Laurent
C001700,1,0,0.3033839946719552,29.283239506614255,-29.9499680898261,0,0,Montreal
C001859,1,0,0.012916452934157278,26.39413168871418,-29.87221380246023,0,0,Montreal
C012495,1,0,0.00784892607578084,27.85413168871418,-31.73586430121295,0,1,Gaspesie-Iles-de-la-Madeleine
C010973,1,0,0.00022242004512740905,23.310892182099927,-30.057080161999842,0,0,Montreal
C003402,1,0,0.0016985784217872538,26.982958026457016,-32.09732047531021,0,1,Bas-Saint-Laurent
C010107,1,1,0.9992164829145109,35.47413168871418,-29.738410887435172,1,0,Montreal
C006773,1,0,0.08880337653404295,29.371784364199854,-31.239327009361276,0,1,Bas-Saint-Laurent
C010358,1,1,0.9562224486635164,33.53737119532843,-31.06381819154366,1,1,Gaspesie-Iles-de-la-Madeleine
C002962,1,1,0.3983068886712183,28.989718519842764,-29.320602125272295,0,0,Montreal
C003942,1,1,0.5871379565911492,31.635305350971343,-31.352850925565328,1,1,Bas-Saint-Laurent
C002642,1,0,0.05392313404696866,28.57061070194269,-30.86842076372194,0,1,Gaspesie-Iles-de-la-Madeleine
C008822,1,0,0.005962913542796074,26.389718519842763,-30.493403870787787,0,1,Cote-Nord
C000091,1,0,0.08723261915267115,27.315305350971343,-29.198543928507814,0,0,Capitale-Nationale
C008158,1,1,0.9416913099360419,31.800892182099926,-29.56952585555823,1,0,Montreal
C007704,1,0,3.088078109011676e-05,23.295305350971343,-31.625328287255897,0,1,Cote-Nord
C005621,1,0,0.37261822932000255,29.015305350971342,-29.433196988217862,0,0,Capitale-Nationale
C009194,1,0,0.011353015216041942,25.16413168871418,-28.74696823224168,0,0,Montreal
C007569,1,1,0.9912949055040451,33.48295802645702,-29.68496003276674,1,0,Montreal
C012584,1,0,0.0036988728893020445,25.869718519842763,-30.358253437029784,0,0,Montreal
C006648,1,1,0.6781316311914295,29.71413168871418,-29.116412281909962,0,0,Capitale-Nationale
C001763,1,1,0.1960569421496344,28.072958026457016,-29.204811494154722,0,0,Montreal
C012773,1,0,0.0013648549654124932,24.06647901322851,-29.35656239515253,0,0,Capitale-Nationale
C011301,1,0,0.3652309976033421,31.457371195328435,-31.900713494248127,1,1,Cote-Nord
C005403,1,1,0.9950071665065807,34.819718519842766,-30.572834492327953,1,1,Gaspesie-Iles-de-la-Madeleine
C006399,1,0,0.4838749676450841,29.50206584435709,-29.553818955244246,0,0,Montreal
C012389,1,1,0.7840308461317704,30.212958026457017,-29.17880804977257,1,0,Montreal
C007303,1,0,0.03365063426698076,29.439718519842764,-32.132743769478424,0,1,Gaspesie-Iles-de-la-Madeleine
C000721,1,1,0.9995063301473885,36.26295802645702,-30.156496630316997,1,0,Capitale-Nationale
C003448,1,0,0.39983181118577127,30.87413168871418,-31.19991493568949,1,1,Gaspesie-Iles-de-la-Madeleine
C012293,1,0,0.00836605980034596,28.032958026457017,-31.86309380804251,0,1,Cote-Nord
C012881,1,1,0.8282784796602359,30.352958026457017,-29.090882982192745,1,0,Capitale-Nationale
C006445,1,0,0.004720216966321417,26.889718519842763,-31.181858905038645,0,1,Bas-Saint-Laurent
C008603,1,1,0.4479763802951628,29.105305350971342,-29.272822934398423,0,0,Montreal
C007181,1,0,4.53163465439003e-05,24.059718519842765,-32.0820997365857,0,1,Bas-Saint-Laurent
C002151,1,1,0.8999103613427634,32.981784364199854,-31.22020237613112,1,1,Gaspesie-Iles-de-la-Madeleine
C005240,1,0,0.02878072027211682,28.512958026457017,-31.33540355537847,0,1,Bas-Saint-Laurent
C004154,1,0,0.007200238837088435,25.58413168871418,-29.53557919927015,0,0,Montreal
C007427,1,0,0.002071034574135451,24.92206584435709,-29.87710856618849,0,0,Montreal
C001276,1,1,0.8207822925630877,30.597371195328435,-29.37685964715047,1,0,Montreal
C011356,1,0,0.01044531870370783,25.627652675485674,-29.278063354933984,0,0,Montreal
C001040,1,1,0.7462448688581701,30.03413168871418,-29.16892574673392,0,0,Capitale-Nationale
C010543,1,1,0.771733258563926,31.097371195328435,-30.120321217219228,1,0,Capitale-Nationale
C000765,1,0,0.10808459340676241,29.402958026457018,-31.095742900991166,0,1,Gaspesie-Iles-de-la-Madeleine
C012721,1,0,0.05427177352260229,26.577371195328432,-28.86971638498303,0,0,Montreal
C007283,1,1,0.9506023183196515,32.09413168871418,-29.722185623852194,1,0,Montreal
C001457,1,0,0.34848130139500494,30.662958026457016,-31.164845475210242,1,1,Bas-Saint-Laurent
C000356,1,1,0.9777251367209948,31.82413168871418,-28.790797047202936,1,0,Montreal
C012444,1,1,0.998929927993978,34.137652675485676,-28.652165273577076,1,0,Montreal
C003017,1,1,0.9720484181067053,32.11413168871418,-29.26755494088235,1,0,Capitale-Nationale
C008407,1,1,0.9018077261694706,31.071784364199853,-29.29316204231272,1,0,Montreal
C000067,1,0,0.00042813462481848985,23.799718519842763,-30.020474176955414,0,0,Capitale-Nationale
C009340,1,1,0.4746015251692676,29.860892182099928,-29.942450231488184,0,0,Capitale-Nationale
C013994,1,0,0.10508902928429195,27.83413168871418,-29.552149838043817,0,0,Montreal
C000008,1,0,0.010514057099136486,26.25647901322851,-29.90157285857136,0,0,Montreal
C002267,1,0,0.3327910588815764,28.61413168871418,-29.172058944852647,0,0,Montreal
C004557,1,1,0.9861370194005377,32.814131688714184,-29.393543248011614,1,0,Montreal
C000392,1,1,0.9865158701325067,32.7285448575856,-29.28542343586843,1,0,Montreal
C003267,1,0,0.008460409581946778,26.089718519842762,-29.910782846891422,0,1,Gaspesie-Iles-de-la-Madeleine
C002342,1,1,0.9434967157449816,31.42647901322851,-29.168348628636164,1,0,Montreal
C009057,1,0,0.03645651065988421,25.885305350971343,-28.511760039897478,0,0,Montreal
C009081,1,1,0.15132967285899368,30.229718519842763,-31.612696998336947,1,1,Cote-Nord
C004283,1,1,0.7558682589104185,29.909718519842762,-29.003224742919237,0,0,Capitale-Nationale
C001330,1,0,0.06217080409605324,29.439718519842764,-31.616346708270086,0,1,Gaspesie-Iles-de-la-Madeleine
C008069,1,0,7.440287044141995e-06,22.478263377428362,-31.949864950761828,0,1,Gaspesie-Iles-de-la-Madeleine
C012172,1,0,0.0027296153058968572,26.912676546299778,-31.645721660296523,0,1,Cote-Nord
C001996,1,1,0.4672920951391244,30.275305350971344,-30.380394673430025,1,0,Montreal
C001550,1,0,0.14225586337847979,26.720892182099927,-28.161997183854012,0,0,Capitale-Nationale
C004192,1,0,0.44407342634741814,31.06826337742836,-31.248450816159952,1,1,Cote-Nord
C007700,1,0,0.15648662497703295,27.890892182099925,-29.242103836157003,0,0,Montreal
C012914,1,0,0.0005550717963613217,25.99826337742836,-32.010645631458814,0,1,Gaspesie-Iles-de-la-Madeleine
C002020,1,1,0.9946267450918271,35.9685448575856,-31.780865529050317,1,1,Gaspesie-Iles-de-la-Madeleine
C001131,1,0,0.0013393464321100463,27.015023870814105,-32.32026037627197,0,1,Cote-Nord
C001459,1,0,0.0002080688594656653,25.11647901322851,-31.916177057656114,0,1,Bas-Saint-Laurent
C001682,1,1,0.9243342506846082,31.98530535097134,-29.97786620230935,1,0,Montreal
C011216,1,0,0.0006131975031437537,25.434131688714178,-31.36658707184878,0,1,Gaspesie-Iles-de-la-Madeleine
C004211,1,1,0.8803878141237732,31.127371195328436,-29.526305215739,1,0,Montreal
C005967,1,0,0.008307140726483225,25.96413168871418,-29.799983963396148,0,0,Capitale-Nationale
C005918,1,1,0.624396285088324,29.43647901322851,-29.028814280182125,0,0,Montreal
C012812,1,1,0.20564244673945437,30.06206584435709,-31.146011370219515,0,1,Bas-Saint-Laurent
C003476,1,0,0.13238030450084912,29.667371195328435,-31.17536766434383,0,1,Cote-Nord
C013689,1,0,0.23297702277651158,26.86619753307127,-27.821954176718346,0,0,Capitale-Nationale
C000357,1,0,0.6130237829170714,29.377652675485674,-29.0086569760399,0,0,Capitale-Nationale
C011134,1,1,0.9532821787023835,33.25943703968552,-30.84049393098425,1,1,Cote-Nord
C010965,1,0,0.018179328235019217,27.647652675485674,-30.847304538023984,0,0,Montreal
C000689,1,0,0.012676786409863194,26.865305350971344,-30.358604962799863,0,0,Montreal
C002623,1,1,0.999988771035485,38.26737119532844,-29.125904206923714,1,0,Montreal
C013826,1,0,0.5390858181237392,30.1285448575856,-30.00288648800203,1,0,Montreal
C010882,1,1,0.9760687836793333,32.350892182099926,-29.376447614313662,1,0,Capitale-Nationale
C000497,1,0,0.007695824692290243,26.47413168871418,-30.371788339353834,0,1,Cote-Nord
C003052,1,0,0.0021795588850306168,25.9685448575856,-30.882534013705246,0,1,Cote-Nord
C004698,1,1,0.9929744060337001,34.7985448575856,-30.827261297886224,1,1,Cote-Nord
C010854,1,1,0.5604018427747856,31.2785448575856,-31.08380200290993,1,1,Cote-Nord
C006835,1,1,0.06394694633412862,28.7485448575856,-30.901058928431492,0,1,Cote-Nord
C007294,1,1,0.6332279318608418,28.689718519842764,-28.251703152659513,0,0,Montreal
C003521,1,0,0.2121013338353599,28.462065844357088,-29.514658016175154,0,0,Montreal
C009083,1,0,0.006799450426089168,25.124413168871417,-29.12212226759309,0,0,Montreal
C000451,1,1,0.3511636127342864,28.520892182099928,-29.0133203880093,0,0,Montreal
C003419,1,1,0.9022895454741907,31.481784364199854,-29.698788132881678,1,0,Montreal
C008728,1,0,0.005532941750388635,24.621784364199854,-28.78584495708114,0,0,Capitale-Nationale
C004162,1,1,0.8722094407120862,30.75206584435709,-29.21153459487009,1,0,Capitale-Nationale
C000218,1,0,0.479978316802148,29.307652675485674,-29.37192412662901,0,0,Capitale-Nationale
C006781,1,0,0.08805348671017281,27.4985448575856,-29.37354928175619,0,0,Montreal
C004748,1,1,0.5304503693036836,28.65178436419985,-28.553967084699742,0,0,Montreal
C000835,1,1,0.38425600531414494,30.919718519842764,-31.29792368313968,1,1,Bas-Saint-Laurent
C003228,1,0,0.004914448590503061,25.07647901322851,-29.33611858035096,0,0,Montreal
C011120,1,0,0.11894351108854324,28.777371195328435,-30.38354272425911,0,1,Cote-Nord
C002171,1,0,0.3328397921900952,29.562958026457014,-30.120709246513073,0,0,Montreal
C009544,1,1,0.6792137360937637,31.631784364199852,-31.030084922335337,1,1,Bas-Saint-Laurent
C007356,1,1,0.962165798349318,33.50502387081411,-30.90946927223951,1,1,Gaspesie-Iles-de-la-Madeleine
C009114,1,1,0.9773409354111458,32.820892182099925,-29.801589508963435,1,0,Montreal
C003515,1,0,0.003890154972832876,26.49206584435709,-30.940004494632014,0,1,Gaspesie-Iles-de-la-Madeleine
C008013,1,0,0.17974745223733576,28.19413168871418,-29.411757995883615,0,0,Montreal
C010968,1,1,0.8765987394885936,29.415305350971344,-27.842713513813003,0,0,Montreal
C000148,1,0,0.029986001424564562,28.39619753307127,-31.184741202184593,0,1,Bas-Saint-Laurent
C000928,1,1,0.11880680684090601,29.00737119532843,-30.614589560469962,0,0,Montreal
C004080,1,0,5.699322939928701e-05,23.37619753307127,-31.214677586252257,0,1,Cote-Nord
C000921,1,1,0.9869347221291891,32.375305350971345,-28.906533166480738,1,0,Montreal
C008794,1,1,0.6542719766678269,30.46530535097134,-29.953673100394276,1,0,Montreal
C004791,1,0,0.0313623581044799,28.70591605291403,-31.457324660790228,0,1,Bas-Saint-Laurent
C002780,1,0,0.003938792818992845,26.020892182099928,-30.458825417280412,0,1,Bas-Saint-Laurent
C006482,1,0,0.004407055307164072,25.130892182099927,-29.47834707387563,0,0,Capitale-Nationale
C007786,1,1,0.9971219703118597,33.78178436419985,-29.091325682580205,1,0,Capitale-Nationale
C008936,1,0,0.00784624862837813,28.657371195328437,-32.53937963156678,0,1,Bas-Saint-Laurent
C012855,1,0,0.005399469676853933,27.369437039685526,-31.55319152645024,0,1,Gaspesie-Iles-de-la-Madeleine
C008523,1,0,0.10345098221130052,28.48413168871418,-30.216217538687026,0,0,Montreal
C004851,1,0,0.0031408368026046344,23.6985448575856,-28.318702459959916,0,0,Capitale-Nationale
C013737,1,1,0.5805196679134701,29.7585448575856,-29.497938885255785,0,0,Montreal
C012290,1,0,0.06076777825344672,26.89206584435709,-29.08820154650302,0,0,Montreal
C009558,1,0,0.5456140854634363,31.54267654629978,-31.39592138340933,1,1,Cote-Nord
C006521,1,0,0.3861358558442345,30.988544857585598,-31.36038308029876,1,1,Bas-Saint-Laurent
C002230,1,0,0.0008776047414611443,25.127371195328436,-30.772056250603747,0,1,Bas-Saint-Laurent
C013134,1,1,0.8225507438050744,31.425305350971342,-30.195113413856436,1,0,Montreal
C004532,1,1,0.9945699019530242,34.457371195328435,-30.278178413120447,1,0,Capitale-Nationale
C008245,1,0,0.28402658354858357,29.385305350971343,-30.126901527082545,0,0,Montreal
C011650,1,0,0.008928998337886036,27.270892182099928,-31.048339175270684,0,1,Bas-Saint-Laurent
C007992,1,0,0.00070990365017192,23.40206584435709,-29.21698322053841,0,0,Montreal
C002334,1,1,0.9452776806199302,31.527371195328435,-29.242039439862886,1,0,Montreal
C013432,1,0,0.2511690862079962,30.872958026457017,-31.74915490850432,1,1,Cote-Nord
C013711,1,1,0.9823895485179749,32.81530535097134,-29.58968824777853,1,0,Montreal
C005383,1,1,0.9673390678753938,32.06647901322851,-29.348688375436183,1,0,Capitale-Nationale
C009234,1,1,0.8845365446170023,34.1185448575856,-32.48539353995606,1,1,Gaspesie-Iles-de-la-Madeleine
C009266,1,0,0.0600474870757727,27.515305350971342,-29.72162009441688,0,0,Montreal
C003744,1,1,0.5552405303262302,28.87413168871418,-28.696172876808816,0,0,Montreal
C005829,1,0,0.8322406569627514,30.979718519842763,-29.695091921840625,1,0,Capitale-Nationale
C005772,1,0,0.21608323895303613,29.981784364199854,-31.015394026973443,0,1,Cote-Nord
C002515,1,0,0.07211742747869017,29.24061070194269,-31.289647497381473,0,1,Cote-Nord
C005346,1,0,0.1487402680683292,27.24413168871418,-28.643397157857112,0,0,Capitale-Nationale
C011231,1,0,0.04375968951588206,28.905305350971343,-31.379200669118394,0,1,Bas-Saint-Laurent
C009584,1,0,0.003710393747313208,25.912958026457016,-30.398989273702256,0,1,Cote-Nord
C013167,1,0,0.739324324597817,31.594131688714178,-30.75798108261969,1,1,Gaspesie-Iles-de-la-Madeleine
C005600,1,0,7.540105905013322e-05,23.357371195328433,-30.971339335167517,0,1,Cote-Nord
C005724,1,0,0.018372661210359267,25.918544857585598,-29.109553716053043,0,0,Montreal
C012707,1,0,0.00654088118755738,27.1485448575856,-31.177559843808396,0,1,Gaspesie-Iles-de-la-Madeleine
C005306,1,0,0.03337950864879336,26.720892182099927,-29.42063114594441,0,0,Montreal
C008136,1,0,0.0009901521374806304,25.85971851984276,-31.40753072108424,0,1,Bas-Saint-Laurent
C006681,1,0,0.06018381578637274,27.42413168871418,-29.628511121145124,0,0,Capitale-Nationale
C005826,1,0,0.6799359426258959,29.71530535097134,-29.110945656424576,0,0,Montreal
C003148,1,0,0.00961538824591721,27.05413168871418,-30.771619471298017,0,1,Cote-Nord
C008408,1,0,0.3527134890220877,28.9485448575856,-29.435522520448274,0,0,Capitale-Nationale
C013712,1,0,0.1592167217107262,29.027371195328435,-30.362109774453536,0,1,Gaspesie-Iles-de-la-Madeleine
C013050,1,0,0.0026197212871737377,24.853239506614255,-29.619333250564942,0,0,Montreal
C005270,1,0,0.10166651254500214,27.18647901322851,-28.934116121058402,0,0,Capitale-Nationale
C000368,1,0,0.20240665894053664,27.635305350971343,-28.735232855125638,0,0,Montreal
C012923,1,1,0.8408800785870704,31.3085448575856,-29.97322613387405,1,0,Montreal
C005593,1,0,0.000857949596408447,25.987371195328436,-31.650240227090137,0,1,Gaspesie-Iles-de-la-Madeleine
C011813,1,1,0.9903882026038209,33.07737119532843,-29.359580908074633,1,0,Montreal
C005560,1,0,0.18772218662030946,30.191784364199854,-31.36675517213111,1,1,Gaspesie-Iles-de-la-Madeleine
C011315,1,1,0.9981705074275026,34.399718519842764,-29.34501430503572,1,0,Montreal
C002276,1,0,0.23403245707365686,29.561784364199852,-30.512811109004687,0,1,Bas-Saint-Laurent
C002628,1,0,0.8899101531869119,32.707371195328435,-31.031136258221274,1,1,Bas-Saint-Laurent
C010489,1,0,0.0022062455784028294,25.02206584435709,-29.92627228332788,0,0,Montreal
C009072,1,0,0.0008258253294946674,26.059718519842765,-31.75322290284213,0,1,Cote-Nord
C001036,1,1,0.24396690402735297,29.22206584435709,-30.129276274494895,0,0,Montreal
C000661,1,0,0.3015840588029213,28.5385448575856,-29.212116127193106,0,0,Capitale-Nationale
C003235,1,0,0.010306622233737047,26.941784364199854,-30.603029274614656,0,1,Gaspesie-Iles-de-la-Madeleine
C003061,1,0,0.2005839623330532,29.717371195328433,-30.826385261918798,0,1,Cote-Nord
C007068,1,0,0.0017217185602923602,26.417371195328435,-31.520861697024532,0,1,Bas-Saint-Laurent
C009429,1,0,0.25793990451193577,30.457371195328435,-31.304946762693152,1,1,Cote-Nord
C012738,1,1,0.9471075879970935,31.119718519842763,-28.805554903470377,1,0,Capitale-Nationale
C003184,1,0,0.04586215612347003,29.04647901322851,-31.480968795396382,0,1,Gaspesie-Iles-de-la-Madeleine
C010493,1,0,0.020777368805612314,28.272958026457015,-31.36334153487945,0,1,Bas-Saint-Laurent
C012126,1,0,0.000824924491071958,25.67061070194269,-31.364991237083306,0,1,Cote-Nord
C011559,1,1,0.8736042209559226,33.695305350971346,-32.144689825009706,1,1,Cote-Nord
C003690,1,1,0.9941543507008177,33.509718519842764,-29.390007735363653,1,0,Montreal
C002349,1,1,0.961701058141483,31.94971851984276,-29.364344017774208,1,0,Montreal
C004958,1,1,0.9645146281509102,31.52206584435709,-28.87314700190375,1,0,Capitale-Nationale
C010416,1,0,0.00019157617058118188,23.297652675485672,-30.163603751601023,0,0,Montreal
C011252,1,0,0.000888946021475142,23.51413168871418,-29.14850858943966,0,0,Montreal
C001852,1,0,2.771012662218914e-05,23.55413168871418,-31.9710528913918,0,1,Gaspesie-Iles-de-la-Madeleine
C009485,1,1,0.5276054961136035,29.79647901322851,-29.707820049034776,0,0,Montreal
C006041,1,1,0.8802659927850639,30.23530535097134,-28.635166859039916,1,0,Montreal
C008940,1,0,0.18892568670990512,29.372958026457017,-30.541613674938283,0,1,Gaspesie-Iles-de-la-Madeleine
C011029,1,0,0.909699866253128,31.21413168871418,-29.361314082419465,1,0,Montreal
C004204,1,0,0.0006949435130518929,23.8785448575856,-29.710557792675772,0,1,Bas-Saint-Laurent
C010696,1,0,0.0030610139634158454,27.26413168871418,-31.90500185265178,0,1,Cote-Nord
C002498,1,1,0.9421779159818671,30.429718519842762,-28.19121599260797,1,0,Capitale-Nationale
C002596,1,1,0.9792880463314716,32.469718519842765,-29.376752147328467,1,0,Capitale-Nationale
C001774,1,0,0.005757628482805303,27.432958026457015,-31.56490919879576,0,1,Gaspesie-Iles-de-la-Madeleine
C002911,1,0,0.22859503628099714,29.792958026457015,-30.76851397324824,0,1,Cote-Nord
C004795,1,1,0.8706576251241808,32.9385448575856,-31.409123452676727,1,1,Cote-Nord
C008116,1,0,0.08585371411181343,27.19619753307127,-29.093427060123133,0,0,Montreal
C006696,1,1,0.7059199789407609,29.889718519842763,-29.18736497043609,0,0,Capitale-Nationale
C000644,1,0,0.08008162725928523,29.49061070194269,-31.448713325453646,0,1,Cote-Nord
C012121,1,0,0.4816584609798363,31.32061070194269,-31.379483668897972,1,1,Cote-Nord
C005996,1,1,0.927332312533081,30.637652675485672,-28.595188476565117,1,0,Capitale-Nationale
C008481,1,0,0.2711184105408186,30.58178436419985,-31.375019689631483,1,1,Cote-Nord
C000361,1,0,0.009083165886955983,25.135305350971343,-28.89889685609101,0,0,Montreal
C005402,1,0,0.004846188431994898,25.40413168871418,-29.6750452056404,0,0,Montreal
C000619,1,0,0.000324066350362564,24.915305350971344,-31.35951918350233,0,1,Cote-Nord
C011732,1,1,0.4508410471103209,30.409437039685525,-30.56766859945573,1,1,Bas-Saint-Laurent
C009932,1,0,0.2243448990893211,29.519718519842762,-30.514734810051415,0,0,Montreal
C008919,1,1,0.27136762460767905,29.005305350971344,-29.79752943109153,0,0,Montreal
C003651,1,1,0.9980656595382713,33.838544857585596,-28.82862381135199,1,0,Montreal
C002083,1,1,0.9807033592483343,33.67502387081411,-30.524126918361738,1,1,Bas-Saint-Laurent
C003841,1,1,0.9534920635012619,32.44413168871418,-30.021400390312046,1,0,Capitale-Nationale
C002802,1,0,0.36057294175250026,30.952958026457015,-31.41246023196472,1,1,Cote-Nord
C012592,1,1,0.9901533257284447,32.56089218209993,-28.86265670943319,1,0,Montreal
C006812,1,0,0.13438664266902173,28.3085448575856,-29.80261913812087,0,0,Montreal
C011269,1,0,0.008958706000835322,27.863850208556943,-31.638608941833745,0,1,Bas-Saint-Laurent
C003825,1,0,0.08895700693403791,29.10413168871418,-30.970152658439694,0,1,Gaspesie-Iles-de-la-Madeleine
C002663,1,0,0.07893428463522584,28.19413168871418,-30.16480892683957,0,0,Montreal
C010019,1,1,0.9995211681190159,35.38413168871418,-29.253180545279537,1,0,Montreal
C000349,1,0,0.2871675189011607,28.57413168871418,-29.30338003576383,0,0,Montreal
C007873,1,1,0.4016151052587557,28.840892182099925,-29.1607191269183,0,0,Capitale-Nationale
C010080,1,0,0.0004533075201733631,22.470892182099927,-28.64580155938637,0,0,Montreal
C004753,1,0,6.363792229216724e-07,20.0085448575856,-31.45239669115109,0,1,Bas-Saint-Laurent
C002993,1,1,0.9831338801239661,33.55061070194269,-30.289747120853175,1,1,Cote-Nord
C007462,1,1,0.9973133091948991,34.377371195328436,-29.631578021646547,1,0,Montreal
C013247,1,0,0.1969969115260316,28.460892182099926,-29.58797094823873,0,0,Capitale-Nationale
C006899,1,1,0.5939056541894803,29.481784364199854,-29.176880408842017,0,0,Capitale-Nationale
C005387,1,0,0.2379915203982772,28.730892182099925,-29.66430707228694,0,0,Montreal
C005103,1,1,0.7794284110244308,30.49206584435709,-29.47955173992935,1,0,Capitale-Nationale
C010975,1,0,0.2523892594746706,28.127371195328436,-28.998372930720382,0,0,Capitale-Nationale
C008593,1,1,0.5095755597778843,31.960892182099926,-31.93016643103099,1,1,Bas-Saint-Laurent
C006125,1,1,0.9991205898297936,34.91295802645702,-29.26992281180899,1,0,Montreal
C008430,1,0,0.16928870058162404,28.2785448575856,-29.55441707852279,0,0,Capitale-Nationale
C001388,1,1,0.9996548738537464,37.0385448575856,-30.644849130709936,1,1,Gaspesie-Iles-de-la-Madeleine
C012461,1,1,0.743511715111437,32.66061070194269,-31.806940880645268,1,1,Cote-Nord
C004850,1,1,0.9967338648903863,34.79530535097135,-30.206624964132963,1,0,Montreal
C004396,1,1,0.9762558892318647,33.015023870814105,-30.03412976866504,1,1,Gaspesie-Iles-de-la-Madeleine
C004859,1,1,0.9334827119456682,33.737371195328436,-31.618671658119318,1,1,Gaspesie-Iles-de-la-Madeleine
C006400,1,0,0.06038234051323453,27.37413168871418,-29.575700205905417,0,0,Montreal
C005810,1,0,0.0005406152529051989,23.400892182099927,-29.43445299255935,0,0,Montreal
C000714,1,0,0.24052915068458666,30.141784364199854,-31.064016468345784,1,1,Cote-Nord
C013025,1,0,0.49289448623830157,29.115305350971344,-29.138104044253833,0,0,Montreal
C009803,1,1,0.4384951341178391,31.251784364199853,-31.450119519127913,1,1,Cote-Nord
C001225,1,1,0.9745382948301407,32.43530535097135,-29.51184274130955,1,0,Montreal
C010028,1,1,0.9702517129126831,32.04971851984276,-29.25459436534433,1,0,Montreal
C003951,1,1,0.6111713679666151,28.434131688714178,-28.071393779474512,0,0,Montreal
C007428,1,0,0.4881242589330698,30.897371195328432,-30.935480202906717,1,1,Bas-Saint-Laurent
C002503,1,0,0.0009011424454974248,26.259718519842764,-31.88315563376871,0,1,Gaspesie-Iles-de-la-Madeleine
C008519,1,1,0.9403895751156073,33.63530535097134,-31.422758255142455,1,1,Gaspesie-Iles-de-la-Madeleine
C009387,1,0,0.6410812198586943,28.79206584435709,-28.32680320020305,0,0,Montreal
C011445,1,0,0.16945821825645777,29.5885448575856,-30.863450606922605,0,1,Gaspesie-Iles-de-la-Madeleine
C010571,1,1,0.3075541836215646,28.93647901322851,-29.587441390008813,0,0,Montreal
C013556,1,0,0.004895270472298812,27.800610701942688,-32.063401938089875,0,1,Gaspesie-Iles-de-la-Madeleine
C000147,1,1,0.9660223183410485,33.380610701942686,-30.69561479430464,1,1,Gaspesie-Iles-de-la-Madeleine
C008160,1,0,0.00028742933909508764,23.260892182099926,-29.801363605418242,0,0,Montreal
C008429,1,0,0.04984766077932405,29.886197533071268,-32.250490377802514,0,1,Cote-Nord
C010173,1,0,0.3762993343768013,30.711784364199854,-31.117070905405097,1,1,Gaspesie-Iles-de-la-Madeleine
C003087,1,0,0.011356805903802478,27.344131688714178,-30.926697388299075,0,1,Cote-Nord
C009844,1,0,0.32720691982756694,30.923850208556942,-31.50203567947715,1,1,Cote-Nord
C004703,1,0,0.030577928833252468,27.465023870814107,-30.237398747921084,0,1,Bas-Saint-Laurent
C000394,1,0,0.2443100600613968,29.165305350971344,-30.071024228892433,0,0,Montreal
C005031,1,0,0.03181066568420514,26.887371195328434,-29.62702417385033,0,0,Montreal
C010734,1,1,0.8829293972749288,30.820892182099925,-29.2002869841932,1,0,Montreal
C010078,1,0,0.010155330099165851,28.12413168871418,-31.797360507900592,0,1,Gaspesie-Iles-de-la-Madeleine
C002061,1,0,0.14964301734767907,29.44413168871418,-30.83769266182751,0,1,Cote-Nord
C000112,1,1,0.9715438144480156,32.53737119532843,-29.705561806077284,1,0,Capitale-Nationale
C004815,1,0,0.06249928234487106,28.502958026457016,-30.675078537246893,0,1,Gaspesie-Iles-de-la-Madeleine
C013965,1,0,0.1943118480812331,28.635305350971343,-29.77606937794687,0,0,Montreal
C003640,1,1,0.9360164824983583,33.359718519842765,-31.20769437232393,1,1,Cote-Nord
C002706,1,0,0.10783687652775324,27.252958026457016,-28.947806052907872,0,0,Capitale-Nationale
C010373,1,0,0.0036807765830606663,25.019718519842762,-29.51220178792531,0,0,Capitale-Nationale
C013362,1,0,0.04146707017747923,26.567371195328434,-29.086350694991356,0,0,Montreal
C012499,1,0,0.00011372266816075691,24.35178436419985,-31.636108129469594,0,1,Gaspesie-Iles-de-la-Madeleine
C006197,1,0,0.5100468457068662,29.497371195328434,-29.465132799348073,0,0,Montreal
C007527,1,1,0.7614569501008396,31.455305350971344,-30.52432786252314,1,1,Bas-Saint-Laurent
C013824,1,0,0.041253165106038346,29.609437039685528,-32.132743769478424,0,1,Bas-Saint-Laurent
C006115,1,1,0.9984243046757955,34.00737119532844,-28.83267675313963,1,0,Capitale-Nationale
C000326,1,0,0.00014919470238886645,24.487371195328436,-31.55390647420029,0,1,Cote-Nord
C006707,1,1,0.7591839883533239,30.349718519842764,-29.428745460063904,1,0,Capitale-Nationale
C003261,1,0,0.528289279567854,29.75413168871418,-29.663272014366182,0,0,Montreal
C013868,1,0,0.048891631714698965,26.889718519842763,-29.27035081888041,0,0,Montreal
C001780,1,0,0.010802589637405621,26.57413168871418,-30.197276718807586,0,0,Montreal
C008389,1,1,0.9202367859982334,31.189718519842764,-29.228142743972597,1,0,Montreal
C003416,1,0,0.0026483703127881952,27.410892182099925,-32.16823887812747,0,1,Cote-Nord
C006636,1,0,0.0019496960392348885,24.7885448575856,-29.79211135712933,0,0,Montreal
C006230,1,1,0.4962056654532522,31.7285448575856,-31.74071874243857,1,1,Gaspesie-Iles-de-la-Madeleine
C002567,1,0,0.13562296381372313,30.385305350971343,-31.87088789993102,1,1,Cote-Nord
C011113,1,0,0.521690465293608,30.661784364199853,-30.592149496114434,1,0,Capitale-Nationale
C006322,1,0,0.007623499781506374,26.247652675485675,-30.152941461857004,0,0,Capitale-Nationale
C002169,1,1,0.7418874366913621,30.257652675485673,-29.410800479880702,1,0,Montreal
C007515,1,0,0.03194195290389098,28.43737119532843,-31.17361185655699,0,1,Cote-Nord
C009705,1,0,0.08215167579531799,26.957371195328435,-28.89319680127714,0,0,Montreal
C005191,1,1,0.10899588414103649,27.946479013228508,-29.63170962726237,0,0,Capitale-Nationale
C006523,1,0,0.00015466725763460534,24.019437039685528,-31.05707337279671,0,1,Gaspesie-Iles-de-la-Madeleine
C009947,1,0,0.42094321373548527,29.242958026457018,-29.49874788015258,0,0,Montreal
C012764,1,0,0.0005968005958083022,25.5485448575856,-31.502753377394868,0,1,Gaspesie-Iles-de-la-Madeleine
C004094,1,0,0.00019309022863205148,22.64530535097134,-29.504941049937187,0,0,Montreal
C013196,1,0,0.2155998015632999,29.743850208556943,-30.779750880295385,0,1,Gaspesie-Iles-de-la-Madeleine
C005643,1,0,0.08137788605520184,29.577371195328432,-31.521463478165742,0,1,Gaspesie-Iles-de-la-Madeleine
C011090,1,0,0.5150840953641384,31.909718519842762,-31.861308383313883,1,1,Gaspesie-Iles-de-la-Madeleine
C006508,1,0,0.002070827540944983,26.32619753307127,-31.281320607496735,0,1,Gaspesie-Iles-de-la-Madeleine
C007065,1,0,0.1364048271532357,29.18061070194269,-30.660856620919198,0,1,Gaspesie-Iles-de-la-Madeleine
C002722,1,1,0.7760342250181087,30.460610701942688,-29.463845842374624,1,0,Montreal
C012509,1,1,0.9790784035710063,33.170610701942685,-30.08589389903821,1,1,Cote-Nord
C003123,1,0,0.22802107533232227,31.22267654629978,-32.20084551207439,1,1,Bas-Saint-Laurent
C000801,1,0,0.004112077521856706,26.18619753307127,-30.589457786433876,0,1,Cote-Nord
C002142,1,0,0.007598763510881403,27.69413168871418,-31.602047285481785,0,1,Bas-Saint-Laurent
C000890,1,1,0.99577968660175,33.387371195328434,-29.00503733125467,1,0,Capitale-Nationale
C010537,1,0,0.30254272100090784,30.68647901322851,-31.356402936135744,1,1,Gaspesie-Iles-de-la-Madeleine
C005202,1,1,0.606893121264026,30.052958026457016,-29.70463174961205,0,0,Montreal
C009308,1,0,0.03632200850514173,28.05826337742836,-30.687794730629406,0,1,Cote-Nord
C001263,1,0,0.0464386571907898,26.512958026457017,-28.936943310363795,0,0,Montreal
C010003,1,1,0.9770701787551019,34.84295802645702,-31.833405125379016,1,1,Cote-Nord
C010704,1,0,0.0380815321415663,28.0685448575856,-30.65866684666893,0,1,Gaspesie-Iles-de-la-Madeleine
C012085,1,0,0.16714555839619508,28.672958026457017,-29.9611159772884,0,0,Montreal
C005838,1,0,0.07334990584268208,27.547652675485672,-29.58203148796221,0,0,Capitale-Nationale
C010991,1,0,0.08245081260917603,27.31206584435709,-29.244714656696274,0,0,Montreal
C004220,1,0,0.4639626902133946,29.347371195328435,-29.463193262336198,0,0,Montreal
C003549,1,1,0.9947060507038409,33.705305350971344,-29.50563547362477,1,0,Montreal
C007199,1,1,0.9808307045452523,32.494131688714184,-29.337819747772855,1,0,Montreal
C010978,1,0,0.006955464337816725,27.042958026457015,-31.02234498014296,0,1,Bas-Saint-Laurent
C011780,1,0,0.003757780944731954,26.1085448575856,-30.584358894616376,0,1,Bas-Saint-Laurent
C006998,1,1,0.9801825311339853,32.15971851984276,-29.030609651836002,1,0,Capitale-Nationale
C002469,1,0,0.25989038899784483,29.509718519842764,-30.349140589865517,0,1,Gaspesie-Iles-de-la-Madeleine
C001076,1,0,0.10217775911379372,28.385305350971343,-30.128462500633944,0,0,Montreal
C002975,1,0,0.004450007013850369,26.92619753307127,-31.26583836183421,0,1,Cote-Nord
C010106,1,1,0.9748272015234231,32.042958026457015,-29.110104508532686,1,0,Capitale-Nationale
C002494,1,0,0.12245164364363298,27.765305350971342,-29.34496189588125,0,0,Capitale-Nationale
C009768,1,0,0.0012557277471682495,26.403850208556943,-31.76086204087465,0,1,Gaspesie-Iles-de-la-Madeleine
C009997,1,0,0.0014428449494153642,25.7885448575856,-31.033994315560175,0,1,Gaspesie-Iles-de-la-Madeleine
C013828,1,0,0.23897638497858606,29.95061070194269,-30.879675844863474,0,1,Cote-Nord
C003991,1,1,0.6070877862235552,32.08413168871418,-31.735150884107856,1,1,Gaspesie-Iles-de-la-Madeleine
C011440,1,0,0.12779638157494574,29.50737119532843,-31.047860547050533,0,1,Bas-Saint-Laurent
C000566,1,1,0.6997262821969524,29.915305350971344,-29.236738053488057,0,0,Montreal
C007211,1,0,7.603852791963648e-05,24.00619753307127,-31.613412462947856,0,1,Gaspesie-Iles-de-la-Madeleine
C001075,1,0,0.18692274039789739,27.60413168871418,-28.783314676651184,0,0,Capitale-Nationale
C006993,1,0,0.45173185242771746,29.19971851984276,-29.355064651998173,0,0,Capitale-Nationale
C004671,1,1,0.7162953069513586,30.29647901322851,-29.553612771676324,1,0,Capitale-Nationale
C010783,1,0,0.002976254377841069,26.882958026457015,-31.546419686412538,0,1,Gaspesie-Iles-de-la-Madeleine
C005152,1,0,0.5973882467910699,29.64413168871418,-29.327629806423037,0,0,Capitale-Nationale
C012858,1,0,0.01697995056916755,28.515023870814105,-31.770399371654495,0,1,Gaspesie-Iles-de-la-Madeleine
C008526,1,0,0.10637059310663206,26.877652675485674,-28.58479896025583,0,0,Capitale-Nationale
C003631,1,1,0.9061257101143743,31.93619753307127,-30.117672878194387,1,0,Montreal
C002168,1,0,0.003517513110696207,27.021784364199853,-31.550789676040445,0,1,Bas-Saint-Laurent
C002139,1,0,0.15006378928864403,27.90206584435709,-29.29297763528832,0,0,Montreal
C009500,1,0,0.2222701500238638,30.307371195328436,-31.311982394272363,1,1,Gaspesie-Iles-de-la-Madeleine
C005942,1,1,0.549316922975433,29.42647901322851,-29.26773566296532,0,0,Montreal
C002100,1,0,0.3415126014018872,27.887371195328434,-28.41399464661789,0,0,Montreal
C009067,1,1,0.9893351441576902,34.86943703968553,-31.235887824421194,1,1,Gaspesie-Iles-de-la-Madeleine
C003658,1,1,0.9999950659625646,38.89737119532844,-29.09630605815432,1,0,Montreal
C011656,1,1,0.9812615728607961,31.87647901322851,-28.701580426676585,1,0,Montreal
C009317,1,1,0.8545559765572758,32.30089218209992,-30.880551660683075,1,1,Gaspesie-Iles-de-la-Madeleine
C001611,1,0,0.008099987152660651,27.988544857585598,-31.84481994007156,0,1,Bas-Saint-Laurent
C007276,1,1,0.9283376106921618,31.350892182099926,-29.29638513896858,1,0,Capitale-Nationale
C013348,1,0,0.27576776770942524,29.32647901322851,-30.10094324530816,0,0,Capitale-Nationale
C001543,1,0,0.30291303415425064,30.54061070194269,-31.209127477094167,1,1,Gaspesie-Iles-de-la-Madeleine
C000343,1,0,0.0013371099746801523,23.8685448575856,-29.175123625287235,0,0,Capitale-Nationale
C005004,1,0,0.1089703325805538,29.849718519842764,-31.535160189799278,0,1,Cote-Nord
C013633,1,0,0.1379853521808665,29.76206584435709,-31.2316020066615,0,1,Cote-Nord
C000817,1,1,0.9501141074501299,31.335305350971343,-28.97165972913481,1,0,Montreal
C004875,1,0,0.03624835981850336,28.90413168871418,-31.535352364251203,0,1,Cote-Nord
C013497,1,0,0.0010901557742368899,23.54206584435709,-29.012622458175475,0,0,Montreal
C013653,1,0,0.021991902388645936,26.30530535097134,-29.34912647948491,0,0,Montreal
C000121,1,0,0.07683020491308351,27.269718519842762,-29.263896791479468,0,0,Montreal
C003409,1,0,0.3217399264598866,28.96647901322851,-29.564670468636518,0,0,Montreal
C008014,1,0,0.19121035421445082,30.06061070194269,-31.217362295077475,0,1,Gaspesie-Iles-de-la-Madeleine
C007140,1,1,0.9995037264787736,36.67295802645702,-30.570717934126385,1,1,Bas-Saint-Laurent
C011945,1,0,0.021617688068222233,27.16647901322851,-30.22437287740124,0,0,Montreal
C013846,1,1,0.8767847764482524,32.97737119532844,-31.403399019937154,1,1,Bas-Saint-Laurent
C003583,1,0,0.07387974726279062,27.42647901322851,-29.454625989983192,0,0,Montreal
C008114,1,0,0.10337323002484021,27.065305350971343,-28.79806382689145,0,0,Montreal
C011907,1,0,0.0007795994855058168,26.35178436419985,-32.09152885467407,0,1,Cote-Nord
C006201,1,0,0.39083352555364825,28.365305350971344,-28.72128257449906,0,0,Capitale-Nationale
C010625,1,1,0.9455288496425699,31.88413168871418,-29.59489684588121,1,0,Capitale-Nationale
C005473,1,0,0.009733200850248152,27.12971851984276,-30.837342940821646,0,1,Cote-Nord
C002905,1,1,0.5811023061820452,28.4285448575856,-28.16601942294399,0,0,Montreal
C001684,1,0,0.035896044307796644,28.280610701942688,-30.919958619132633,0,1,Gaspesie-Iles-de-la-Madeleine
C001262,1,0,0.010552265419134794,25.188826337742835,-28.830979666196804,0,0,Montreal
C001880,1,0,0.13406196432362463,29.107371195328433,-30.603686477636227,0,1,Bas-Saint-Laurent
C007727,1,0,5.891222259199613e-05,22.19971851984276,-30.011634806111942,0,0,Montreal
C012655,1,1,0.9488209912069057,33.90032922178545,-31.558302561465176,1,1,Bas-Saint-Laurent
C000911,1,1,0.9433432098881123,31.2885448575856,-29.03272112538863,1,0,Capitale-Nationale
C002704,1,0,0.006194398580092324,25.909718519842762,-29.982668337582478,0,0,Montreal
C012758,1,0,0.0003521387370464399,23.45647901322851,-29.834034796422976,0,0,Montreal
C004506,1,0,0.8332312794372735,29.8085448575856,-28.51821366744154,0,0,Montreal
C009848,1,0,0.0007453770494154515,23.772958026457015,-29.548736073792114,0,0,Montreal
C010220,1,1,0.6303961008538129,30.572958026457016,-30.144706860083122,1,0,Montreal
C002308,1,0,0.0514385144664761,29.707371195328435,-32.045121669973916,0,1,Gaspesie-Iles-de-la-Madeleine
C010811,1,0,0.00017631796573831028,22.70647901322851,-29.639013319609575,0,0,Montreal
C007787,1,0,0.7578049052002558,30.83413168871418,-29.919197240461227,1,0,Capitale-Nationale
C007565,1,0,0.03295327872059396,26.88647901322851,-29.596879640597706,0,0,Montreal
C007509,1,1,0.08770012272357074,28.9285448575856,-30.807085347283753,0,1,Cote-Nord
C009015,1,1,0.7058520970883448,32.62971851984276,-31.9276272284057,1,1,Gaspesie-Iles-de-la-Madeleine
C013105,1,1,0.9998461818136917,36.70854485758559,-29.666492486250853,1,0,Montreal
C001784,1,0,0.11462749958368702,30.752676546299778,-32.39241383391489,1,1,Gaspesie-Iles-de-la-Madeleine
C013437,1,1,0.6954878079277395,29.9385448575856,-29.276093573875286,0,0,Montreal
C004488,1,1,0.6902813726958517,29.441784364199854,-28.79895814239678,0,0,Montreal
C005699,1,0,0.0005376660345230593,23.739718519842764,-29.777669339114617,0,0,Montreal
C003664,1,0,0.022566977310108507,26.61647901322851,-29.639123639330567,0,0,Montreal
C004584,1,1,0.9433213388085179,30.695305350971342,-28.439809785838417,1,0,Montreal
C013993,1,0,0.025168714148727345,28.24647901322851,-31.17946604337487,0,1,Gaspesie-Iles-de-la-Madeleine
C011183,1,0,0.007466806454673311,26.85971851984276,-30.781791961247468,0,1,Gaspesie-Iles-de-la-Madeleine
C008874,1,1,0.9897785148470544,33.350892182099926,-29.682925121645805,1,0,Capitale-Nationale
C013691,1,0,0.002298537511264832,26.653850208556943,-31.525111987009204,0,1,Bas-Saint-Laurent
C000345,1,0,0.5025466555839895,29.149718519842764,-29.141547821025963,0,0,Montreal
C004528,1,0,1.7115105169229812e-05,22.731784364199854,-31.535192216838542,0,1,Cote-Nord
C005713,1,0,0.025158582907682688,26.505305350971344,-29.438623651469776,0,0,Capitale-Nationale
C001489,1,0,0.040387012598110714,27.319718519842763,-29.860769645591084,0,0,Montreal
C002651,1,1,0.373917364837367,30.316197533071268,-30.72963489049479,1,1,Gaspesie-Iles-de-la-Madeleine
C003118,1,1,0.7087621517208951,32.46385020855694,-31.750484115492352,1,1,Cote-Nord
C004356,1,0,0.024418530081039395,26.73647901322851,-29.694353979431447,0,0,Montreal
C003140,1,1,0.6395569460443313,28.957371195328435,-28.49741708853811,0,0,Capitale-Nationale
C003080,1,1,0.9117447433295631,32.46737119532843,-30.594380109425174,1,1,Cote-Nord
C001254,1,1,0.9704798516663755,34.00619753307127,-31.204709858085504,1,1,Bas-Saint-Laurent
C009995,1,1,0.9973215133837926,33.42089218209992,-28.672639356019417,1,0,Montreal
C012339,1,0,0.03368764733332693,26.5685448575856,-29.26065762908571,0,0,Capitale-Nationale
C009822,1,1,0.8066365192657009,29.847652675485673,-28.702020746023305,0,0,Capitale-Nationale
C012435,1,0,0.597930661406241,31.635023870814106,-31.316712694781206,1,1,Bas-Saint-Laurent
C001530,1,1,0.9371447539856239,32.69413168871418,-30.526871139414787,1,1,Bas-Saint-Laurent
C012586,1,0,0.06101514314490523,27.41413168871418,-29.606797692820315,0,0,Montreal
C006016,1,0,0.006417390146084805,26.951784364199852,-30.996187262343923,0,1,Cote-Nord
C001038,1,0,0.04563591092187851,27.41647901322851,-29.855125612639807,0,0,Montreal
C005491,1,1,0.9814596111887143,31.75413168871418,-28.57054914298618,1,0,Montreal
C008544,1,0,0.06576387520746363,27.58206584435709,-29.710549307061783,0,0,Montreal
C006941,1,1,0.788509699750321,31.87619753307127,-30.820669507271518,1,1,Bas-Saint-Laurent
C009910,1,0,0.3104870515318402,30.274131688714178,-30.914076956294295,1,1,Gaspesie-Iles-de-la-Madeleine
C002525,1,1,0.9219721563948376,30.745305350971343,-28.764575010543666,1,0,Capitale-Nationale
C013542,1,0,0.006801348108790308,25.797371195328438,-29.794854933499707,0,0,Montreal
C002715,1,0,0.023407637342281656,28.047371195328438,-31.039989327048463,0,1,Cote-Nord
C006725,1,0,0.0048449266833769525,26.8085448575856,-31.07966825102424,0,1,Bas-Saint-Laurent
C002634,1,1,0.8702295398118435,30.7685448575856,-29.242168235743577,1,0,Capitale-Nationale
C010847,1,0,0.6795449564574896,29.918544857585598,-29.315625756608128,0,0,Montreal
C000056,1,1,0.8860901727357772,33.0270897151712,-31.381664899567113,1,1,Gaspesie-Iles-de-la-Madeleine
C000993,1,0,0.023131965641979543,26.45647901322851,-29.45882585127051,0,0,Capitale-Nationale
C002892,1,0,0.04009986584754466,28.335023870814105,-30.882038132884286,0,1,Cote-Nord
C009942,1,1,0.15198988136669642,27.339718519842762,-28.718581082641514,0,0,Montreal
C002493,1,0,0.15422853188093316,29.381784364199852,-30.746798851769384,0,1,Cote-Nord
C002958,1,1,0.9491919749447078,31.80385020855694,-29.455674643179055,1,0,Montreal
C012642,1,0,0.16900389898007995,28.72647901322851,-30.003976710663338,0,0,Capitale-Nationale
C007851,1,1,0.9505825030158259,34.92737119532843,-32.55576353640479,1,1,Bas-Saint-Laurent
C008094,1,1,0.9824602998732835,32.85737119532843,-29.628467362336952,1,0,Capitale-Nationale
C008947,1,0,0.017661434651197662,27.96619753307127,-31.18945426013104,0,1,Bas-Saint-Laurent
C001501,1,0,0.5393739640217716,30.092958026457016,-29.96636945022529,0,0,Montreal
C005508,1,1,0.4860186949318959,28.87530535097134,-28.920174328792854,0,0,Montreal
C006981,1,0,0.012824942554890847,28.399718519842764,-31.88357788500084,0,1,Bas-Saint-Laurent
C002950,1,0,0.08962250237552959,26.959718519842763,-28.8191751610584,0,0,Capitale-Nationale
C001250,1,1,0.6071551000215083,31.622958026457017,-31.273750864063864,1,1,Cote-Nord
C004987,1,0,0.044172193003917976,29.00413168871418,-31.470155349658302,0,1,Bas-Saint-Laurent
C012828,1,0,0.007942561367089367,26.890892182099925,-30.76303698280128,0,1,Gaspesie-Iles-de-la-Madeleine
C005684,1,0,0.0015570575682823512,23.967652675485674,-29.151906033455976,0,0,Capitale-Nationale
C004561,1,1,0.9761889311003948,32.81971851984276,-29.841138145378114,1,0,Capitale-Nationale
C010733,1,0,0.22600193082542158,28.499718519842762,-29.48711689727411,0,0,Montreal
C006824,1,0,0.010362628387893084,28.532958026457017,-32.18981076897539,0,1,Gaspesie-Iles-de-la-Madeleine
C001593,1,1,0.9160755193898191,30.9585448575856,-29.041394771978524,1,0,Montreal
C010806,1,1,0.5579159519133761,30.28413168871418,-30.097477761451447,1,0,Montreal
C013621,1,0,0.07226270441828923,28.17647901322851,-30.22377606364279,0,0,Capitale-Nationale
C013393,1,0,0.0023016329737697017,24.40206584435709,-29.2722456733158,0,0,Montreal
C005381,1,0,0.7464489717874583,29.565305350971343,-28.699234652934052,0,0,Montreal
C005979,1,0,0.6240582187460761,29.779718519842763,-29.37320979041296,0,0,Montreal
C000077,1,1,0.9821119680063002,32.40295802645702,-29.19011180052666,1,0,Montreal
C001183,1,0,0.00168101725222259,25.844131688714178,-30.96684405768512,0,1,Bas-Saint-Laurent
C002341,1,1,0.9822255859131203,31.962065844357088,-28.74401599078028,1,0,Montreal
C004146,1,1,0.9238782306293428,30.931784364199853,-28.929560553101815,1,0,Montreal
C000660,1,1,0.7353420533085817,31.34206584435709,-30.52240800477846,1,0,Montreal
C005040,1,1,0.9839489030375136,32.42089218209993,-29.119636483938194,1,0,Capitale-Nationale
C001051,1,1,0.9908165749557126,33.58295802645702,-29.828252614661608,1,0,Montreal
C007429,1,1,0.8674225983003478,31.062958026457014,-29.55633711615875,1,0,Montreal
C000555,1,1,0.9924048308213499,33.24502387081411,-29.336725876426055,1,0,Montreal
C008195,1,0,0.02177294772834959,26.541784364199852,-29.59381083054617,0,0,Capitale-Nationale
C008327,1,0,0.43720308750374387,30.571784364199853,-30.77432994776187,1,1,Bas-Saint-Laurent
C003352,1,0,0.1037181842129921,29.672958026457017,-31.402735743989968,0,1,Cote-Nord
C010749,1,1,0.5749260777212563,31.5085448575856,-31.266329822711764,1,1,Bas-Saint-Laurent
C001446,1,0,0.33046501156223057,28.16647901322851,-28.73282362466987,0,0,Capitale-Nationale
C000532,1,0,0.003343656276562904,25.302065844357088,-29.871868695120966,0,0,Montreal
C010764,1,0,3.564964359130974e-05,21.460892182099926,-29.67572648686875,0,0,Montreal
C009512,1,1,0.9530454800385001,33.235305350971345,-30.820615023045676,1,1,Cote-Nord
C006418,1,0,0.0003919467180166609,25.156197533071268,-31.44781657515687,0,1,Bas-Saint-Laurent
C008788,1,1,0.6202699830783168,29.33647901322851,-28.942896065982463,0,0,Capitale-Nationale
C003130,1,0,0.008682076200818071,25.659718519842762,-29.459858870363643,0,0,Montreal
C006847,1,0,0.18072927040099074,29.870610701942688,-31.08290706847771,0,1,Gaspesie-Iles-de-la-Madeleine
C001699,1,0,0.47670886603998425,31.091784364199853,-31.166565195393613,1,1,Gaspesie-Iles-de-la-Madeleine
C012953,1,0,0.40315615356563705,28.640892182099925,-28.9555789458976,0,0,Montreal
C000171,1,1,0.924125116395725,32.49178436419985,-30.486740580686757,1,1,Gaspesie-Iles-de-la-Madeleine
C001712,1,0,0.23857419078128586,29.925023870814105,-30.855863852339382,0,1,Cote-Nord
C007029,1,1,0.9622560937157195,31.582958026457018,-28.985411587228917,1,0,Montreal
C003965,1,1,0.900524023754691,30.785305350971342,-29.01824371093005,1,0,Montreal
C005520,1,1,0.646877477001352,29.66647901322851,-29.18093800219584,0,0,Montreal
C012325,1,1,0.7314624224069117,29.54413168871418,-28.74038944167251,0,0,Capitale-Nationale
C003429,1,0,0.0025945011077371243,24.28413168871418,-29.058004919838773,0,0,Montreal
C013558,1,0,0.37089751499809315,28.094131688714178,-28.517932780197697,0,0,Capitale-Nationale
C004391,1,0,0.07672580903400311,27.419718519842764,-29.415078106382204,0,0,Capitale-Nationale
C010212,1,0,0.8053177044697907,30.17206584435709,-29.033198400000696,1,0,Capitale-Nationale
C005804,1,1,0.9034381511751571,33.86737119532843,-32.07386992604936,1,1,Cote-Nord
C010324,1,1,0.8614535646576816,31.092958026457016,-29.627199017744786,1,0,Montreal
C003733,1,1,0.9264686794157885,32.49971851984276,-30.46747810500327,1,0,Montreal
C012780,1,0,0.017326615697095184,26.205305350971344,-29.44418719780913,0,0,Capitale-Nationale
C006206,1,1,0.27153036685547893,31.185023870814106,-31.976587900135286,1,1,Gaspesie-Iles-de-la-Madeleine
C011399,1,0,0.0035622128043713646,24.44971851984276,-28.96855925819298,0,0,Capitale-Nationale
C011457,1,0,0.2446882242466032,29.697089715171195,-30.601166516526636,0,1,Gaspesie-Iles-de-la-Madeleine
C005311,1,1,0.8858603720734898,31.26647901322851,-29.622878748608986,1,0,Capitale-Nationale
C000908,1,0,0.0052870807401016896,27.612958026457015,-31.813674782924924,0,1,Gaspesie-Iles-de-la-Madeleine
C002753,1,0,0.21514095253216142,28.23530535097134,-29.273383955748677,0,0,Montreal
C001475,1,1,0.9916517868461433,33.67178436419985,-29.839921276776266,1,0,Montreal
C004458,1,0,0.26784142131392313,30.745305350971343,-31.551892660221565,1,1,Bas-Saint-Laurent
C009494,1,1,0.9765884269762255,32.88530535097134,-29.892825301753845,1,0,Capitale-Nationale
C003088,1,0,0.8072840559147131,30.730892182099925,-29.581926056811504,1,0,Montreal
C003268,1,0,0.012083819733188268,25.839718519842762,-29.37192412662901,0,0,Capitale-Nationale
C010700,1,0,0.0027133204806494764,26.201784364199852,-30.939645146406388,0,1,Gaspesie-Iles-de-la-Madeleine
C002006,1,1,0.9932638193720046,33.22178436419985,-29.21652563778312,1,0,Montreal
C001312,1,0,0.03743955346063594,29.19413168871418,-31.79842578811471,0,1,Bas-Saint-Laurent
C008174,1,1,0.9997594496251597,36.28413168871418,-29.60081180999599,1,0,Montreal
C000432,1,1,0.8481776518010263,30.96647901322851,-29.586573396194,1,0,Montreal
C000726,1,0,0.12236059233700543,26.829718519842764,-28.410054917300855,0,0,Capitale-Nationale
C004570,1,0,0.10182810872815358,26.935023870814106,-28.68124278688577,0,0,Capitale-Nationale
C005465,1,0,0.00770814246320378,25.729437039685525,-29.62580094568878,0,0,Montreal
C013076,1,0,0.9381852546160943,31.825305350971345,-29.643765814414245,1,0,Montreal
C007142,1,1,0.8442385112937353,30.48413168871418,-29.12850537630922,1,0,Capitale-Nationale
C006718,1,1,0.8941962584794132,31.99267654629978,-30.280735825729547,1,1,Cote-Nord
C011914,1,1,0.6588953096023277,29.7985448575856,-29.27046607640705,0,0,Montreal
C008322,1,0,0.8979825646403135,32.25413168871418,-30.509571794663053,1,0,Montreal
C001689,1,1,0.9973693950656348,33.79413168871418,-29.031372098468555,1,0,Capitale-Nationale
C008610,1,0,0.005935564779695853,24.725305350971343,-28.832700016789254,0,0,Montreal
C006491,1,0,0.05834169538802298,27.335305350971343,-29.566189671873925,0,0,Montreal
C007272,1,0,0.0015942997740069343,26.03619753307127,-31.201462069389414,0,1,Cote-Nord
C003985,1,0,0.01752262834144607,28.73413168871418,-31.963830535516237,0,1,Gaspesie-Iles-de-la-Madeleine
C004751,1,0,0.20338217845751191,30.51061070194269,-31.605700093945917,1,1,Gaspesie-Iles-de-la-Madeleine
C005910,1,0,2.002623458827357e-05,22.8785448575856,-31.555956072396636,0,1,Gaspesie-Iles-de-la-Madeleine
C010788,1,1,0.709583823009314,29.95206584435709,-29.235504267309476,0,0,Capitale-Nationale
C011934,1,0,0.4458177505297705,30.6285448575856,-30.80306715892575,1,1,Gaspesie-Iles-de-la-Madeleine
C002032,1,0,0.0025164888242197544,26.469718519842765,-31.268142124497253,0,1,Bas-Saint-Laurent
C006582,1,1,0.9211418035586534,31.23647901322851,-29.26496197159677,1,0,Montreal
C009262,1,0,0.022685188421905783,26.300892182099926,-29.319249206935062,0,0,Montreal
C012148,1,1,0.8931179301514258,31.499718519842762,-29.796879030680774,1,0,Montreal
C004071,1,0,0.005479597136935021,26.996197533071268,-31.168071879031935,0,1,Gaspesie-Iles-de-la-Madeleine
C009930,1,0,0.508338433158323,31.520892182099928,-31.494136874333893,1,1,Cote-Nord
C012425,1,1,0.4691488769500921,29.255305350971344,-29.35441324914619,0,0,Montreal
C004785,1,1,0.8258933139427191,30.669718519842764,-29.42102077708265,1,0,Montreal
C001159,1,1,0.6226807106533817,30.25206584435709,-29.85026318854193,1,0,Montreal
C012193,1,0,0.0020139618424744026,24.499718519842762,-29.477221170308518,0,0,Montreal
C008894,1,1,0.9652137647421342,31.64206584435709,-28.976605116044425,1,0,Montreal
C008057,1,0,0.01878681347096467,28.61619753307127,-31.7889880711041,0,1,Gaspesie-Iles-de-la-Madeleine
C003137,1,0,0.48395916151992396,28.946479013228508,-28.997961718750883,0,0,Montreal
C002220,1,0,0.09775435022824129,30.838263377428362,-32.620860332645876,1,1,Bas-Saint-Laurent
C005039,1,0,0.8360615449630379,30.583850208556942,-29.277069802988446,1,0,Montreal
C006815,1,0,0.1984905046141019,28.285305350971342,-29.404832440003464,0,0,Montreal
C000926,1,1,0.999200612145976,35.15619753307127,-29.43657416982896,1,0,Montreal
C012315,1,0,0.00417722472414118,26.780610701942688,-31.171210606351828,0,1,Gaspesie-Iles-de-la-Madeleine
C011876,1,1,0.8079071812249613,32.30385020855694,-31.1516675204881,1,1,Cote-Nord
C008944,1,0,0.3760062730110618,28.87971851984276,-29.28600676940376,0,0,Montreal
C008739,1,1,0.9649979849038772,32.476479013228506,-29.816157658244514,1,0,Capitale-Nationale
C011843,1,0,0.008794101735907701,25.290892182099928,-29.08065860332069,0,0,Montreal
C013770,1,1,0.7635847431726983,29.80413168871418,-28.863729236246666,0,0,Montreal
C003525,1,1,0.9088091476338878,30.769718519842762,-28.92555972770743,1,0,Capitale-Nationale
C003499,1,0,0.12350109109133298,29.492958026457018,-31.064809887820342,0,1,Bas-Saint-Laurent
C012905,1,0,0.8943702814492754,31.495305350971343,-29.78188819966475,1,0,Montreal
C005073,1,0,0.06551547341315869,29.42178436419985,-31.553516452393907,0,1,Cote-Nord
C010333,1,0,0.010741865318746146,28.162958026457016,-31.790673803869034,0,1,Gaspesie-Iles-de-la-Madeleine
C003172,1,0,0.19090492220599684,28.057652675485674,-29.215989373057667,0,0,Capitale-Nationale
C011644,1,0,0.022377148579658675,26.73413168871418,-29.763707660973452,0,0,Capitale-Nationale
C005399,1,0,0.0052105509315646175,25.6785448575856,-29.891018375928997,0,0,Capitale-Nationale
C000594,1,0,0.023159005154819914,26.341784364199853,-29.343171960715544,0,1,Bas-Saint-Laurent
C001575,1,1,0.9293125571406514,30.971784364199852,-28.905448228945833,1,0,Capitale-Nationale
C010024,1,0,0.0005903700885269704,24.47413168871418,-30.437034804783295,0,1,Bas-Saint-Laurent
C005414,1,1,0.9996497310423872,34.70413168871418,-28.322304115141243,1,0,Montreal
C009922,1,1,0.9832759943247048,34.96826337742836,-31.700496769150497,1,1,Gaspesie-Iles-de-la-Madeleine
C008917,1,0,0.21802856006268434,27.64530535097134,-28.669733452930597,0,0,Capitale-Nationale
C003750,1,1,0.9734030963085527,32.76737119532844,-29.87983018509663,1,0,Capitale-Nationale
C013984,1,0,0.19411414271318628,28.229718519842763,-29.371495863489642,0,0,Montreal
C006001,1,1,0.9862341136296062,33.1085448575856,-29.6822399367224,1,0,Capitale-Nationale
C004666,1,0,8.559706109591445e-06,20.942958026457017,-30.302140079324708,0,1,Bas-Saint-Laurent
C008704,1,0,2.1148577915352632e-05,21.12971851984276,-29.76339103480792,0,0,Montreal
C008583,1,1,0.6983776803576506,31.842958026457016,-31.169532450813243,1,1,Bas-Saint-Laurent
C001034,1,0,0.004844854676822227,25.76647901322851,-30.037614385720914,0,0,Montreal
C013626,1,1,0.9998640400604693,35.88089218209992,-28.7398382548217,1,0,Montreal
C013896,1,0,0.07235894862969282,29.25061070194269,-31.296756967587434,0,1,Cote-Nord
C003576,1,1,0.7228407056232751,30.670892182099927,-29.902007757294243,1,0,Montreal
C006742,1,0,0.15212302076340642,31.44971851984276,-32.82775283528335,1,1,Bas-Saint-Laurent
C003711,1,0,0.5060582128739957,29.0085448575856,-28.98910688272018,0,0,Montreal
C013529,1,0,0.03463611705602105,29.15267654629978,-31.82173089866175,0,1,Bas-Saint-Laurent
C011941,1,0,0.010169788210183281,28.135023870814106,-31.807099847694595,0,1,Bas-Saint-Laurent
C002712,1,0,0.0007763869417021699,23.771784364199853,-29.51484350039888,0,1,Gaspesie-Iles-de-la-Madeleine
C007514,1,0,0.6975413097460753,31.3385448575856,-30.668301491731892,1,1,Gaspesie-Iles-de-la-Madeleine
C008856,1,1,0.9973715461218389,34.01413168871418,-29.250714224827593,1,0,Montreal
C005582,1,0,0.015530538698976965,26.120892182099926,-29.449016246843524,0,0,Montreal
C003712,1,0,0.4485799164631561,29.329718519842764,-29.4952787877323,0,0,Montreal
C007642,1,1,0.5874211923049576,28.85061070194269,-28.56721898993383,0,0,Montreal
C011923,1,0,0.03455179178655167,28.289437039685527,-30.96051661557329,0,1,Cote-Nord
C003806,1,1,0.9869946591403346,32.5485448575856,-29.076035888012804,1,0,Montreal
C005781,1,1,0.977881449263426,32.665305350971344,-29.626193996633244,1,0,Montreal
C007295,1,0,0.034906502045717144,28.211784364199854,-30.874376839929504,0,1,Gaspesie-Iles-de-la-Madeleine
C007035,1,1,0.2880204885084167,30.80385020855694,-31.529759284752704,1,1,Gaspesie-Iles-de-la-Madeleine
C008720,1,1,0.5998420953209261,30.60206584435709,-30.277372425509682,1,0,Capitale-Nationale
C009156,1,0,0.0003267065130462914,23.142958026457016,-29.580661570871676,0,0,Capitale-Nationale
C007824,1,0,0.18554644166981685,28.44206584435709,-29.628533001119305,0,0,Montreal
C011281,1,0,0.08564431086032724,30.355023870814104,-32.2543958656211,1,1,Gaspesie-Iles-de-la-Madeleine
C008518,1,0,0.13502468700345818,29.737371195328436,-31.22705484341102,0,1,Gaspesie-Iles-de-la-Madeleine
C004430,1,0,0.03568184182660733,28.461784364199854,-31.106111142465846,0,1,Cote-Nord
C010304,1,0,0.4399992815455196,30.40413168871418,-30.597568654572555,1,0,Capitale-Nationale
C005880,1,0,0.8818466317023618,30.522958026457015,-28.91072139773426,1,0,Montreal
C009842,1,0,0.013835595459953802,26.279718519842763,-29.701915269938745,0,0,Capitale-Nationale
C009787,1,0,0.180903519160295,27.5585448575856,-28.769897650249863,0,0,Capitale-Nationale
C011896,1,1,0.9116783603805452,31.917371195328435,-30.04504159512662,1,1,Bas-Saint-Laurent
C012167,1,0,0.3905815226121255,29.06647901322851,-29.423305325870903,0,0,Montreal
C002313,1,0,0.11340587557482168,29.977371195328438,-31.626808500672492,0,1,Gaspesie-Iles-de-la-Madeleine
C004572,1,1,0.21039574927397087,29.300892182099926,-30.36169479520144,0,0,Montreal
C003692,1,1,0.8547954322812833,31.290892182099928,-29.869005299413768,1,0,Montreal
C006889,1,0,0.13346969332142913,27.59647901322851,-29.096894125372103,0,0,Montreal
C006834,1,0,0.0011423841827981488,26.172958026457017,-31.60593721600063,0,1,Cote-Nord
C006862,1,0,0.0745949618157862,28.675305350971342,-30.695105094362003,0,1,Bas-Saint-Laurent
C008109,1,0,0.1759258301918183,28.330892182099927,-29.569484098678,0,0,Montreal
C008611,1,1,0.9745738196708238,33.12089218209992,-30.196280450239897,1,0,Capitale-Nationale
C003601,1,1,0.9116635983967678,31.6185448575856,-29.746362294988934,1,0,Montreal
C006288,1,0,0.04771045186373837,26.467371195328433,-28.86861481319854,0,0,Montreal
C001362,1,1,0.6102503252394186,30.295305350971343,-29.935674842280022,1,0,Capitale-Nationale
C006701,1,1,0.8397847121573725,30.865305350971344,-29.53653477083353,1,0,Montreal
C000670,1,1,0.9807861577114458,32.2585448575856,-29.10413114127808,1,0,Montreal
C010136,1,1,0.7444330429690513,33.33737119532844,-32.47982169163412,1,1,Cote-Nord
C012150,1,0,0.008072975588760595,25.69971851984276,-29.55869471046928,0,0,Montreal
C003065,1,1,0.9968404287762139,33.546479013228506,-28.931106592103394,1,0,Montreal
C012712,1,0,0.3105715524810153,30.521784364199853,-31.161413062746785,1,1,Cote-Nord
C004244,1,0,0.049688390295892976,26.167371195328435,-28.534365389958026,0,0,Capitale-Nationale
C007614,1,1,0.3554317298007632,29.632958026457015,-30.110402488608887,0,0,Montreal
C012428,1,0,0.0204356345741723,28.725023870814105,-31.82898932489642,0,1,Gaspesie-Iles-de-la-Madeleine
C004248,1,1,0.8096795013438215,30.738544857585598,-29.577169759706482,1,0,Capitale-Nationale
C004158,1,0,0.010500242675369883,25.668544857585598,-29.31470446556179,0,0,Montreal
C001002,1,1,0.8938936547668151,31.37206584435709,-29.662687357649244,1,0,Montreal
C009364,1,1,0.9875575027834518,32.73206584435709,-29.223613121444867,1,0,Montreal
C013005,1,0,0.59148348421998,29.39647901322851,-29.099622904900432,0,0,Capitale-Nationale
C000964,1,0,0.05027794090939447,29.205023870814106,-31.562059516502952,0,1,Bas-Saint-Laurent
C008078,1,0,0.028204485717243818,25.659718519842762,-28.498861903658007,0,0,Montreal
C013155,1,0,0.7606407818020132,30.5085448575856,-29.581167212927934,1,0,Capitale-Nationale
C005344,1,1,0.7392929548385889,31.575305350971345,-30.73928529702057,1,1,Gaspesie-Iles-de-la-Madeleine
C005376,1,1,0.9972930569468227,34.497652675485675,-29.75789929188465,1,0,Montreal
C009103,1,0,0.13678164872777,29.71530535097134,-31.192988458859737,0,1,Bas-Saint-Laurent
C003886,1,0,0.0003212018651364726,24.582958026457018,-31.034295541297265,0,1,Cote-Nord
C006514,1,1,0.9187637111181229,32.86178436419985,-30.916171599808603,1,1,Gaspesie-Iles-de-la-Madeleine
C000994,1,0,0.000547897798838896,23.82413168871418,-29.84695389740651,0,0,Montreal
C008851,1,1,0.32545515760039556,29.907371195328437,-30.49194807009875,0,1,Gaspesie-Iles-de-la-Madeleine
C008911,1,1,0.9840113068967873,32.817371195328434,-29.512940149762795,1,0,Capitale-Nationale
C005706,1,0,0.0791128077388949,29.857371195328433,-31.826080933193655,0,1,Gaspesie-Iles-de-la-Madeleine
C010382,1,0,0.048109801705227946,27.1785448575856,-29.572766231933365,0,0,Montreal
C013082,1,1,0.5767977322330798,30.217652675485674,-29.96929116923009,1,0,Montreal
C011100,1,1,0.7893843011719706,30.792958026457015,-29.733216951156237,1,0,Montreal
C009561,1,0,0.00017597750856641905,23.471784364199852,-30.405869226031754,0,1,Gaspesie-Iles-de-la-Madeleine
C011004,1,0,0.0319760007635535,28.00413168871418,-30.73948961876001,0,1,Cote-Nord
C006003,1,1,0.9546569078424891,34.10295802645702,-31.658902218952328,1,1,Bas-Saint-Laurent
C010594,1,0,0.0036849294172075363,24.810892182099927,-29.302467654976553,0,0,Montreal
C010969,1,0,0.07309775133242175,27.31765267548567,-29.355011822998954,0,0,Montreal
C007365,1,1,0.9986603548467017,34.19089218209992,-28.885834791677457,1,0,Montreal
C008463,1,0,0.01750340223084228,25.957371195328435,-29.187966291757697,0,0,Montreal
C005525,1,1,0.9929843270346473,33.35413168871418,-29.381706659597764,1,0,Capitale-Nationale
C012376,1,1,0.9739121151664136,34.15413168871418,-31.250671862389186,1,1,Gaspesie-Iles-de-la-Madeleine
C009133,1,0,0.00119531261235801,23.252958026457016,-28.649567649444187,0,0,Capitale-Nationale
C010342,1,0,0.061021420409997584,26.730892182099925,-28.92347030852251,0,0,Montreal
C005718,1,1,0.7828885716632245,30.680892182099928,-29.652142794493017,1,0,Montreal
C008300,1,0,0.09823051315065381,28.159718519842762,-29.937994528732435,0,0,Montreal
C013220,1,1,0.7292070317297894,29.86647901322851,-29.07192224903134,0,0,Capitale-Nationale
C013389,1,0,0.18197626669339842,28.33647901322851,-29.542038313292995,0,0,Capitale-Nationale
C007728,1,1,0.4453150079989151,30.349437039685526,-30.5255916746855,1,1,Gaspesie-Iles-de-la-Madeleine
C004874,1,0,0.09660085029876833,27.745305350971343,-29.53844809153501,0,0,Montreal
C010012,1,0,0.6313085620205887,28.882958026457015,-28.4515640947276,0,0,Capitale-Nationale
C011711,1,0,0.46139337078126735,30.695305350971342,-30.81941696595351,1,1,Gaspesie-Iles-de-la-Madeleine
C004185,1,1,0.6371316144031106,29.889718519842763,-29.438190914361808,0,0,Montreal
C004607,1,0,0.9208560935529834,31.58206584435709,-29.613698429702286,1,0,Capitale-Nationale
C012111,1,1,0.6500778019042298,29.299718519842763,-28.802916595737464,0,0,Capitale-Nationale
C012180,1,1,0.8635824147550076,33.539718519842765,-32.059559467684736,1,1,Gaspesie-Iles-de-la-Madeleine
C012846,1,1,0.9798763098795573,32.040892182099924,-28.92433318133583,1,0,Capitale-Nationale
C002024,1,0,0.0005030337138675417,25.170892182099927,-31.26227454662444,0,1,Cote-Nord
C001207,1,1,0.8074614114937653,32.856197533071274,-31.706316708620715,1,1,Bas-Saint-Laurent
C000909,1,1,0.9999313319433715,39.10737119532843,-31.418372033367106,1,1,Cote-Nord
C004086,1,0,0.011443997061195456,26.205305350971344,-29.781665801729545,0,0,Montreal
C002509,1,0,0.2328721936690168,30.05413168871418,-31.010358934299134,0,1,Gaspesie-Iles-de-la-Madeleine
C002853,1,1,0.9993055904294108,36.29061070194268,-30.45798083259262,1,1,Cote-Nord
C007848,1,0,0.21754599354876103,30.637371195328434,-31.664071385482902,1,1,Cote-Nord
C011804,1,1,0.9617100505020546,32.642958026457016,-30.057387675530094,1,0,Capitale-Nationale
C013295,1,1,0.9917036044482591,34.05619753307127,-30.219298398294182,1,1,Bas-Saint-Laurent
C001001,1,1,0.9356436020239564,30.950892182099928,-28.8038484697552,1,0,Montreal
C001434,1,1,0.9843023926530543,32.777371195328435,-29.457965648731275,1,0,Montreal
C010036,1,1,0.21868557466769534,28.939718519842764,-29.96105899452861,0,0,Capitale-Nationale
C002182,1,1,0.659060942703229,32.52413168871418,-31.995461728336394,1,1,Bas-Saint-Laurent
C012538,1,0,0.0012754403796469765,26.145023870814107,-31.489526270209467,0,1,Bas-Saint-Laurent
C001158,1,1,0.9987813037025872,34.69971851984276,-29.318667385278875,1,0,Capitale-Nationale
C001883,1,0,0.24305471431269388,28.580892182099927,-29.492074434801587,0,0,Capitale-Nationale
C006757,1,1,0.5177703190697286,28.712958026457017,-28.655920141039267,0,0,Montreal
C001477,1,0,0.8514123037366503,29.770892182099928,-28.37065978795797,0,0,Capitale-Nationale
C004600,1,0,0.017281803455784613,28.19061070194269,-31.43160628740735,0,1,Bas-Saint-Laurent
C003790,1,1,0.9834843316074964,32.836479013228505,-29.558487727293727,1,0,Capitale-Nationale
C010588,1,0,0.3732391470614197,30.92413168871418,-31.339893634641747,1,1,Cote-Nord
C002627,1,0,0.19443165705625776,28.130892182099927,-29.271042522293055,0,0,Montreal
C001505,1,1,0.8909324089691125,32.7485448575856,-31.063906310713534,1,1,Gaspesie-Iles-de-la-Madeleine
C011016,1,1,0.999988097042826,37.94619753307127,-28.851485393410577,1,0,Capitale-Nationale
C008267,1,1,0.8097150751329568,31.999437039685525,-30.837876764523607,1,1,Cote-Nord
C002532,1,1,0.9314087250202403,31.81647901322851,-29.7241905851864,1,0,Capitale-Nationale
C013061,1,1,0.9793282675929975,32.28647901322851,-29.191920569404672,1,0,Capitale-Nationale
C005668,1,0,0.48646991331641903,28.00647901322851,-28.049899216259398,0,0,Montreal
C010260,1,1,0.9698334903630763,33.0785448575856,-30.294964392331188,1,0,Capitale-Nationale
C003129,1,0,0.0003025776689969138,25.61737119532843,-32.11663415849312,0,1,Bas-Saint-Laurent
C001701,1,1,0.3967366796863099,30.845305350971344,-31.181447686191053,1,1,Bas-Saint-Laurent
C005893,1,0,0.0004444087476540387,22.61647901322851,-28.80729785077488,0,0,Montreal
C009892,1,1,0.9956448829934296,35.53413168871418,-31.17712592308744,1,1,Bas-Saint-Laurent
C011916,1,1,0.9805048841319652,32.5985448575856,-29.456018028475544,1,0,Montreal
C011184,1,0,0.0024338357850195416,26.70413168871418,-31.529408547991668,0,1,Bas-Saint-Laurent
C007689,1,1,0.39065217877963326,28.955305350971344,-29.31189357758881,0,0,Montreal
C001991,1,1,0.9925758522480598,35.37413168871418,-31.44742818154435,1,1,Bas-Saint-Laurent
C010023,1,1,0.7374106222125183,28.871784364199854,-28.043579543676213,0,0,Montreal
C011858,1,1,0.9732839117022384,32.439718519842764,-29.555861995659903,1,0,Montreal
C009062,1,0,0.6753530458126423,29.4385448575856,-28.851013213461233,0,0,Montreal
C006988,1,0,0.0035986451105087356,27.417371195328435,-31.928020907237986,0,1,Gaspesie-Iles-de-la-Madeleine
C009478,1,1,0.9778247572658335,32.14765267548567,-29.110641038001788,1,0,Montreal
C000099,1,1,0.3647160475616822,30.672958026457017,-31.11808244642937,1,1,Bas-Saint-Laurent
C008927,1,1,0.6913352878946214,30.552958026457016,-29.9061740772777,1,0,Montreal
C005305,1,0,0.3221942726101648,30.361784364199853,-30.958306460061525,1,1,Bas-Saint-Laurent
C004686,1,0,0.04244901036596573,27.20647901322851,-29.705864222352993,0,0,Montreal
C006223,1,0,0.024873647205016038,26.809718519842765,-29.752407247439404,0,0,Montreal
C006501,1,1,0.7723508123916749,31.91413168871418,-30.934267189224215,1,1,Bas-Saint-Laurent
C004509,1,1,0.42845161916554864,31.767371195328437,-31.99851166112131,1,1,Bas-Saint-Laurent
C004256,1,0,0.050589797786609485,27.505305350971344,-29.857117824069185,0,0,Montreal
C004884,1,0,0.029712706667440206,28.07061070194269,-30.86672418788359,0,1,Gaspesie-Iles-de-la-Madeleine
C003075,1,0,0.029074429049924067,28.147371195328432,-30.96143019732932,0,1,Gaspesie-Iles-de-la-Madeleine
C011606,1,0,0.1825083380538985,28.480892182099925,-29.68358782155851,0,0,Capitale-Nationale
C000816,1,1,0.9989505135216808,34.77089218209992,-29.269807603980812,1,0,Capitale-Nationale
C009697,1,0,0.012158946919670599,27.5985448575856,-31.1257181476227,0,1,Bas-Saint-Laurent
C013735,1,1,0.7176691619840441,29.9285448575856,-29.180248054902318,0,0,Capitale-Nationale
C008938,1,1,0.9730912227687984,33.01413168871418,-30.136198291752137,1,0,Montreal
C013192,1,1,0.3558388289555771,30.26619753307127,-30.742217080458875,1,1,Gaspesie-Iles-de-la-Madeleine
C006072,1,1,0.8828613914005903,30.73413168871418,-29.114054070965366,1,0,Montreal
C009078,1,0,0.14061369637063706,29.521784364199853,-30.973736556302434,0,1,Gaspesie-Iles-de-la-Madeleine
C003461,1,1,0.9842905333117906,32.83089218209992,-29.512102042487484,1,0,Capitale-Nationale
C003337,1,0,3.17357245578181e-05,23.4985448575856,-31.806662736575767,0,1,Bas-Saint-Laurent
C003849,1,1,0.8254421142941641,30.13647901322851,-28.890295535577113,1,0,Capitale-Nationale
C013035,1,0,0.935070576578286,31.493239506614252,-29.353797367162187,1,0,Capitale-Nationale
C009529,1,1,0.4076005462440053,28.135305350971343,-28.43520308092141,0,0,Montreal
C006228,1,0,0.0005888518658300477,25.39413168871418,-31.35910138154136,0,1,Gaspesie-Iles-de-la-Madeleine
C006489,1,0,0.025050145698498637,26.219718519842765,-29.156590652202837,0,0,Capitale-Nationale
C006822,1,1,0.8583123541972271,30.86737119532843,-29.422524770075018,1,0,Capitale-Nationale
C010863,1,1,0.8616821279252822,30.669718519842764,-29.20242239986834,1,0,Montreal
C000280,1,0,0.046197591199950476,26.677371195328433,-29.10573379251322,0,0,Montreal
C006759,1,1,0.45428382319113497,29.14647901322851,-29.293564478647834,0,0,Montreal
C007105,1,1,0.999944867512076,39.060610701942686,-31.195504996257988,1,1,Bas-Saint-Laurent
C006790,1,0,0.06939378690381301,28.369718519842763,-30.451985601952302,0,0,Montreal
C007037,1,0,0.035575291548328454,25.81441316887142,-28.461227300306465,0,0,Montreal
C001144,2,0,0.00019966273964075064,23.75579551470422,-30.535549773242963,0,1,Gaspesie-Iles-de-la-Madeleine
C007817,2,0,0.03461068972228376,28.637185860725765,-31.28613143846556,0,1,Gaspesie-Iles-de-la-Madeleine
C007965,2,0,0.000295637849710559,25.41149068771499,-31.87878552031632,0,1,Gaspesie-Iles-de-la-Madeleine
C006112,2,0,0.0006122803506280218,22.90003344723115,-28.78763972576907,0,0,Capitale-Nationale
C008666,2,0,0.014806206799089512,28.122914480967683,-31.463806890848847,0,1,Cote-Nord
C005411,2,0,0.07027641770661602,28.460066894462297,-30.515359594826663,0,1,Gaspesie-Iles-de-la-Madeleine
C012734,2,1,0.49704859309510746,28.694338274220375,-28.703734116318234,0,0,Capitale-Nationale
C008204,2,1,0.6959806948653458,29.604338274220375,-28.94517512515831,0,0,Montreal
C003721,2,0,0.0107784885152582,27.657219307956915,-31.254042527762994,0,1,Cote-Nord
C004879,2,0,0.23104546307584714,31.574338274220377,-32.5313049578046,1,1,Cote-Nord
C001151,2,0,0.003820230482021773,26.448643101209605,-30.876553343719547,0,1,Gaspesie-Iles-de-la-Madeleine
C003732,2,0,0.25453811991167613,28.854338274220375,-29.70954200002694,0,0,Montreal
C013111,2,0,0.007870963483871873,27.16149068771499,-31.010848517669814,0,1,Gaspesie-Iles-de-la-Madeleine
C000595,2,1,0.5478898983749761,29.528609653978457,-29.375684530332396,0,0,Montreal
C000854,2,1,0.854546344655396,30.458609653978456,-29.049353905089,1,0,Capitale-Nationale
C012619,2,0,0.00454961831458191,27.258609653978457,-31.546872712320866,0,1,Cote-Nord
C009195,2,0,0.17840030879238974,29.2500668944623,-30.465536590142925,0,0,Capitale-Nationale
C000820,2,1,0.12131415334826422,27.497185860725764,-29.07304144251126,0,0,Montreal
C004932,2,0,0.002961905629046561,25.807152413494617,-30.43827916595032,0,0,Montreal
C002456,2,1,0.39387759076253503,29.25145724048384,-29.5945100307649,0,0,Capitale-Nationale
C006466,2,0,0.3081683111493903,31.160066894462297,-31.80368344611012,1,1,Bas-Saint-Laurent
C003666,2,1,0.8109605919577313,30.14149068771499,-28.982495356151553,1,0,Montreal
C001614,2,0,0.0026538152384491635,26.614338274220376,-31.333124819536504,0,1,Cote-Nord
C011083,2,0,0.05424053560698742,28.648643101209608,-30.923682173859685,0,1,Gaspesie-Iles-de-la-Madeleine
C006646,2,0,0.12256811041379126,27.854338274220375,-29.420873043626543,0,0,Montreal
C006530,2,1,0.6928723382788795,30.477152413494615,-29.829647512200665,1,0,Capitale-Nationale
C001924,2,1,0.9524683852315813,32.202914480967685,-29.81716836083588,1,0,Montreal
C003815,2,0,0.5644178183803579,31.871490687714992,-31.665272034142376,1,1,Cote-Nord
C002000,2,1,0.9010611132480315,30.462914480967683,-28.704783583135583,1,0,Montreal
C002306,2,0,0.0037493411772347674,27.54579551470422,-31.988669508193965,0,1,Cote-Nord
C007628,2,1,0.9914990972922424,34.25003344723115,-30.462456553466367,1,0,Montreal
C004373,2,0,0.0012474083434603081,24.444304826989228,-29.7650384486785,0,0,Montreal
C008010,2,1,0.9952642695329992,33.948643101209605,-29.692437345189983,1,0,Montreal
C010215,2,1,0.9366368986526404,32.02576206747307,-29.882157380131282,1,0,Montreal
C003593,2,0,0.004554313069587678,26.024338274220376,-30.311776744613432,0,1,Cote-Nord
C011954,2,0,0.32017317066320944,31.17149068771499,-31.770761014680826,1,1,Cote-Nord
C005434,2,0,0.011268587536720883,26.017185860725764,-29.578225052608325,0,0,Montreal
C007909,2,0,0.18637498493273905,29.301457240483842,-30.474360333867477,0,1,Bas-Saint-Laurent
C010541,2,0,0.0340174227547149,28.4200668944623,-31.083261795244123,0,1,Bas-Saint-Laurent
C000825,2,0,0.01405012708308334,26.317185860725765,-29.70040431761132,0,0,Montreal
C006396,2,1,0.6197082812455512,31.427185860725764,-31.038554902210763,1,1,Cote-Nord
C010337,2,0,0.006642006529390428,27.390066894462297,-31.375521755687274,0,1,Bas-Saint-Laurent
C010600,2,1,0.8259470346490564,31.287185860725764,-30.047881746591862,1,0,Montreal
C004022,2,1,0.7820585682977187,30.10860965397846,-29.091725239857645,0,0,Montreal
C003906,2,1,0.9891700359461651,32.12145724048384,-28.5284672726989,1,0,Capitale-Nationale
C009507,2,0,0.20544481391518615,28.854304826989228,-29.930801199818692,0,0,Montreal
C010819,2,0,0.2522699177923367,28.727185860725765,-29.591931301530135,0,0,Montreal
C008009,2,1,0.21964172571073648,30.27145724048384,-31.2804244870472,1,1,Gaspesie-Iles-de-la-Madeleine
C009721,2,0,0.005473902494670557,24.991457240483843,-29.13178624330164,0,0,Capitale-Nationale
C011702,2,0,0.20203469073594815,28.93576206747307,-30.02898817492862,0,0,Montreal
C001366,2,1,0.4956763778392134,30.178609653978455,-30.192374144331808,1,1,Cote-Nord
C012901,2,0,0.14433962017707552,28.56003344723115,-29.976445114890666,0,0,Capitale-Nationale
C006638,2,1,0.43680862115762376,30.25576206747307,-30.458011746921652,1,0,Montreal
C012053,2,0,0.00046195238988660294,25.160066894462297,-31.27201180327851,0,1,Cote-Nord
C010140,2,0,0.17719763767178656,26.985762067473072,-28.20777936977928,0,0,Capitale-Nationale
C011897,2,1,0.9060020195876866,31.787185860725764,-29.983931173847267,1,0,Montreal
C005516,2,0,0.1258911066211802,27.081457240483843,-28.623682354614633,0,0,Montreal
C012244,2,1,0.8441005100387291,31.127185860725763,-29.782915322471126,1,0,Capitale-Nationale
C005985,2,0,0.16708174636731424,28.66145724048384,-29.939982823825343,0,0,Montreal
C011175,2,0,0.16108958950064808,29.677219307956914,-30.99051715743257,0,1,Cote-Nord
C001435,2,0,0.00850655916597158,27.234371721451524,-31.02141468365961,0,1,Gaspesie-Iles-de-la-Madeleine
C011074,2,0,0.269254037701917,28.938609653978457,-29.73321366653161,0,0,Montreal
C003380,2,1,0.8223532314433186,33.12576206747307,-31.90619399616894,1,1,Bas-Saint-Laurent
C004902,2,0,0.2882962026406485,28.498609653978455,-29.217815274796504,0,0,Capitale-Nationale
C003490,2,0,0.020696698745560863,27.6500668944623,-30.719627906601097,0,1,Cote-Nord
C004383,2,0,0.0052288698613032585,26.848643101209607,-31.025616285720677,0,1,Gaspesie-Iles-de-la-Madeleine
C008261,2,0,0.0032542356022770445,26.964338274220374,-31.52032082987943,0,1,Cote-Nord
C004821,2,0,0.0075595409428813,26.68576206747307,-30.567498917941126,0,0,Montreal
C010719,2,1,0.9940320367329465,33.28576206747307,-29.21460268624416,1,0,Capitale-Nationale
C010522,2,1,0.1935907658181335,31.337252755188064,-32.47283434707718,1,1,Gaspesie-Iles-de-la-Madeleine
C008263,2,0,0.5458511907270724,30.497219307956914,-30.350841907930896,1,1,Cote-Nord
C011921,2,0,0.0006757810889352867,25.461490687714992,-31.270510899679888,0,1,Bas-Saint-Laurent
C002263,2,0,0.018197492830117172,28.0900668944623,-31.264077078527308,0,1,Bas-Saint-Laurent
C012142,2,0,0.43773615944849165,29.670033447231148,-29.86928311264376,0,0,Montreal
C012567,2,0,0.3237613527741265,31.121490687714992,-31.70767952936613,1,1,Gaspesie-Iles-de-la-Madeleine
C010581,2,0,0.20915921929867962,28.937185860725766,-29.99569232397281,0,0,Montreal
C011213,2,0,0.05113275874090626,27.76430482698923,-30.08891362897517,0,0,Capitale-Nationale
C002971,2,1,0.8056758236625979,30.822914480967682,-29.691066462299908,1,0,Montreal
C013767,2,0,0.02348095526987036,27.082881033736534,-30.049725108051952,0,0,Capitale-Nationale
C010432,2,1,0.19378102566967664,28.152914480967684,-29.287526486459136,0,0,Montreal
C000212,2,0,0.06254712454492414,30.482914480967683,-32.63752780891419,1,1,Bas-Saint-Laurent
C000200,2,0,0.014451579788960861,25.50576206747307,-28.866234944915103,0,0,Capitale-Nationale
C007941,2,0,0.012307992433591958,27.77576206747307,-31.265744757705217,0,1,Bas-Saint-Laurent
C004722,2,0,0.014336908744657949,28.551490687714992,-31.918396446152553,0,1,Bas-Saint-Laurent
C004621,2,0,0.06752903413340404,27.055728620241922,-29.145107869242675,0,0,Montreal
C008423,2,1,0.8817174422530043,30.260033447231148,-28.66129553389805,1,0,Montreal
C006376,2,0,0.01303513124884369,26.95576206747307,-30.399476321112708,0,0,Montreal
C001119,2,1,0.7598230288368096,30.088609653978455,-29.171999759296554,0,0,Capitale-Nationale
C005855,2,0,1.6933245080290804e-05,21.428609653978455,-30.172197344347047,0,0,Montreal
C000512,2,0,0.028301222972039144,27.128609653978458,-29.942914503131835,0,0,Montreal
C013690,2,0,0.21229178868530202,27.785762067473073,-28.829278464667667,0,0,Montreal
C010115,2,0,0.004573768005298171,26.248609653978455,-30.532640048760925,0,0,Montreal
C012502,2,1,0.7979586217339409,30.802914480967683,-29.709721387045573,1,0,Montreal
C001039,2,0,0.07543399439657168,28.592947928198832,-30.58744848467087,0,1,Bas-Saint-Laurent
C004251,2,1,0.9993616982818349,37.240066894462295,-31.385606056336986,1,1,Gaspesie-Iles-de-la-Madeleine
C012822,2,0,0.006341863452504104,27.7700668944623,-31.792564335994847,0,1,Bas-Saint-Laurent
C000070,2,0,0.07859479338932335,27.737185860725763,-29.696292556049613,0,0,Montreal
C006784,2,1,0.9468165442839825,31.95576206747307,-29.66417032544565,1,0,Montreal
C001345,2,1,0.6065907155377191,30.202914480967685,-29.85830019594057,1,0,Montreal
C008475,2,0,0.004743311490610609,24.91003344723115,-29.164960121456108,0,0,Montreal
C007852,2,1,0.9999682207241537,37.632914480967685,-29.390366407200393,1,0,Capitale-Nationale
C008462,2,0,0.023479470881568605,26.0000668944623,-28.966962492357197,0,0,Capitale-Nationale
C006480,2,1,0.9903834497106923,33.071457240483845,-29.38291756020903,1,0,Montreal
C012532,2,1,0.985617830679447,32.50433827422038,-29.139977604897645,1,0,Montreal
C013183,2,0,0.2799802664654566,29.48145724048384,-30.233202855385517,0,0,Montreal
C009683,2,1,0.886966693773045,31.708609653978456,-30.069020114315848,1,0,Montreal
C006734,2,0,0.48192272884927934,31.697185860725764,-31.75475951366872,1,1,Cote-Nord
C006369,2,1,0.42245150598571257,29.307185860725763,-29.556068221399403,0,0,Montreal
C011057,2,0,0.07268170171239387,27.697185860725764,-29.723633232625534,0,0,Montreal
C009477,2,1,0.6448161697494609,31.698643101209605,-31.224042718769926,1,1,Cote-Nord
C004706,2,0,0.0032859347720494104,26.79149068771499,-31.339732969931042,0,1,Cote-Nord
C008405,2,0,0.01831853254666396,27.984338274220377,-31.15297417970457,0,1,Cote-Nord
C012500,2,0,0.13309860447048116,29.101457240483843,-30.592784414999464,0,1,Bas-Saint-Laurent
C010671,2,1,0.2740579771271983,30.145795514704222,-30.92107575444171,1,1,Cote-Nord
C003639,2,0,0.3082323157994011,30.404338274220375,-31.0477159129261,1,1,Cote-Nord
C011456,2,0,0.0028978685430277405,26.425762067473073,-31.074335540420194,0,1,Cote-Nord
C011956,2,0,0.016840676307617788,26.327185860725763,-29.5639643779208,0,0,Montreal
C000973,2,0,0.0005436603559118828,25.447185860725764,-31.429448197563207,0,1,Gaspesie-Iles-de-la-Madeleine
C011341,2,0,0.00012533960953847365,22.172881033736534,-29.32325321489396,0,0,Montreal
C003977,2,0,0.19847835323463311,28.335762067473073,-29.446661426122002,0,0,Montreal
C000162,2,0,0.42921330274058483,30.38149068771499,-30.608362356741043,1,1,Cote-Nord
C000371,2,0,0.07543104113311391,29.370066894462298,-31.364601152226925,0,1,Gaspesie-Iles-de-la-Madeleine
C001208,2,1,0.9999415196746296,36.91430482698923,-29.157159406763945,1,0,Montreal
C005644,2,1,0.885381348621173,31.73145724048384,-30.10437637386493,1,0,Capitale-Nationale
C008031,2,0,0.22886754458183087,27.637185860725765,-28.603941239833826,0,0,Montreal
C012705,2,1,0.8379457875246688,29.72145724048384,-28.413826592010864,0,0,Montreal
C010622,2,0,0.006272743728020574,27.52576206747307,-31.557036629675956,0,1,Cote-Nord
C003829,2,0,0.5737950427271795,30.867185860725765,-30.63053269288203,1,1,Gaspesie-Iles-de-la-Madeleine
C006503,2,1,0.8610317645738141,30.940033447231148,-29.488459123230264,1,0,Montreal
C003256,2,0,0.43106402167331986,28.787185860725764,-29.008048492095277,0,0,Capitale-Nationale
C002363,2,1,0.7851902050857992,32.091490687714995,-31.05990676615313,1,1,Bas-Saint-Laurent
C008551,2,0,0.00834135092652953,26.662914480967682,-30.46569890369789,0,0,Capitale-Nationale
C001500,2,0,0.040147467423040505,26.034338274220374,-28.560601789323186,0,0,Capitale-Nationale
C001430,2,0,0.0026536887747828784,25.440033447231148,-30.15885802033489,0,0,Capitale-Nationale
C003793,2,0,0.0006613443197759787,25.528676548440757,-31.35489471376707,0,1,Cote-Nord
C010548,2,0,7.657399961819728e-06,22.394338274220377,-31.769540040750393,0,1,Gaspesie-Iles-de-la-Madeleine
C011998,2,0,0.18573615043522204,28.934304826989226,-30.110565241391413,0,0,Montreal
C010159,2,1,0.3361009752115885,30.5600668944623,-31.101829586541275,1,1,Gaspesie-Iles-de-la-Madeleine
C010639,2,1,0.09352390973144416,26.702914480967685,-28.51060955431862,0,0,Montreal
C006550,2,1,0.5689901617265847,30.227185860725765,-30.00614739275562,1,0,Capitale-Nationale
C011635,2,0,0.0002474408605182501,25.002914480967682,-31.611883408388003,0,1,Gaspesie-Iles-de-la-Madeleine
C004018,2,0,0.005619793827729304,25.29576206747307,-29.415040427063953,0,0,Montreal
C009796,2,0,0.7538095444348475,29.658609653978456,-28.768004954861844,0,0,Montreal
C004334,2,1,0.9303399354039743,32.95721930795691,-30.89438827917224,1,1,Gaspesie-Iles-de-la-Madeleine
C013466,2,0,0.012687729786167149,25.638609653978456,-29.104102604910377,0,0,Montreal
C009382,2,1,0.26194542504597407,28.355762067473073,-29.180188106522824,0,0,Montreal
C010085,2,0,0.10203812357615144,26.375762067473072,-28.10660291992186,0,0,Montreal
C010934,2,1,0.7641688150391509,30.195762067473073,-29.260080781742342,1,0,Montreal
C001900,2,1,0.7664509793292708,32.137185860725765,-31.191392062289285,1,1,Cote-Nord
C002404,2,0,0.0027422567241870105,26.875762067473072,-31.56838715193197,0,1,Bas-Saint-Laurent
C012618,2,1,0.3282492297978998,28.957185860725765,-29.527118969919705,0,0,Montreal
C003277,2,0,0.013901116179025626,27.02576206747307,-30.417586594965446,0,1,Bas-Saint-Laurent
C007812,2,1,0.2839272572652024,30.812881033736534,-31.549110540577747,1,1,Gaspesie-Iles-de-la-Madeleine
C006838,2,1,0.9958759318622472,33.23145724048385,-28.86469709961224,1,0,Capitale-Nationale
C005398,2,0,0.3303592476276223,28.324338274220377,-28.886668016611956,0,0,Montreal
C003141,2,1,0.9989339436300756,34.038609653978455,-28.592699025938018,1,0,Capitale-Nationale
C002671,2,1,0.9263705100985733,32.411490687714995,-30.39616842102644,1,1,Gaspesie-Iles-de-la-Madeleine
C002920,2,0,0.0005605830963728,24.047219307956915,-30.005072572373933,0,0,Montreal
C012261,2,1,0.7880771920438768,29.752914480967682,-28.707640877811254,0,0,Montreal
C010302,2,1,0.9434012547813275,33.81149068771499,-31.572309386852357,1,1,Bas-Saint-Laurent
C012772,2,1,0.9791299241883802,32.277185860725766,-29.214405018814162,1,0,Capitale-Nationale
C007862,2,0,0.013990016209792362,27.725728620241924,-31.112407880867956,0,1,Bas-Saint-Laurent
C001148,2,1,0.17574570973797224,29.8100668944623,-31.040035441792266,0,1,Bas-Saint-Laurent
C001414,2,1,0.6364321882020708,29.79145724048384,-29.34584060741529,0,0,Capitale-Nationale
C003738,2,0,0.3515039764514479,28.495762067473073,-28.983179973439835,0,0,Montreal
C006720,2,1,0.9316606995938317,32.080033447231145,-30.000838688635284,1,0,Capitale-Nationale
C004909,2,0,0.007957420555564306,28.257185860725766,-32.09777992874181,0,1,Bas-Saint-Laurent
C006708,2,1,0.6155123105753649,30.09003344723115,-29.71554272418295,0,0,Montreal
C010241,2,0,0.001221319837490229,24.347185860725766,-29.684761730914488,0,0,Capitale-Nationale
C012835,2,0,0.08348967993482484,28.292914480967685,-30.199697445032157,0,0,Capitale-Nationale
C005218,2,1,0.9690153552537724,31.454338274220376,-28.71432949137286,1,0,Montreal
C012611,2,0,0.012320012723628402,27.324338274220377,-30.813534392549315,0,1,Gaspesie-Iles-de-la-Madeleine
C005128,2,0,0.056389535822617284,28.668643101209607,-30.91094814461118,0,1,Cote-Nord
C000663,2,0,0.006412458820540072,27.11576206747307,-31.129392579769693,0,1,Cote-Nord
C005710,2,1,0.8988162989193141,31.848609653978457,-30.110319565371253,1,0,Montreal
C001523,2,1,0.4123238389732937,28.914304826989227,-29.1963345282797,0,0,Montreal
C010243,2,0,0.14625145358053618,30.114338274220376,-31.518497327462434,1,1,Cote-Nord
C002913,2,0,0.0538718435048993,29.09149068771499,-31.372268232060584,0,1,Bas-Saint-Laurent
C003556,2,0,0.0006643284831511897,23.66003344723115,-29.48266613899189,0,0,Montreal
C004108,2,0,0.007357964468112749,24.780066894462298,-28.68347544077582,0,0,Montreal
C002099,2,0,6.336653714694182e-05,23.82149068771499,-31.514767283657605,0,1,Gaspesie-Iles-de-la-Madeleine
C007361,2,0,0.36634950668036886,29.342914480967682,-29.77897883513204,0,0,Capitale-Nationale
C000322,2,0,0.015915112089597356,26.464338274220374,-29.74685461886876,0,0,Capitale-Nationale
C011227,2,1,0.352272662150754,31.11291448096768,-31.597649911108476,1,1,Bas-Saint-Laurent
C004454,2,0,0.020839444398409845,28.584338274220375,-31.648312984319965,0,1,Gaspesie-Iles-de-la-Madeleine
C002321,2,1,0.4780323406927147,30.855762067473073,-30.925740633099664,1,1,Bas-Saint-Laurent
C002732,2,0,0.06128570931950982,29.327219307956913,-31.499117517068242,0,1,Cote-Nord
C003020,2,1,0.9973301143448896,33.8200668944623,-29.106098095757062,1,0,Montreal
C005534,2,0,0.0003807808580390355,24.312914480967684,-30.578715992034194,0,1,Cote-Nord
C008365,2,0,3.428549988623556e-05,23.4000668944623,-31.582200033345135,0,1,Cote-Nord
C000629,2,0,0.0007430744889119215,24.942914480967683,-30.67633156004389,0,1,Bas-Saint-Laurent
C008252,2,0,0.22188469493583227,28.510066894462298,-29.508657143145808,0,0,Montreal
C009535,2,0,0.013233353057399781,25.644304826989227,-29.075847750128055,0,0,Montreal
C009826,2,0,0.0450185496849459,28.338609653978455,-30.76968484687598,0,1,Bas-Saint-Laurent
C013200,2,1,0.928416344321593,31.748643101209606,-29.709138471522568,1,0,Montreal
C013344,2,1,0.9090939466711143,31.735762067473072,-29.903176734970323,1,0,Montreal
C003384,2,1,0.9610490021722332,31.708609653978456,-29.15727570204345,1,0,Montreal
C002763,2,0,0.006642729063560273,25.548609653978456,-29.533977364394275,0,0,Montreal
C007912,2,1,0.8539717803558723,30.172881033736534,-28.767298188635085,1,0,Montreal
C006716,2,0,0.0023185913294210803,24.09003344723115,-28.916560408123033,0,0,Capitale-Nationale
C013341,2,1,0.5440050048214656,29.530033447231148,-29.389581182980525,0,0,Capitale-Nationale
C009914,2,0,0.14890285898751368,30.678643101209605,-32.0660275025921,1,1,Gaspesie-Iles-de-la-Madeleine
C005034,2,1,0.4144412904977362,29.855762067473073,-30.130842346655086,0,0,Capitale-Nationale
C006222,2,1,0.995402058801045,33.830033447231145,-29.550217615238147,1,0,Montreal
C003713,2,0,0.054988089063740725,30.208676548440756,-32.47219237708846,1,1,Bas-Saint-Laurent
C007856,2,0,0.016737006641261806,26.572881033736532,-29.814657906135494,0,0,Capitale-Nationale
C011144,2,0,0.026829651875934845,26.928643101209605,-29.7866496061389,0,0,Montreal
C012403,2,0,0.024614668935412642,27.13576206747307,-30.06415410242416,0,0,Montreal
C001455,2,0,0.0015937943284620821,26.5800668944623,-31.705497171315766,0,1,Bas-Saint-Laurent
C004636,2,1,0.994951823372821,33.75718586072576,-29.552078962466194,1,0,Capitale-Nationale
C013980,2,0,0.015284611047188385,27.967219307956913,-31.28241649117006,0,1,Gaspesie-Iles-de-la-Madeleine
C000017,2,1,0.989817251919578,35.20721930795691,-31.56466587731055,1,1,Cote-Nord
C010386,2,0,0.00011208175217757886,21.515728620241923,-28.755088229773943,0,0,Montreal
C001118,2,0,0.1255765154693538,28.510033447231148,-30.054536240400253,0,0,Montreal
C008089,2,1,0.05861589064921647,27.972914480967685,-30.182521713818936,0,0,Montreal
C010488,2,0,0.03460445640000295,26.694304826989228,-29.343398890943682,0,0,Capitale-Nationale
C012915,2,1,0.9543628196985503,33.652881033736534,-31.23318368343007,1,0,Capitale-Nationale
C003042,2,0,0.033726413890521285,28.38576206747307,-31.05603440318334,0,1,Gaspesie-Iles-de-la-Madeleine
C009037,2,0,0.0006533688780458098,24.77437172145153,-30.610252313396167,0,1,Gaspesie-Iles-de-la-Madeleine
C012479,2,0,2.1595547358871277e-05,21.812881033736534,-30.362903069713802,0,1,Gaspesie-Iles-de-la-Madeleine
C007629,2,1,0.08170870765970878,29.222914480967685,-31.14840337334732,0,0,Montreal
C004305,2,1,0.974065960935566,31.464338274220374,-28.57857885068609,1,0,Capitale-Nationale
C006884,2,1,0.5457741019230192,28.991457240483843,-28.845327328524252,0,0,Montreal
C008122,2,0,0.001763587736572381,25.31576206747307,-30.360489034754288,0,1,Cote-Nord
C004228,2,1,0.820950934579827,30.384304826989226,-29.172352763886288,1,0,Capitale-Nationale
C009526,2,1,0.9932637557437755,33.1200668944623,-29.145900085065623,1,0,Montreal
C001696,2,0,0.13039235598996401,27.592914480967682,-29.103071198647573,0,0,Capitale-Nationale
C002453,2,1,0.356080737522076,31.757185860725766,-32.22867126970255,1,1,Gaspesie-Iles-de-la-Madeleine
C013268,2,0,0.14678788047658797,28.621490687714992,-30.022235744192574,0,1,Gaspesie-Iles-de-la-Madeleine
C000716,2,0,4.202689244474759e-06,19.941490687714992,-29.7941751181923,0,0,Capitale-Nationale
C005176,2,0,0.07833494419861982,27.228609653978456,-29.190576416062186,0,0,Montreal
C004577,2,0,0.025150363762165315,27.798609653978456,-30.709429569175356,0,1,Gaspesie-Iles-de-la-Madeleine
C000306,2,0,0.35155181745663117,30.752947928198832,-31.24019880558596,1,1,Gaspesie-Iles-de-la-Madeleine
C006924,2,0,0.4109576243571662,29.032914480967683,-29.319433702009828,0,0,Montreal
C009314,2,1,0.9312547895984086,31.468609653978458,-29.39447490060178,1,0,Montreal
C005390,2,0,0.11217947124761159,28.234304826989227,-29.880694822877903,0,0,Montreal
C006525,2,1,0.21358575499875107,30.568643101209606,-31.606014774635575,1,1,Cote-Nord
C011672,2,0,0.015855033088192867,26.554338274220378,-29.839913268821476,0,0,Capitale-Nationale
C010202,2,1,0.9569095652470154,31.504338274220377,-29.036819801325787,1,0,Capitale-Nationale
C006191,2,0,0.00070087880585039,25.3600668944623,-31.14004512348322,0,1,Bas-Saint-Laurent
C012627,2,0,0.0002633678001813825,25.308643101209604,-31.867953098383932,0,1,Bas-Saint-Laurent
C001496,2,1,0.9665159700657892,31.738643101209608,-29.062430772508502,1,0,Capitale-Nationale
C007118,2,1,0.9911325027477562,33.58145724048384,-29.827776442997166,1,0,Montreal
C004959,2,0,0.14957374782654728,28.16003344723115,-29.5432124753829,0,0,Montreal
C008441,2,1,0.9979424330761175,34.91149068771499,-29.98970041077412,1,0,Capitale-Nationale
C003495,2,1,0.6633804697909449,30.042914480967685,-29.50300062925365,0,0,Montreal
C007277,2,0,0.04681362792642548,28.81576206747307,-31.214221590849313,0,1,Cote-Nord
C003746,2,0,0.5837735647299496,28.958643101209606,-28.68941355498641,0,0,Montreal
C000321,2,0,0.16196393455375901,30.444371721451525,-31.752531599969895,1,1,Cote-Nord
C004346,2,1,0.9841330643505123,32.62576206747307,-29.340793942559117,1,0,Montreal
C000732,2,1,0.18600135294479697,28.655762067473074,-29.83062766090289,0,1,Cote-Nord
C009963,2,1,0.5283391503859663,29.627185860725763,-29.536872064468,0,0,Montreal
C011517,2,0,0.0007198138793782007,24.082881033736534,-29.841628150787116,0,0,Capitale-Nationale
C003539,2,1,0.9981812128432772,36.66437172145153,-31.6442171768439,1,1,Gaspesie-Iles-de-la-Madeleine
C000860,2,1,0.6987777741448294,30.808609653978458,-30.138898241744563,1,1,Gaspesie-Iles-de-la-Madeleine
C003594,2,0,0.15933968517598004,27.794304826989226,-29.117953837113603,0,0,Montreal
C010462,2,1,0.963826554735707,32.03288103373654,-29.420372568480126,1,0,Capitale-Nationale
C005327,2,1,0.8335488598960186,31.39003344723115,-30.107896054010965,1,0,Montreal
C009616,2,0,0.023106501282285398,26.647185860725763,-29.627129178029904,0,0,Capitale-Nationale
C011874,2,0,0.052231580984857306,28.032881033736533,-30.33964593123926,0,0,Capitale-Nationale
C004363,2,0,2.718772593722442e-05,23.45003344723115,-31.81677954112763,0,1,Cote-Nord
C000314,2,0,0.019566619444385928,28.554338274220378,-31.669504552731343,0,1,Gaspesie-Iles-de-la-Madeleine
C008824,2,1,0.9972081664817481,34.785762067473065,-30.10743641372109,1,0,Montreal
C007557,2,0,0.012955796695098686,26.252881033736536,-29.701517885269094,0,0,Montreal
C006054,2,1,0.9333126332085847,32.478643101209606,-30.378563932824516,1,1,Bas-Saint-Laurent
C008930,2,1,0.3339851948656666,28.908609653978456,-29.457930558253796,0,0,Montreal
C009326,2,0,0.007115999116352012,25.144338274220377,-29.074552811398906,0,0,Montreal
C006932,2,0,0.00035945361704770506,22.834338274220375,-29.146029767275408,0,0,Montreal
C001823,2,0,0.14427306849889787,28.252881033736536,-29.66972164171061,0,0,Capitale-Nationale
C009243,2,0,0.7857700010504862,30.70576206747307,-29.671439636628662,1,0,Montreal
C010475,2,0,0.22994832719840644,28.39003344723115,-29.351923100869772,0,0,Montreal
C012412,2,0,0.00034453955171250304,24.4500668944623,-30.795496208915292,0,1,Bas-Saint-Laurent
C012452,2,0,0.01909196389925397,26.718576206747308,-29.853672260659366,0,0,Montreal
C013400,2,0,0.01286578479400394,28.13149068771499,-31.58574880359934,0,1,Bas-Saint-Laurent
C008048,2,1,0.9348199446525256,32.310066894462295,-30.190508260525707,1,0,Montreal
C003213,2,0,0.007974980675486602,26.09149068771499,-29.930316310848067,0,1,Cote-Nord
C006976,2,1,0.13971320275060375,29.90152413494614,-31.34815455072769,0,1,Cote-Nord
C013904,2,0,0.19868551723627115,30.31579551470422,-31.425658879825328,1,1,Cote-Nord
C001187,2,1,0.979667927740336,32.958609653978456,-29.874606073800475,1,0,Montreal
C006453,2,0,0.5567238484945547,32.00437172145153,-31.823011967809897,1,1,Gaspesie-Iles-de-la-Madeleine
C007946,2,0,0.7064013815659234,31.718643101209604,-31.019893989995172,1,1,Bas-Saint-Laurent
C009626,2,0,0.09509026962042731,27.294338274220376,-29.087437918042184,0,0,Montreal
C004648,2,0,0.5991880815341138,31.547185860725765,-31.22718026503386,1,1,Gaspesie-Iles-de-la-Madeleine
C011618,2,0,0.05707148716832437,27.712881033736533,-29.94504352091015,0,0,Montreal
C001983,2,0,0.011771120797298864,27.894338274220377,-31.420248970073544,0,1,Bas-Saint-Laurent
C004194,2,0,0.8212839144680174,32.027185860725766,-30.813429590532923,1,1,Cote-Nord
C010109,2,1,0.9962019973983454,33.357185860725764,-28.92461359920428,1,0,Montreal
C011417,2,0,0.6339377065905445,31.972914480967685,-31.535865271164358,1,1,Cote-Nord
C008770,2,0,0.543539611141375,32.00149068771499,-31.862531435709382,1,1,Gaspesie-Iles-de-la-Madeleine
C011245,2,0,0.0014992175916369844,26.192914480967683,-31.36710677579021,0,1,Cote-Nord
C011836,2,1,0.9938880161631757,35.02579551470422,-30.97372950432785,1,1,Cote-Nord
C012415,2,1,0.9996133327406734,35.88718586072576,-29.633598059997027,1,0,Capitale-Nationale
C007106,2,0,0.013383163702086608,25.95003344723115,-29.372496365825505,0,0,Capitale-Nationale
C006146,2,1,0.9996470809192297,36.00864310120961,-29.682345114244008,1,0,Montreal
C011109,2,0,0.004143551183843765,26.487185860725763,-30.850179416537095,0,1,Bas-Saint-Laurent
C009325,2,0,0.06396298618145842,29.52437172145153,-31.65996713916983,0,1,Bas-Saint-Laurent
C010780,2,0,0.01246910162357416,29.192914480967683,-32.67241716709268,0,1,Gaspesie-Iles-de-la-Madeleine
C011686,2,1,0.9066459952865534,32.96149068771499,-31.152199283671575,1,1,Cote-Nord
C006301,2,0,0.02055561292395949,26.175728620241923,-29.25084816065697,0,0,Montreal
C001055,2,0,0.30288762124519875,30.832914480967684,-31.49633876080038,1,1,Gaspesie-Iles-de-la-Madeleine
C001772,2,1,0.8586731284522264,31.4200668944623,-29.984070220068823,1,0,Montreal
C005246,2,0,0.010423349914500332,26.405762067473074,-30.029535650867828,0,0,Montreal
C000550,2,1,0.9839218168428039,32.01433827422038,-28.740067043182954,1,0,Capitale-Nationale
C010805,2,0,0.5845871342383326,30.6100668944623,-30.33817181314113,1,1,Bas-Saint-Laurent
C012711,2,1,0.9861418290574034,32.26576206747307,-28.87144036665308,1,0,Montreal
C000615,2,0,0.17962863459172274,28.79145724048384,-30.000275231943604,0,0,Montreal
C006084,2,1,0.6106593601436926,30.477185860725765,-30.118977443105617,1,0,Montreal
C011688,2,1,0.787353217587696,30.4000668944623,-29.358238988021892,1,0,Capitale-Nationale
C000971,2,0,0.0037580904856888125,25.137152413494615,-29.57816437386156,0,0,Montreal
C003873,2,1,0.9486049669128634,31.664304826989227,-29.343987842648385,1,0,Montreal
C000784,2,0,4.571526529015156e-05,24.108643101209605,-32.06178787100618,0,1,Gaspesie-Iles-de-la-Madeleine
C006076,2,0,2.024243897997554e-06,21.037185860725764,-31.47127690308053,0,1,Bas-Saint-Laurent
C002454,2,0,0.12927770851226458,27.457219307956912,-28.975228164412318,0,0,Montreal
C003432,2,0,0.1812350672994855,27.782881033736533,-28.983053164713453,0,0,Montreal
C000447,2,1,0.29277659972084064,28.215762067473072,-28.91766817255804,0,0,Capitale-Nationale
C007130,2,0,0.638271165130761,32.5986431012096,-32.146694280704224,1,1,Bas-Saint-Laurent
C000602,2,1,0.1700917792145265,28.574338274220377,-29.835772282512927,0,0,Montreal
C003828,2,1,0.723937715246808,32.088643101209605,-31.321362637034174,1,1,Gaspesie-Iles-de-la-Madeleine
C008409,2,0,0.22698392126705386,28.737185860725763,-29.712460172040092,0,0,Montreal
C013001,2,0,0.000699093085215509,23.55003344723115,-29.332043425575932,0,0,Montreal
C007179,2,0,0.025655009953262486,25.89003344723115,-28.784630120619425,0,0,Montreal
C000358,2,1,0.9968608903746304,32.72860965397845,-28.143869403420453,1,0,Capitale-Nationale
C011817,2,0,0.05274145574131071,29.33579551470422,-31.63440069383806,0,1,Bas-Saint-Laurent
C002778,2,1,0.6326052176633111,29.895762067473072,-29.46327922591137,0,0,Capitale-Nationale
C010590,2,1,0.8018875661784541,31.204304826989226,-30.091573575220124,1,0,Montreal
C013307,2,1,0.9960800716620105,33.494338274220375,-29.08701135375817,1,0,Capitale-Nationale
C013194,2,1,0.5921101866534957,30.45576206747307,-30.159145138906855,1,0,Capitale-Nationale
C007379,2,0,0.19323344920474445,30.374338274220374,-31.51174275223509,1,1,Bas-Saint-Laurent
C004813,2,1,0.5474068715974412,28.8600668944623,-28.708693567685682,0,0,Montreal
C005333,2,0,0.0021208804372783007,24.27145724048384,-29.16907652300459,0,0,Montreal
C011507,2,1,0.5927344375832415,31.3400668944623,-31.0413923749436,1,1,Gaspesie-Iles-de-la-Madeleine
C002638,2,0,0.012172798685505023,25.964304826989228,-29.46318681708719,0,0,Montreal
C001730,2,1,0.7924642433882814,30.71003344723115,-29.6436933584906,1,0,Capitale-Nationale
C006495,2,0,0.06183992207330607,27.190066894462298,-29.354330312246745,0,0,Capitale-Nationale
C010278,2,0,0.7100775636362794,30.292914480967685,-29.58000624890587,1,0,Montreal
C009414,2,1,0.7358872187888315,32.15576206747307,-31.340234586147645,1,1,Bas-Saint-Laurent
C001994,2,1,0.7732298420012793,29.878609653978458,-28.90236542342575,0,0,Montreal
C000626,2,1,0.1703428725238306,28.214304826989228,-29.474323990929065,0,0,Montreal
C010175,2,0,0.002238074861536003,26.75145724048384,-31.606177427892987,0,1,Bas-Saint-Laurent
C003240,2,0,7.189246974640693e-05,22.568609653978456,-30.161412456019512,0,0,Montreal
C010322,2,0,0.24307335161221266,29.504338274220377,-30.408368326766542,0,0,Montreal
C012869,2,0,0.08125539855283011,29.280066894462298,-31.210376235359668,0,1,Cote-Nord
C003269,2,0,0.037947193882086575,26.612881033736535,-29.185825036775174,0,0,Montreal
C006934,2,1,0.9951419806575258,34.47145724048384,-30.235639822364853,1,0,Montreal
C005768,2,0,0.0029203090928863365,27.588643101209605,-32.23105934257728,0,1,Bas-Saint-Laurent
C013285,2,1,0.8871341176818442,30.718609653978458,-29.07769019235111,1,0,Capitale-Nationale
C001685,2,1,0.9384385115912738,31.258643101209607,-29.090552030929175,1,0,Capitale-Nationale
C002730,2,1,0.9679543282340702,31.93576206747307,-29.223422410827048,1,0,Montreal
C004933,2,0,0.001086301320354609,26.254338274220377,-31.685260536704845,0,1,Bas-Saint-Laurent
C005670,2,0,0.0311359735018321,27.388609653978456,-30.124616581736944,0,0,Capitale-Nationale
C004313,2,0,0.2866765842640942,28.407185860725765,-29.13268429265893,0,0,Montreal
C000755,2,0,0.014615952609999087,26.41576206747307,-29.767101045215398,0,0,Montreal
C007334,2,1,0.9935510573646125,33.240033447231156,-29.23094743928147,1,0,Montreal
C012353,2,1,0.9600415762953427,34.31864310120961,-31.788466468780396,1,1,Bas-Saint-Laurent
C010359,2,0,0.5929479271236503,31.128643101209605,-30.82926467355327,1,1,Gaspesie-Iles-de-la-Madeleine
C006555,2,1,0.7580513669686797,31.305762067473072,-30.396859218135972,1,0,Montreal
C000897,2,0,0.06555992648544127,28.987219307956913,-31.101829586541275,0,1,Bas-Saint-Laurent
C010267,2,0,0.19979465611232616,28.32003344723115,-29.42436395620174,0,0,Montreal
C000491,2,0,0.1036030254286537,29.65579551470422,-31.373135026628724,0,1,Bas-Saint-Laurent
C012770,2,0,0.34824706345336043,29.592881033736536,-30.091694613864945,0,0,Montreal
C009990,2,1,0.997114163581682,33.972881033736535,-29.3209865817495,1,0,Capitale-Nationale
C008778,2,0,0.10326744702394579,27.202881033736535,-28.923100501014975,0,0,Montreal
C011066,2,0,0.010387071140981816,26.535762067473073,-30.16233970468935,0,0,Montreal
C002678,2,0,0.231519521464674,28.747185860725764,-29.70203045327599,0,0,Capitale-Nationale
C012453,2,0,0.22449039573328952,30.572914480967682,-31.559543277199385,1,1,Cote-Nord
C008197,2,1,0.9955578920050463,33.93291448096768,-29.625532818125468,1,0,Montreal
C008644,2,1,0.6842514961386313,29.398609653978458,-28.78310088058351,0,0,Montreal
C010919,2,0,0.03981415487615621,28.6700668944623,-31.20324177962712,0,1,Cote-Nord
C013669,2,0,0.3672167912154437,28.985762067473072,-29.418854471613415,0,0,Capitale-Nationale
C007608,2,0,0.053919803342914775,28.085762067473073,-30.365791054176178,0,0,Capitale-Nationale
C004044,2,0,0.005239181517961857,24.632881033736535,-28.80827801072033,0,0,Montreal
C006983,2,0,0.04763882663340533,28.02003344723115,-30.403896844498053,0,1,Bas-Saint-Laurent
C010955,2,0,0.03884447270201097,27.348609653978457,-29.90221138102551,0,0,Capitale-Nationale
C007369,2,1,0.5394018104851892,31.692914480967683,-31.567219141894178,1,1,Bas-Saint-Laurent
C008273,2,0,0.0002390257168258158,24.978609653978456,-31.615122712162947,0,1,Gaspesie-Iles-de-la-Madeleine
C009061,2,0,0.21783741223603054,30.870066894462298,-31.887437102314248,1,1,Bas-Saint-Laurent
C000242,2,0,0.044698457667632745,26.042914480967685,-28.479935410831516,0,0,Montreal
C001711,2,1,0.9862567485948813,34.36149068771499,-30.960448948142187,1,1,Cote-Nord
C004564,2,0,0.49425604188033895,30.754338274220377,-30.772624831354587,1,1,Cote-Nord
C000059,2,1,0.9514730721989944,31.168609653978457,-28.800189061971242,1,0,Capitale-Nationale
C012160,2,1,0.9960650267880844,33.01718586072576,-28.612919697922457,1,0,Capitale-Nationale
C006910,2,1,0.9806281166761043,33.08718586072576,-29.963900981564088,1,0,Montreal
C003309,2,0,0.0032829202061585125,26.328643101209607,-30.877618267820544,0,1,Bas-Saint-Laurent
C000120,2,0,0.04120115637536525,29.217185860725763,-31.72195667335555,0,1,Gaspesie-Iles-de-la-Madeleine
C002402,2,0,0.2780560692708657,30.332914480967684,-31.092272742508765,1,1,Bas-Saint-Laurent
C011204,2,0,0.06611494171360639,26.715762067473072,-28.823190211603933,0,0,Montreal
C000536,2,0,0.06646129793255943,27.217185860725763,-29.32016034636211,0,0,Capitale-Nationale
C012877,2,0,0.00026266755680640834,24.16003344723115,-30.721462879650943,0,1,Bas-Saint-Laurent
C000519,2,0,0.18198369632169642,30.948643101209605,-32.14480647426427,1,1,Cote-Nord
C008868,2,1,0.9978933740176881,34.55288103373654,-29.649883283988718,1,0,Capitale-Nationale
C003279,2,0,9.549631336854717e-05,23.19860965397846,-30.565433635161025,0,1,Gaspesie-Iles-de-la-Madeleine
C000803,2,0,0.018313607513637472,27.047185860725765,-30.216039761323003,0,0,Montreal
C008751,2,1,0.778602576983284,30.908643101209606,-29.90780492154068,1,0,Montreal
C011875,2,1,0.9792384870202722,32.35149068771499,-29.284470817430766,1,0,Montreal
C005209,2,1,0.9683946824565753,33.26291448096769,-30.539200603536294,1,0,Capitale-Nationale
C009843,2,0,0.0034295329469519915,24.35860965397846,-28.872695628482738,0,0,Montreal
C000060,2,0,0.7595161386723749,31.734338274220377,-30.819066179331802,1,1,Bas-Saint-Laurent
C000802,2,0,0.15331689726263886,29.985795514704222,-31.345791954535542,0,1,Cote-Nord
C000495,2,1,0.5521374153245073,30.932914480967682,-30.766330742936997,1,1,Bas-Saint-Laurent
C009119,2,0,0.01781753424990794,26.54576206747307,-29.73687365487163,0,0,Montreal
C004619,2,1,0.15586266422914877,27.904338274220375,-29.248831551309316,0,0,Capitale-Nationale
C007270,2,0,0.24891145895357397,27.70145724048384,-28.580435884658943,0,0,Montreal
C010118,2,1,0.8411839375207211,30.84572862024192,-29.51896434635941,1,0,Capitale-Nationale
C011683,2,0,0.0004983454577844686,25.772914480967682,-31.824478318355197,0,1,Gaspesie-Iles-de-la-Madeleine
C002547,2,0,0.00010217919797904776,24.967185860725763,-32.28017156871638,0,1,Gaspesie-Iles-de-la-Madeleine
C001069,2,1,0.8668573729513827,30.067185860725765,-28.576162294110837,0,0,Montreal
C010350,2,1,0.37022548225729235,30.34152413494614,-30.76432923162299,1,1,Bas-Saint-Laurent
C006356,2,1,0.9851569774643301,32.90003344723115,-29.56114725632121,1,0,Capitale-Nationale
C006405,2,1,0.9013157228006989,31.708609653978456,-29.948203171253784,1,0,Capitale-Nationale
C000978,2,1,0.985088465944678,35.130066894462296,-31.794901124823912,1,1,Cote-Nord
C002382,2,0,0.0006933748372289621,26.030033447231148,-31.818584578201207,0,1,Cote-Nord
C013565,2,1,0.9939119554583931,33.55860965397845,-29.503401109711827,1,0,Montreal
C007004,2,1,0.9109988680862543,31.677185860725764,-29.82608008474589,1,0,Montreal
C003477,2,0,0.0013408497404669025,26.29149068771499,-31.554659872035156,0,1,Bas-Saint-Laurent
C007233,2,1,0.9891329238377783,32.47291448096769,-28.882676994175206,1,0,Montreal
C013070,2,1,0.9978535288608751,34.572881033736536,-29.684827702870198,1,0,Montreal
C002765,2,0,0.4936125639514633,32.161490687714995,-32.18182604318134,1,1,Gaspesie-Iles-de-la-Madeleine
C008047,2,0,0.020727114765457598,26.44860965397846,-29.51697719067028,0,0,Capitale-Nationale
C006254,2,0,0.24119539322236028,29.608643101209605,-30.520817957034346,0,1,Cote-Nord
C011807,2,0,0.006247635127397592,26.892914480967683,-30.927401257456268,0,1,Bas-Saint-Laurent
C010474,2,0,0.03438212319718,27.278609653978457,-29.933016933637276,0,0,Capitale-Nationale
C012569,2,1,0.12064805525221033,27.40003344723115,-28.980874027023827,0,0,Montreal
C009241,2,0,0.4558199094642141,28.851457240483843,-28.992471254413985,0,0,Montreal
C003900,2,0,0.14803598160214976,27.967185860725763,-29.360027376446265,0,0,Montreal
C009433,2,0,0.01761965067915509,26.535728620241922,-29.73588899983191,0,0,Montreal
C009257,2,1,0.998914994668579,35.641457240483845,-30.209583883845895,1,0,Capitale-Nationale
C000853,2,1,0.9989242363061398,34.08433827422038,-28.645649628662884,1,0,Montreal
C008100,2,0,0.09360459207827752,27.34145724048384,-29.14839517911594,0,0,Montreal
C012397,2,1,0.9732733922807792,32.527185860725766,-29.66603252512836,1,0,Capitale-Nationale
C002876,2,0,0.03918823129966921,28.718643101209604,-31.26494798200408,0,1,Cote-Nord
C007589,2,1,0.9983852778537613,36.12867654844075,-31.01364534589365,1,1,Gaspesie-Iles-de-la-Madeleine
C002572,2,0,0.21001782973106528,28.34576206747307,-29.400143592028975,0,0,Montreal
C012009,2,1,0.9966444162079577,35.50437172145153,-30.972878083395116,1,1,Bas-Saint-Laurent
C008476,2,1,0.980949972284187,34.0986431012096,-30.961762945160228,1,1,Bas-Saint-Laurent
C000796,2,1,0.9990932598257012,33.72149068771499,-28.14662937428227,1,0,Montreal
C003242,2,0,0.014683960014286186,27.480066894462297,-30.82765638666648,0,1,Bas-Saint-Laurent
C000295,2,0,0.21333903089484774,28.711457240483842,-29.749998446526103,0,0,Montreal
C012146,2,0,0.034471302126334626,27.86145724048384,-30.513729395290955,0,1,Bas-Saint-Laurent
C006623,2,0,0.10801233883794627,27.847185860725766,-29.527429915807723,0,0,Montreal
C007411,2,0,0.22232852202334677,29.61145724048384,-30.608003051179505,0,0,Montreal
C004817,2,0,0.35674706602908585,30.714371721451528,-31.183545231815405,1,1,Bas-Saint-Laurent
C012945,2,0,0.14204289631951184,29.711490687714992,-31.142801385139748,0,1,Gaspesie-Iles-de-la-Madeleine
C010433,2,1,0.8947518107295852,30.491457240483843,-28.788118440542224,1,0,Montreal
C009168,2,1,0.9906614699929136,35.6500668944623,-31.93795561999289,1,1,Cote-Nord
C007059,2,0,0.003502513943741914,26.34582896193537,-30.843098120910053,0,1,Gaspesie-Iles-de-la-Madeleine
C004216,2,0,0.8025591895063829,32.65433827422038,-31.53823805024324,1,1,Gaspesie-Iles-de-la-Madeleine
C002238,2,0,0.0002521168879035328,22.697185860725764,-29.291251431331656,0,0,Capitale-Nationale
C007389,2,0,0.00016161606762757035,24.538609653978458,-31.48664573572063,0,1,Gaspesie-Iles-de-la-Madeleine
C011741,2,0,0.0006071448072590245,23.780066894462298,-29.674380821139138,0,0,Montreal
C005109,2,0,0.0047121164028897915,25.192914480967683,-29.453117537582017,0,0,Capitale-Nationale
C006274,2,0,0.8031488481698151,30.441490687714992,-29.322425509336732,1,0,Montreal
C008517,2,0,0.026319944737614714,26.938609653978457,-29.81229820402332,0,0,Montreal
C008500,2,0,0.005052841243019112,27.785795514704223,-31.99016362243259,0,1,Gaspesie-Iles-de-la-Madeleine
C006728,2,0,9.467953788132832e-07,20.202914480967685,-31.24176218236695,0,1,Bas-Saint-Laurent
C001024,2,1,0.884683881499014,32.8000668944623,-31.178441502949152,1,1,Cote-Nord
C000771,2,1,0.24131357841995177,27.90149068771499,-28.813151697346022,0,0,Capitale-Nationale
C005470,2,1,0.780476123474034,30.077219307956913,-29.067704739244725,0,0,Montreal
C002814,2,0,0.19041034876023732,30.428643101209605,-31.58054093894319,1,1,Bas-Saint-Laurent
C002078,2,0,0.14353927911423733,29.11145724048384,-30.53303822704782,0,1,Gaspesie-Iles-de-la-Madeleine
C013736,2,0,0.8063867889427665,30.41003344723115,-29.274566276558314,1,0,Montreal
C000105,2,1,0.7804876580672402,30.467185860725763,-29.457617711029716,1,0,Capitale-Nationale
C007657,2,0,0.7071183722168412,31.627185860725763,-30.925683408762957,1,1,Gaspesie-Iles-de-la-Madeleine
C013905,2,0,0.361628021231658,29.695762067473073,-30.14805842313526,0,0,Montreal
C004519,2,0,0.0006510444844641736,26.302914480967683,-32.14163331745067,0,1,Gaspesie-Iles-de-la-Madeleine
C000416,2,0,0.024581174825551035,27.064338274220376,-29.99384134482707,0,0,Montreal
C011541,2,1,0.9997088104477215,35.822881033736536,-29.343516659515224,1,0,Capitale-Nationale
C001624,2,1,0.9469704001520064,33.64149068771499,-31.34746390115668,1,1,Cote-Nord
C000374,2,0,0.8574158645580903,31.527185860725766,-30.09940420266757,1,0,Montreal
C006328,2,0,0.004353848710052365,25.88003344723115,-30.203457816794668,0,0,Capitale-Nationale
C012025,2,1,0.9913053115186274,33.161490687714995,-29.392008215684253,1,0,Montreal
C001111,2,0,0.12498196273964456,28.507185860725766,-30.056006668792076,0,0,Capitale-Nationale
C010790,2,0,0.028986529383241054,27.492914480967684,-30.287615711980642,0,1,Gaspesie-Iles-de-la-Madeleine
C008802,2,1,0.13769110204377566,29.142947928198833,-30.603049797489046,0,1,Gaspesie-Iles-de-la-Madeleine
C013148,2,0,0.00019403170914442086,23.83149068771499,-30.63401768582087,0,1,Gaspesie-Iles-de-la-Madeleine
C013587,2,0,0.40274842917743264,29.29149068771499,-29.605083998071827,0,0,Montreal
C007169,2,1,0.9214397761417461,30.592914480967682,-28.63342779052659,1,0,Capitale-Nationale
C011339,2,0,0.2435346588619669,29.534338274220374,-30.43637416092323,0,0,Capitale-Nationale
C011441,2,0,0.011771317490667621,26.102914480967684,-29.62881171969355,0,0,Capitale-Nationale
C007139,2,1,0.9980176950182428,34.75576206747307,-29.804254603980567,1,0,Capitale-Nationale
C005976,2,1,0.965635817865922,31.647219307956913,-28.992381837546553,1,0,Montreal
C011068,2,0,0.6601633491234501,29.961490687714992,-29.433015976381487,0,0,Montreal
C003077,2,1,0.3766916362608309,28.601457240483843,-29.002268366177866,0,0,Montreal
C004055,2,1,0.7444386776571768,31.007219307956913,-30.15630157517369,1,1,Gaspesie-Iles-de-la-Madeleine
C011539,2,0,0.6628472578511745,31.182881033736535,-30.644866817500827,1,1,Gaspesie-Iles-de-la-Madeleine
C004447,2,1,0.9040205595104496,31.225728620241924,-29.440818826763326,1,0,Capitale-Nationale
C011703,2,1,0.9552485089197713,33.29149068771499,-30.855457657164415,1,1,Gaspesie-Iles-de-la-Madeleine
C011927,2,0,0.024438441965560612,28.792914480967685,-31.72716875830254,0,1,Cote-Nord
C002056,2,0,0.0036157759094111947,25.41576206747307,-29.88761184341022,0,0,Montreal
C009159,2,1,0.9814302001104803,33.104338274220375,-29.946748499734376,1,1,Bas-Saint-Laurent
C009719,2,0,0.5181639869961733,29.697185860725764,-29.63933578691246,0,0,Capitale-Nationale
C005845,2,0,0.055252689127670854,29.72149068771499,-31.98096314560532,0,1,Gaspesie-Iles-de-la-Madeleine
C001015,2,0,0.05530923882914364,26.668609653978457,-28.927220337320342,0,0,Montreal
C002284,2,1,0.9503443444354462,30.965762067473072,-28.616585934418005,1,0,Montreal
C002942,2,0,0.11685018130112784,27.365728620241924,-28.975455031978093,0,0,Montreal
C003365,2,1,0.9552042716255332,32.21572862024192,-29.78051878285068,1,0,Montreal
C011256,2,1,0.997019846564279,36.380033447231156,-31.753809434871712,1,1,Bas-Saint-Laurent
C005545,2,1,0.830281009324374,31.93579551470422,-30.67225787550538,1,0,Montreal
C001490,2,0,0.035183006297065125,29.297185860725765,-31.932606746947826,0,1,Cote-Nord
C010431,2,0,0.046315359198209505,27.2500668944623,-29.657458710887333,0,0,Capitale-Nationale
C011250,2,1,0.9999606049554808,37.718609653978454,-29.647040723662137,1,0,Montreal
C009623,2,0,0.13698711590959772,28.32003344723115,-29.784864347717964,0,0,Montreal
C004869,2,0,0.006699708884556668,26.055795514704222,-30.034319901578648,0,1,Cote-Nord
C007583,2,1,0.9432128231564879,32.64149068771499,-30.40511361626264,1,0,Montreal
C004803,2,0,1.0831638626919337e-05,20.555728620241922,-29.65492140210739,0,0,Montreal
C011829,2,1,0.8045066357922128,30.54003344723115,-29.414115370931526,1,0,Montreal
C010490,2,1,0.8411407351214484,31.25576206747307,-29.929255138833504,1,0,Capitale-Nationale
C008949,2,1,0.8090094443826729,30.88145724048384,-29.73255141726749,1,0,Capitale-Nationale
C013599,2,1,0.8271280342418628,29.472881033736535,-28.227021135587304,0,0,Capitale-Nationale
C000013,2,1,0.8174276421911608,33.090066894462296,-31.897046688966874,1,1,Gaspesie-Iles-de-la-Madeleine
C003852,2,1,0.3775412159739252,30.328643101209607,-30.726575744819314,1,1,Cote-Nord
C009244,2,1,0.8030319491013945,30.382914480967685,-29.264437633029285,1,0,Montreal
C001383,2,1,0.8391206638888065,30.46003344723115,-29.145496713661814,1,0,Capitale-Nationale
C004893,2,1,0.6602798658029756,29.884304826989226,-29.35541674066614,0,0,Montreal
C010983,2,1,0.9999213137450144,35.76145724048384,-28.24052439845383,1,0,Montreal
C002280,2,0,0.12534961104963546,28.890066894462297,-30.4362155389525,0,0,Montreal
C012890,2,0,0.07457129117204471,29.070066894462297,-31.074464150341463,0,1,Cote-Nord
C004131,2,1,0.9571968812747095,33.47149068771499,-30.99840886557402,1,1,Gaspesie-Iles-de-la-Madeleine
C013580,2,1,0.20115627075196585,27.89145724048384,-28.98902685539513,0,0,Capitale-Nationale
C004724,2,0,0.0008721695039521191,26.515762067473073,-32.12158805932455,0,1,Gaspesie-Iles-de-la-Madeleine
C010587,2,0,0.0008507860656501675,26.042914480967685,-31.668513429604424,0,1,Cote-Nord
C008307,2,0,0.17805560327046088,28.652881033736534,-29.87022383711532,0,0,Capitale-Nationale
C005928,2,0,0.003798988015443696,26.851490687714993,-31.283855695945725,0,1,Bas-Saint-Laurent
C006097,2,0,0.01761520173181639,28.76149068771499,-31.961855653225,0,1,Cote-Nord
C013756,2,1,0.9993431988301138,35.61433827422037,-29.782630349090198,1,0,Montreal
C002289,2,0,0.05942614535917906,26.622881033736533,-28.820876910327936,0,0,Montreal
C006585,2,0,0.0023194748945748905,27.050066894462297,-31.876289919781236,0,1,Cote-Nord
C005245,2,1,0.9969179088609859,34.34860965397845,-29.749234893168435,1,0,Montreal
C000011,2,0,0.002584472040318765,24.322881033736532,-29.062795191007535,0,0,Montreal
C012528,2,1,0.9438170959025597,33.0386431012096,-30.793242088354567,1,1,Gaspesie-Iles-de-la-Madeleine
C004750,2,0,0.07305674981168382,26.73149068771499,-28.753519870602332,0,0,Capitale-Nationale
C013085,2,0,0.02758476938258688,28.187185860725766,-31.022484365675446,0,1,Gaspesie-Iles-de-la-Madeleine
C005354,2,1,0.9876539669815574,33.00433827422038,-29.5168422536195,1,0,Montreal
C000635,2,0,0.030652944530649286,28.328643101209607,-31.07749022538999,0,1,Gaspesie-Iles-de-la-Madeleine
C010095,2,0,3.23913636874137e-05,22.945762067473073,-31.173126495179687,0,1,Gaspesie-Iles-de-la-Madeleine
C013083,2,1,0.9931821790631485,33.202914480967685,-29.238393210434353,1,0,Capitale-Nationale
C013502,2,1,0.9594301670834846,31.467185860725763,-28.949601716244164,1,0,Montreal
C006136,2,1,0.9962711246397459,33.16860965397846,-28.721363152331847,1,0,Montreal
C004128,2,1,0.9916470542536892,34.18860965397845,-30.386940059229723,1,0,Capitale-Nationale
C009660,2,0,0.4575939784208524,31.387219307956915,-31.522542948225805,1,1,Bas-Saint-Laurent
C001514,2,1,0.9653560829775046,31.932914480967682,-29.28475998793537,1,0,Montreal
C003956,2,0,0.10455860571085815,29.22003344723115,-30.92921705751779,0,1,Bas-Saint-Laurent
C003382,2,0,0.14510486147929638,30.09149068771499,-31.50298197814718,0,1,Gaspesie-Iles-de-la-Madeleine
C012234,2,0,0.005966814311346153,26.820100341693447,-30.891413878735612,0,1,Gaspesie-Iles-de-la-Madeleine
C000872,2,0,0.06293713598175585,27.844338274220377,-29.99367320721207,0,0,Montreal
C001163,2,0,0.3436217041150675,28.862881033736535,-29.377964213720904,0,0,Montreal
C003763,2,0,0.005007136528544509,26.805795514704222,-31.017431850423346,0,1,Cote-Nord
C002122,2,1,0.9770015031152199,32.84430482698923,-29.86054475225125,1,0,Montreal
C003255,2,1,0.9931487524195567,33.351457240483846,-29.390855235418513,1,0,Capitale-Nationale
C009877,2,1,0.07767316049669878,30.187185860725766,-32.156476041741634,1,1,Bas-Saint-Laurent
C001704,2,0,3.1274584472626505e-05,23.184338274220377,-31.439627501513893,0,1,Bas-Saint-Laurent
C006963,2,0,0.019000606504842886,28.18149068771499,-31.32047833367425,0,1,Gaspesie-Iles-de-la-Madeleine
C009290,2,0,0.006041038388429779,26.280033447231148,-30.34144842781641,0,0,Montreal
C013569,2,0,0.025910741890546308,28.34579551470422,-31.232289242833694,0,1,Gaspesie-Iles-de-la-Madeleine
C005469,2,0,0.17459539566617113,27.11145724048384,-28.347762063426227,0,0,Montreal
C001013,2,1,0.29329134191630407,28.767219307956914,-29.467147920180594,0,0,Montreal
C010405,2,1,0.37615166683920737,28.24003344723115,-28.64267539097328,0,0,Montreal
C011818,2,1,0.9734223712582085,32.137185860725765,-29.27146198153435,1,0,Montreal
C010808,2,0,0.0004133643570563343,25.934338274220377,-32.13476870821421,0,1,Gaspesie-Iles-de-la-Madeleine
C005279,2,1,0.5283008249384245,29.638609653978456,-29.54841825853461,0,0,Capitale-Nationale
C001098,2,0,0.1681123569139656,27.927185860725764,-29.199831985529936,0,0,Montreal
C013869,2,0,0.0140381543922386,27.698643101209605,-31.08254970432423,0,1,Cote-Nord
C012349,2,1,0.999987726977224,39.328609653978454,-30.32884770692834,1,0,Capitale-Nationale
C011528,2,0,0.013211657667586628,25.675762067473073,-29.10862834496778,0,0,Montreal
C010130,2,1,0.616403745624707,29.087185860725764,-28.709695963908487,0,0,Montreal
C012601,2,0,0.011583509300456481,26.067185860725765,-29.60603459705356,0,0,Montreal
C013351,2,1,0.7708407770591047,30.367185860725765,-29.40174521635225,1,0,Capitale-Nationale
C003608,2,1,0.645085536333594,30.562881033736534,-30.08734444787372,1,0,Capitale-Nationale
C008386,2,0,0.011009640638882523,25.93145724048384,-29.51120694937493,0,0,Capitale-Nationale
C003351,2,0,0.019656613805891184,28.324338274220377,-31.43577938286842,0,1,Cote-Nord
C007088,2,0,0.5280321826998158,31.244338274220375,-31.155004817498902,1,1,Cote-Nord
C011215,2,1,0.9102746962535623,32.07149068771499,-30.22746732709627,1,0,Montreal
C005437,2,1,0.978087049996157,31.917185860725763,-28.894060865428575,1,0,Montreal
C006086,2,0,0.2784726001398427,28.734338274220377,-29.49204589286844,0,0,Montreal
C013858,2,1,0.596808083309642,28.995762067473073,-28.68363583809097,0,0,Capitale-Nationale
C005369,2,0,0.01209584362888886,28.65579551470422,-32.159786868321966,0,1,Bas-Saint-Laurent
C005959,2,1,0.9277336053185025,32.588643101209605,-30.55727869338666,1,1,Bas-Saint-Laurent
C004238,2,0,0.12913104379194346,28.092914480967682,-29.611960803303997,0,0,Montreal
C002351,2,0,0.00010530943205646903,21.784304826989228,-29.07327279723433,0,0,Montreal
C010496,2,1,0.8130303632643804,31.124304826989228,-29.954518894117044,1,0,Capitale-Nationale
C003513,2,0,0.0030306463378119053,25.507185860725766,-30.119998074242666,0,0,Montreal
C008282,2,0,0.029882209082496003,27.984338274220377,-30.754085101101328,0,1,Bas-Saint-Laurent
C001472,2,0,0.0008176850097343007,23.904338274220375,-29.56154646927547,0,0,Capitale-Nationale
C007716,2,1,0.9731594143830173,31.777185860725766,-28.919512567636993,1,0,Capitale-Nationale
C011198,2,0,0.04156420469905263,26.671457240483843,-29.16894447467163,0,0,Montreal
C002505,2,0,0.0029234515454700867,26.894338274220377,-31.535896058183248,0,1,Cote-Nord
C010396,2,0,0.004436792353637903,27.422914480967684,-31.731253338851282,0,1,Cote-Nord
C008697,2,0,0.052755792985905534,29.36291448096768,-31.66129129438843,0,1,Gaspesie-Iles-de-la-Madeleine
C012664,2,0,0.14403922894024965,26.937185860725766,-28.355534922257597,0,0,Montreal
C002278,2,0,0.14640921285540137,28.10860965397846,-29.51176360018943,0,0,Capitale-Nationale
C000587,2,0,0.30071999660271387,30.548676548440756,-31.22028782999617,1,1,Gaspesie-Iles-de-la-Madeleine
C003902,2,0,0.011717261135770223,26.27576206747307,-29.805366053894197,0,0,Montreal
C007279,2,0,0.13463279284931684,27.637185860725765,-29.117982029265534,0,0,Montreal
C010848,2,0,0.5159718204727183,31.917219307956913,-31.86635609630974,1,1,Cote-Nord
C003709,2,0,0.18688142121249832,30.367219307956912,-31.53746718305431,1,1,Gaspesie-Iles-de-la-Madeleine
C008269,2,0,0.06568466782666388,27.425762067473073,-29.538753229099992,0,0,Montreal
C007800,2,1,0.9938293117505587,33.97145724048384,-29.927045929299418,1,0,Montreal
C005189,2,1,0.8727766510084419,32.12718586072576,-30.594552697163504,1,0,Montreal
C005151,2,1,0.8737831186882064,32.89010034169345,-31.350228747737006,1,1,Bas-Saint-Laurent
C011573,2,1,0.09317669666491434,27.718609653978458,-29.529569724780167,0,0,Montreal
C001404,2,1,0.7130545237322194,31.690066894462298,-30.965614672920818,1,1,Cote-Nord
C012076,2,1,0.7717604288710953,29.887185860725765,-28.917595897696174,0,0,Montreal
C008646,2,1,0.9999285747182336,38.894338274220374,-31.296346325872985,1,1,Bas-Saint-Laurent
C012238,2,0,0.013669598001775137,27.618609653978456,-31.023987551031187,0,1,Gaspesie-Iles-de-la-Madeleine
C008616,2,1,0.9965795810529327,35.26149068771499,-30.745279593817024,1,1,Gaspesie-Iles-de-la-Madeleine
C011049,2,0,0.011828803169050769,25.878609653978458,-29.400583398241945,0,0,Montreal
C007571,2,0,0.0777730428719752,28.670033447231148,-30.638214660161363,0,0,Montreal
C010415,2,0,0.08686408409550446,27.61003344723115,-29.482347161797918,0,0,Montreal
C009258,2,0,0.010045469311251786,25.872914480967683,-29.52638077732207,0,0,Montreal
C010420,2,1,0.7715127642553069,30.712881033736533,-29.744409648666657,1,0,Montreal
C007249,2,0,0.003809853549418126,27.197219307956914,-31.62730260959225,0,1,Gaspesie-Iles-de-la-Madeleine
C001690,2,0,0.0003496936647385278,23.367185860725765,-29.70079350377896,0,1,Bas-Saint-Laurent
C004831,2,0,0.032542008674590346,28.350033447231148,-31.049732633582085,0,1,Gaspesie-Iles-de-la-Madeleine
C011212,2,0,0.15130364411726835,27.298609653978456,-28.67101630727029,0,0,Capitale-Nationale
C006668,2,0,0.032847527192727974,26.458609653978456,-29.15062036216672,0,0,Montreal
C005100,2,0,0.047824062106925774,28.710066894462297,-31.090686878799133,0,1,Cote-Nord
C013356,2,0,0.002598325418304328,26.538643101209605,-31.27429155218205,0,1,Bas-Saint-Laurent
C009599,2,1,0.9180313496026459,33.424338274220375,-31.50160260874591,1,1,Bas-Saint-Laurent
C005556,2,1,0.7380420145496807,31.892914480967683,-31.068540147709907,1,1,Cote-Nord
C009272,2,0,0.12094404208216258,28.312914480967684,-29.891537008347125,0,0,Montreal
C011162,2,0,0.2958839290085521,30.638643101209606,-31.32864239408591,1,1,Gaspesie-Iles-de-la-Madeleine
C011690,2,1,0.9942848442214085,33.748609653978455,-29.642799373451876,1,0,Capitale-Nationale
C011451,2,0,0.0007574479058579819,26.280033447231148,-31.998191446187043,0,1,Bas-Saint-Laurent
C006335,2,0,0.34113740314459123,28.72145724048384,-29.245321827242222,0,0,Capitale-Nationale
C013816,2,0,0.1379808470305782,27.50576206747307,-28.963923474616067,0,0,Capitale-Nationale
C006337,2,1,0.9630980369382793,31.424304826989225,-28.82826734917189,1,0,Montreal
C012837,2,1,0.5954300344750256,29.26149068771499,-28.953919791605465,0,0,Capitale-Nationale
C008225,2,1,0.9813746049797971,32.29003344723115,-29.134867907638565,1,0,Capitale-Nationale
C010809,2,0,0.3021409268509563,29.211457240483842,-29.87769797940214,0,0,Capitale-Nationale
C000282,2,0,0.9465372172304247,32.38145724048384,-30.094269406157075,1,0,Montreal
C006607,2,0,0.3084083581670364,28.761457240483843,-29.40417789999513,0,0,Montreal
C003665,2,0,0.01003546304402152,27.76149068771499,-31.4157581867577,0,1,Cote-Nord
C001691,2,0,0.2369722164798943,28.38145724048384,-29.31210787346632,0,0,Montreal
C010390,2,0,0.15360960971520898,29.142914480967683,-30.501117704490493,0,1,Gaspesie-Iles-de-la-Madeleine
C007166,2,0,0.006645316231650758,26.4700668944623,-30.455122622385833,0,1,Gaspesie-Iles-de-la-Madeleine
C012625,2,1,0.9954206508713141,33.38718586072576,-29.1041304923423,1,0,Montreal
C009539,2,1,0.997534497959657,34.47860965397845,-29.701094614942907,1,0,Montreal
C005665,2,0,0.046604256811469735,27.477185860725765,-29.879387640085294,0,0,Montreal
C006283,2,1,0.42590820501692556,29.420033447231148,-29.657652441914585,0,0,Montreal
C003954,2,0,0.03242891193396788,25.822881033736532,-28.52544403913583,0,0,Montreal
C010598,2,0,0.04960905351871041,27.288609653978458,-29.638572090295092,0,0,Capitale-Nationale
C005747,2,1,0.9998694050289834,36.52576206747307,-29.408083417185665,1,0,Montreal
C004588,2,0,0.10010331427889019,28.410066894462297,-30.157856619244487,0,1,Bas-Saint-Laurent
C004819,2,0,0.005045465485074011,27.467185860725763,-31.67272246687442,0,1,Bas-Saint-Laurent
C003809,2,0,0.2851932297426229,30.407185860725765,-31.138466348805025,1,1,Gaspesie-Iles-de-la-Madeleine
C010619,2,1,0.8103495921280216,31.051457240483842,-29.895629967756612,1,0,Montreal
C013363,2,1,0.9888245449831987,33.53003344723115,-29.96231426968407,1,0,Capitale-Nationale
C011572,2,1,0.5424425287423008,30.404304826989225,-30.26886412427864,1,0,Montreal
C013788,2,0,0.031230728699116115,29.875762067473072,-32.60927278837906,0,1,Cote-Nord
C012145,2,0,0.008166912915023543,26.235762067473072,-30.055506532780782,0,0,Capitale-Nationale
C010511,2,0,0.023237197894152177,27.368643101209607,-30.343990967176083,0,0,Capitale-Nationale
C001542,2,0,0.011814082158822724,27.677185860725764,-31.200162541286346,0,1,Cote-Nord
C007001,2,1,0.9557109856541905,32.07718586072576,-29.632500041443503,1,0,Capitale-Nationale
C011176,2,0,0.4040774641452779,28.954338274220376,-29.263536627444946,0,0,Montreal
C001962,2,0,0.11240189266720858,27.59145724048384,-29.236071396422613,0,0,Montreal
C005392,2,0,0.5494977170778129,29.085762067473073,-28.927669476941087,0,0,Capitale-Nationale
C013353,2,0,0.4126911293293265,29.225728620241924,-29.506552128092338,0,0,Montreal
C004484,2,1,0.9995775268855122,34.94288103373654,-28.759804919868873,1,0,Montreal
C001122,2,0,0.13716567793681436,27.028609653978457,-28.492239132085455,0,0,Montreal
C012267,2,1,0.8340997255361773,31.00003344723115,-29.714731988082534,1,0,Capitale-Nationale
C010125,2,1,0.6769079497587849,29.678609653978455,-29.089986515996866,0,0,Montreal
C005038,2,0,0.016452304873886145,26.27145724048384,-29.5271189699197,0,0,Capitale-Nationale
C007735,2,0,0.2233973814696135,28.52003344723115,-29.511667608565055,0,0,Montreal
C010376,2,0,0.00275594562513851,26.257219307956913,-30.94587050186735,0,1,Gaspesie-Iles-de-la-Madeleine
C012228,2,0,0.0073333439410599175,27.227219307956915,-31.133315121190172,0,1,Gaspesie-Iles-de-la-Madeleine
C005480,2,0,0.058531436558903006,27.47576206747307,-29.686588215859327,0,0,Capitale-Nationale
C001420,2,1,0.9492049367702045,30.660066894462297,-28.32990131628748,1,0,Montreal
C012338,2,1,0.7194254862226841,31.007185860725766,-30.257784775445277,1,0,Montreal
C003646,2,1,0.2856056343669944,30.40149068771499,-31.131161832452765,1,1,Bas-Saint-Laurent
C005751,2,0,0.0006624894014993684,23.301457240483842,-29.126297681585836,0,0,Capitale-Nationale
C011508,2,0,0.003028474961361105,25.274304826989226,-29.88768919695132,0,0,Capitale-Nationale
C009191,2,1,0.9166326392618419,32.5200668944623,-30.6120108512754,1,1,Cote-Nord
C000331,2,0,0.05454913246816885,29.782947928198833,-32.05321207425889,0,1,Gaspesie-Iles-de-la-Madeleine
C008727,2,0,6.263186942467794e-05,23.544371721451526,-31.246930065325962,0,1,Bas-Saint-Laurent
C008774,2,0,0.40448157291621323,31.43149068771499,-31.739353627881982,1,1,Cote-Nord
C004778,2,1,0.9614476647672089,31.572914480967682,-29.013062781320208,1,0,Montreal
C007165,2,0,0.008144522777466322,28.051490687714992,-31.873438043628195,0,1,Gaspesie-Iles-de-la-Madeleine
C005282,2,1,0.6815640334801986,29.918609653978457,-29.312978182266722,0,0,Capitale-Nationale
C003263,2,1,0.9626467740248901,33.17721930795691,-30.591228238414168,1,1,Gaspesie-Iles-de-la-Madeleine
C006624,2,0,0.04452632613111236,26.535762067473073,-28.975997156898977,0,0,Montreal
C001854,2,0,0.0008753998960903149,24.938643101209607,-30.5415241796225,0,0,Capitale-Nationale
C010180,2,0,0.07828763423182526,28.044338274220376,-30.006826693975928,0,0,Montreal
C005454,2,1,0.6303723875973823,31.997219307956914,-31.572372747718777,1,1,Gaspesie-Iles-de-la-Madeleine
C012249,2,1,0.9997306549524779,35.130033447231156,-28.588588883257913,1,0,Capitale-Nationale
C001484,2,0,0.03464329062695397,26.568609653978456,-29.21677905364177,0,0,Capitale-Nationale
C005975,2,0,0.061249832411489916,28.757185860725766,-30.92958052816008,0,1,Bas-Saint-Laurent
C011033,2,0,0.5250927091122786,27.74149068771499,-27.661541486622667,0,0,Montreal
C001020,2,1,0.39260812044746035,30.671457240483843,-31.018744399616935,1,1,Gaspesie-Iles-de-la-Madeleine
C004057,2,0,0.00012028567024827666,24.258609653978457,-31.441741780679756,0,1,Cote-Nord
C000337,2,1,0.8976486191014666,30.684338274220377,-28.9562146892293,1,0,Capitale-Nationale
C000616,2,0,0.022144826376662447,28.708609653978456,-31.723168544148336,0,1,Cote-Nord
C002640,2,0,0.2514263257547267,28.72145724048384,-29.589765927938636,0,0,Capitale-Nationale
C002035,2,0,0.00027555523175298917,23.30003344723115,-29.823331373295648,0,0,Capitale-Nationale
C011409,2,0,0.12195823923690752,28.647185860725763,-30.218243566709543,0,0,Montreal
C001570,2,1,0.8067215355905675,30.564338274220376,-29.427163586752915,1,0,Montreal
C012636,2,1,0.9993743756753463,35.285762067473065,-29.41532519484499,1,0,Montreal
C008042,2,1,0.8600392736194334,32.01149068771499,-30.566498052015135,1,1,Bas-Saint-Laurent
C004942,2,1,0.6816263622075319,32.03149068771499,-31.42563064364219,1,1,Cote-Nord
C000012,2,0,0.019996423721338176,29.460066894462297,-32.5575912270353,0,1,Gaspesie-Iles-de-la-Madeleine
C012660,2,0,0.05727452561468563,26.968609653978458,-29.19777437839884,0,0,Montreal
C013399,2,0,0.08975808169493453,29.925762067473073,-31.769466079908465,0,1,Gaspesie-Iles-de-la-Madeleine
C008072,2,1,0.6264644320766805,31.280066894462298,-30.868539933052038,1,1,Gaspesie-Iles-de-la-Madeleine
C012737,2,1,0.8303669570379506,32.43860965397845,-31.174586493937216,1,1,Cote-Nord
C007697,2,0,0.06901577188337864,28.54145724048384,-30.612234568142398,0,1,Gaspesie-Iles-de-la-Madeleine
C007157,2,1,0.5320286297117915,30.508609653978457,-30.406507474623005,1,0,Montreal
C009248,2,0,0.09322859863234483,27.81003344723115,-29.620504767861107,0,0,Montreal
C007063,2,0,0.23815745728751733,28.547185860725765,-29.47262857961269,0,0,Montreal
C007394,2,1,0.999960871202639,37.79291448096768,-29.715948285702325,1,0,Montreal
C003031,2,0,0.5329830824645582,31.114371721451526,-31.009218167041496,1,1,Bas-Saint-Laurent
C008736,2,1,0.9625231978613424,31.057185860725763,-28.473925602395557,1,0,Montreal
C001313,2,1,0.5459390613456266,29.194304826989228,-29.047645316047998,0,0,Montreal
C008146,2,0,0.00028905211936538307,24.154338274220375,-30.639567852653407,0,1,Bas-Saint-Laurent
C008569,2,1,0.9944147953449459,34.27576206747307,-30.15154240698423,1,0,Capitale-Nationale
C011102,2,0,0.004421740576222834,25.052881033736533,-29.363936492637812,0,0,Montreal
C003801,2,0,0.1948363535482269,29.92149068771499,-31.050737702601992,0,0,Montreal
C000885,2,0,0.0009862354157659698,25.892914480967683,-31.40082831887213,0,1,Cote-Nord
C000075,2,1,0.9785394543896447,31.725728620241924,-28.685632468290194,1,0,Montreal
C005755,2,1,0.9753053050660887,32.43430482698923,-29.508561385184734,1,0,Montreal
C011847,2,0,0.039117446574123776,26.570066894462297,-29.117869264399115,0,0,Capitale-Nationale
C006560,2,1,0.9931882062251096,33.52145724048385,-29.556227256531944,1,0,Montreal
C006534,2,0,0.017710798753380403,27.1700668944623,-30.366046936571877,0,1,Gaspesie-Iles-de-la-Madeleine
C012565,2,1,0.9782618905116839,32.812914480967684,-29.78327162882074,1,0,Montreal
C002283,2,0,0.0017847184920658473,27.22440516868268,-32.25963611147073,0,1,Cote-Nord
C006205,2,0,0.0666437289867268,29.442947928198834,-31.543585265624074,0,1,Cote-Nord
C008672,2,0,0.9140851040308677,31.478609653978456,-29.59672453029843,1,0,Capitale-Nationale
C009206,2,1,0.6299934455173063,30.568609653978456,-30.14505717293087,1,0,Capitale-Nationale
C001890,2,0,0.5717057640648325,31.71003344723115,-31.48017531270264,1,1,Bas-Saint-Laurent
C006093,2,1,0.998661048785528,34.460033447231154,-29.19573507046193,1,0,Capitale-Nationale
C003557,2,0,0.27318348290819283,28.337185860725764,-29.115967860420085,0,0,Montreal
C003090,2,0,0.010549029544380233,25.848609653978457,-29.462743347968974,0,0,Montreal
C007257,2,0,0.7528660555791874,29.9900668944623,-29.103503172662684,0,0,Montreal
C000324,2,0,0.25848086122498765,28.235762067473072,-29.074511940018414,0,0,Capitale-Nationale
C000988,2,1,0.886746171662586,31.464338274220374,-29.826497818527805,1,0,Montreal
C006108,2,1,0.6778700964057601,30.902914480967684,-30.310787329230017,1,1,Cote-Nord
C002116,2,0,0.5896601801775166,29.61003344723115,-29.321482580194747,0,0,Montreal
C012719,2,0,0.01596792912817953,28.848643101209607,-32.12847987423332,0,1,Cote-Nord
C006424,2,0,4.3677352779371845e-05,23.662914480967682,-31.65235452831092,0,1,Bas-Saint-Laurent
C012332,2,1,0.9787215102845226,32.32291448096768,-29.275889889294913,1,0,Montreal
C007801,2,0,0.008337255751015318,25.551457240483842,-29.354635776650465,0,0,Montreal
C005294,2,1,0.9993082124211373,34.4100668944623,-28.619690525143614,1,0,Montreal
C000472,2,0,0.03358475044950132,27.967185860725763,-30.64092485398134,0,1,Cote-Nord
C005467,2,0,0.6648250722639945,32.43721930795691,-31.892151405051408,1,1,Cote-Nord
C001735,2,0,0.0019227146580168043,26.930100341693446,-31.905947018932284,0,1,Gaspesie-Iles-de-la-Madeleine
C007075,2,0,0.9104913358086437,30.695762067473073,-28.849625387832138,1,0,Montreal
C009938,2,0,0.2984558337028195,29.32145724048384,-30.00165614354087,0,0,Montreal
C008900,2,0,0.007946044299746801,26.727219307956915,-30.56896112371554,0,1,Bas-Saint-Laurent
C000170,2,1,0.9999824248734328,38.117219307956915,-29.403243059189606,1,0,Montreal
C003936,2,0,0.3788690813546632,30.932981375429982,-31.32642013962233,1,1,Cote-Nord
C008029,2,0,0.22815761175896107,28.244338274220375,-29.214298595201853,0,0,Montreal
C008848,2,0,0.5158399403943598,28.944338274220375,-28.89389532493701,0,0,Capitale-Nationale
C010242,2,0,0.015254997977517804,26.440033447231148,-29.75679801085723,0,0,Montreal
C011689,2,0,0.484871983141397,29.508609653978457,-29.556784035817245,0,0,Capitale-Nationale
C009125,2,0,0.3771469886501451,31.412914480967682,-31.812182497803306,1,1,Gaspesie-Iles-de-la-Madeleine
C003529,2,1,0.01204813744606096,26.628609653978458,-30.135784564571996,0,1,Bas-Saint-Laurent
C005111,2,0,0.25073040815104797,28.260033447231148,-29.131287600270515,0,0,Montreal
C004344,2,1,0.6863295760862955,32.154371721451525,-31.53119427035649,1,1,Cote-Nord
C010309,2,0,0.00015092106081175753,23.84145724048384,-30.843992315609672,0,1,Gaspesie-Iles-de-la-Madeleine
C002851,2,0,0.050519909277325435,29.23149068771499,-31.56620983350099,0,1,Gaspesie-Iles-de-la-Madeleine
C008865,2,1,0.579983876478891,30.732881033736533,-30.47604837605219,1,0,Montreal
C002735,2,0,0.009156753526496359,27.334338274220375,-31.0622400899987,0,1,Gaspesie-Iles-de-la-Madeleine
C008502,2,1,0.5159782662704177,31.76149068771499,-31.71060693505728,1,1,Gaspesie-Iles-de-la-Madeleine
C000903,2,1,0.9331285149915735,30.952881033736535,-28.855153184694593,1,0,Capitale-Nationale
C010610,2,0,4.8012596014947113e-05,22.027152413494616,-29.941273007723776,0,0,Montreal
C008120,2,0,0.007001756080351298,25.25003344723115,-29.193220421867018,0,0,Montreal
C009998,2,0,0.10140346843160544,28.254338274220377,-29.99070701882586,0,1,Gaspesie-Iles-de-la-Madeleine
C011395,2,0,0.0012955130796454774,24.925762067473073,-30.216342672722163,0,1,Bas-Saint-Laurent
C005290,2,0,0.2198534302283912,28.478609653978456,-29.486594219641233,0,0,Capitale-Nationale
C010013,2,0,0.8014543831417225,32.0400668944623,-30.92950399941068,1,1,Cote-Nord
C004863,2,1,0.4138686038703733,28.437185860725766,-28.714144647963533,0,0,Capitale-Nationale
C007650,2,0,0.18955486793818307,30.57149068771499,-31.727812822474913,1,1,Gaspesie-Iles-de-la-Madeleine
C011716,2,0,0.008035927701366094,28.194338274220375,-32.02705587071144,0,1,Bas-Saint-Laurent
C005572,2,1,0.265088810186565,28.034338274220374,-28.845873757008853,0,0,Montreal
C010921,2,1,0.9997873368247461,35.77718586072576,-29.047645316047998,1,0,Montreal
C004280,2,0,0.06880599459405864,28.735795514704222,-30.809174926290222,0,1,Cote-Nord
C001659,2,1,0.15521280145196129,27.83149068771499,-29.179921711456817,0,0,Montreal
C010375,2,0,0.00939127690630907,27.84576206747307,-31.55334829965619,0,1,Bas-Saint-Laurent
C012958,2,0,0.07272568473328514,29.682914480967682,-31.708842632584783,0,1,Gaspesie-Iles-de-la-Madeleine
C011454,2,1,0.45980875840770646,28.32145724048384,-28.44968173740975,0,0,Capitale-Nationale
C002388,2,1,0.9692203737508502,33.97576206747307,-31.230301329744634,1,1,Cote-Nord
C007087,2,1,0.9618550439314465,32.13294792819883,-29.56430445188098,1,0,Montreal
C002970,2,1,0.9975833439873792,34.65291448096768,-29.859434589929474,1,0,Capitale-Nationale
C009836,2,0,0.00023465932299941816,22.84576206747307,-29.496951540739804,0,0,Montreal
C007532,2,0,0.4583552217335182,29.04145724048384,-29.174340238464374,0,0,Montreal
C010099,2,0,0.020868884444674926,26.86576206747307,-29.928589311193765,0,0,Montreal
C011056,2,0,0.00020869189247873623,24.307219307956913,-31.05176563123368,0,0,Montreal
C005877,2,1,0.7525821388705946,31.991457240483843,-31.106107508262347,1,1,Gaspesie-Iles-de-la-Madeleine
C001284,2,0,0.3883536677987544,30.780066894462298,-31.141580665167965,1,1,Bas-Saint-Laurent
C011106,2,1,0.9485393445581916,31.3600668944623,-29.040820504006422,1,0,Montreal
C009889,2,0,0.1267381613559792,28.078609653978457,-29.614726110883556,0,0,Montreal
C013548,2,0,0.5682651480575498,31.31152413494614,-31.092838047560683,1,1,Bas-Saint-Laurent
C006731,2,0,0.32272422177297055,30.178643101209605,-30.76860517690983,1,1,Cote-Nord
C000805,2,0,0.007896594883373414,27.27145724048384,-31.118207012215382,0,1,Gaspesie-Iles-de-la-Madeleine
C007837,2,1,0.5646694864605359,32.75437172145153,-32.5473383118608,1,1,Gaspesie-Iles-de-la-Madeleine
C012604,2,0,0.8637793995970516,32.3500668944623,-30.880063613676374,1,1,Gaspesie-Iles-de-la-Madeleine
C013742,2,0,0.01037212915884344,28.260066894462298,-31.887802243877374,0,1,Bas-Saint-Laurent
C012159,2,0,0.02128075182625706,26.40003344723115,-29.44697159528514,0,0,Capitale-Nationale
C004939,2,0,0.03998477493211681,26.777219307956912,-29.306849419399523,0,0,Capitale-Nationale
C004605,2,1,0.9970872450133447,33.9800668944623,-29.335583242927022,1,0,Capitale-Nationale
C011789,2,0,0.003092073170013249,25.712881033736533,-30.309674393594907,0,0,Montreal
C001066,2,1,0.9734374689289826,32.041457240483844,-29.175268788260418,1,0,Montreal
C009254,2,0,0.06365864421936891,28.594338274220377,-30.733988275728414,0,1,Bas-Saint-Laurent
C007031,2,1,0.9282284937287715,31.134338274220376,-29.09708048484486,1,0,Montreal
C000877,2,1,0.8166337846315801,29.034338274220374,-27.845544444957962,0,0,Capitale-Nationale
C000808,2,0,0.0003534515088289439,23.54576206747307,-29.87085985504719,0,0,Capitale-Nationale
C005873,2,0,0.6141194428028337,29.600033447231148,-29.230223721431226,0,0,Capitale-Nationale
C008850,2,0,0.0016595740409406994,24.175762067473073,-29.268952239748735,0,0,Capitale-Nationale
C004926,2,1,0.9908542695310298,34.24721930795691,-30.518349980309196,1,0,Montreal
C012235,2,1,0.9908020619843686,32.91860965397846,-29.194312487084126,1,0,Montreal
C010054,2,1,0.7768627611754785,30.617185860725765,-29.624357831004996,1,0,Montreal
C012481,2,0,0.008100917092214915,26.995762067473073,-30.822016933577313,0,1,Bas-Saint-Laurent
C011096,2,1,0.9771522828679603,32.710033447231154,-29.72091560432801,1,0,Montreal
C004034,2,0,0.015458741965023889,27.97579551470422,-31.281836219278105,0,1,Cote-Nord
C006486,2,1,0.4545486572937793,31.572914480967682,-31.71800827401187,1,1,Gaspesie-Iles-de-la-Madeleine
C000246,2,0,0.004182264657677508,27.527219307956912,-31.88278058925796,0,1,Cote-Nord
C005300,2,0,0.15635693910950796,28.14003344723115,-29.481540693277555,0,0,Montreal
C006326,2,1,0.9663850246997824,34.14864310120961,-31.475644925551507,1,1,Gaspesie-Iles-de-la-Madeleine
C006267,2,0,0.010684774513807128,26.332914480967684,-29.936763066252645,0,0,Montreal
C001759,2,1,0.9565554163856698,32.422914480967684,-29.962204914055544,1,0,Montreal
C004243,2,0,0.005059367167489354,26.844338274220377,-31.047673931826026,0,1,Gaspesie-Iles-de-la-Madeleine
C002353,2,1,0.9298889626760061,31.25145724048384,-29.194147869425073,1,0,Montreal
C006127,2,0,0.003364650962893268,26.797185860725765,-31.326524629472253,0,1,Cote-Nord
C010092,2,0,0.011039725531238033,27.752947928198832,-31.330501604671575,0,1,Bas-Saint-Laurent
C011059,2,0,0.14030894535741684,27.90003344723115,-29.342726136348524,0,0,Capitale-Nationale
C000268,2,0,0.33542837144639404,29.194338274220375,-29.738501147433983,0,0,Montreal
C013723,2,1,0.991237459926872,33.9300668944623,-30.166825591124294,1,0,Montreal
C001057,2,0,0.02449281088514944,27.79576206747307,-30.728203362584992,0,0,Montreal
C001839,2,0,0.13556353593322024,29.617185860725765,-31.09164250560204,0,1,Bas-Saint-Laurent
C005550,2,0,0.08588311274465141,29.350033447231148,-31.23224072024156,0,1,Gaspesie-Iles-de-la-Madeleine
C006030,2,1,0.9738208619554063,31.628609653978458,-28.750536841900857,1,0,Montreal
C011663,2,1,0.5159916321465161,30.06576206747307,-30.014835721336233,0,0,Montreal
C012350,2,0,0.004663092019773817,26.468643101209604,-30.73720887316417,0,1,Gaspesie-Iles-de-la-Madeleine
C000382,2,0,0.016367053149061908,25.908609653978456,-29.168475080252207,0,0,Montreal
C001987,2,1,0.9999585058496132,36.41003344723114,-28.379781679406648,1,0,Montreal
C011504,2,0,0.028651697306836116,26.581457240483843,-29.385679692461665,0,0,Montreal
C008331,2,0,0.16648965934134988,29.58149068771499,-30.86340714761589,0,1,Bas-Saint-Laurent
C004219,2,1,0.9960801241808254,33.38145724048385,-28.974119615013013,1,0,Montreal
C002674,2,0,0.00016585854380120064,24.370033447231148,-31.29744382559762,0,1,Bas-Saint-Laurent
C002695,2,0,0.806092361139984,29.9000668944623,-28.766099723865388,0,0,Capitale-Nationale
C005689,2,1,0.29756040910976717,30.234338274220377,-30.91794369507872,1,1,Cote-Nord
C000983,2,1,0.9722469843106004,31.89145724048384,-29.061135905471772,1,0,Capitale-Nationale
C011368,2,0,0.16037156924448195,30.048709995671903,-31.366244069789524,0,1,Bas-Saint-Laurent
C007781,2,1,0.5138719965073706,29.04003344723115,-28.995860943697014,0,0,Capitale-Nationale
C008051,2,1,0.9634213977653258,32.27572862024192,-29.672419277540975,1,0,Montreal
C005861,2,0,0.033325069639080156,29.727185860725765,-32.40731633590915,0,1,Gaspesie-Iles-de-la-Madeleine
C006243,2,0,0.3106365119601231,29.437185860725766,-30.07160903563635,0,0,Montreal
C009646,2,0,0.028245369581425327,28.465762067473072,-31.281684887439322,0,1,Gaspesie-Iles-de-la-Madeleine
C000905,2,1,0.6479742790063407,31.26149068771499,-30.775893801025983,1,1,Bas-Saint-Laurent
C004650,2,1,0.9750820786797468,32.30003344723115,-29.381634077914015,1,0,Montreal
C012419,2,1,0.7363573997551989,30.301490687714992,-29.4840367727061,1,0,Capitale-Nationale
C008561,2,0,0.19024313801045645,30.467219307956913,-31.619980712994494,1,1,Cote-Nord
C009362,2,0,0.060610781501807175,28.604338274220375,-30.785621873811362,0,0,Montreal
C011883,2,0,0.3306594979243297,29.035762067473073,-29.59701187696612,0,0,Montreal
C006073,2,0,0.6753549184948747,30.138609653978456,-29.555630977076536,1,0,Capitale-Nationale
C009175,2,1,0.9800069415053799,31.86003344723115,-28.762372432532878,1,0,Capitale-Nationale
C012364,2,1,0.5253698013938217,30.60579551470422,-30.524961944954494,1,1,Gaspesie-Iles-de-la-Madeleine
C002377,2,0,0.037407059535375584,28.447185860725764,-31.031986239495197,0,1,Bas-Saint-Laurent
C004888,2,1,0.6468660714891431,30.412881033736536,-29.931147988160028,1,0,Montreal
C006476,2,0,0.04162438630006649,26.991457240483843,-29.48774297894076,0,0,Montreal
C013779,2,0,0.10975331194257648,30.042914480967685,-31.708877894711154,0,1,Gaspesie-Iles-de-la-Madeleine
C003456,2,0,0.029295233876053765,26.252881033736536,-29.03889806952771,0,0,Capitale-Nationale
C009351,2,1,0.9990154718562779,34.39149068771499,-28.8821965670879,1,0,Capitale-Nationale
C002559,2,1,0.9491397457877199,31.100033447231148,-28.770943303615066,1,0,Montreal
C012919,2,0,0.03710183467531309,26.922881033736534,-29.514454305026543,0,0,Montreal
C006697,2,1,0.973529874957298,31.678609653978455,-28.80957215050004,1,0,Capitale-Nationale
C010917,2,0,0.048600193929098215,27.197185860725764,-29.564344466548235,0,0,Montreal
C007989,2,1,0.750001102204842,30.504304826989227,-29.62994869223426,1,0,Capitale-Nationale
C010038,2,0,0.01043086745499607,26.187185860725766,-29.810379607433717,0,0,Capitale-Nationale
C006608,2,0,0.028077445787592317,27.63149068771499,-30.452296730848357,0,0,Montreal
C011862,2,0,0.021166069731574148,27.002881033736536,-30.054212973683235,0,0,Capitale-Nationale
C004277,2,0,0.002839166928699704,25.588609653978455,-30.253517285799248,0,0,Montreal
C003875,2,0,0.0002473604127473105,25.097219307956912,-31.70644709376934,0,1,Gaspesie-Iles-de-la-Madeleine
C011553,2,0,0.6068535134573512,31.048609653978456,-30.703118824046804,1,1,Gaspesie-Iles-de-la-Madeleine
C000576,2,1,0.9623585468106272,31.742914480967684,-29.163279299389142,1,0,Montreal
C010551,2,0,0.24386090991404952,29.600066894462298,-30.50069399005237,0,1,Cote-Nord
C002026,2,1,0.5373543860240572,29.947185860725764,-29.82804708569752,0,0,Capitale-Nationale
C007987,2,0,0.02876063425425323,27.54576206747307,-30.346875012926052,0,1,Bas-Saint-Laurent
C003386,2,0,2.2226488274285455e-05,22.464338274220374,-30.991440698690894,0,1,Gaspesie-Iles-de-la-Madeleine
C002200,2,1,0.7016271768253113,31.808609653978458,-31.128095196418947,1,1,Bas-Saint-Laurent
C003606,2,1,0.5105166013478819,29.437185860725766,-29.403701574662154,0,0,Capitale-Nationale
C002196,2,1,0.5417377815273533,29.584338274220375,-29.45115712968348,0,0,Montreal
C003460,2,0,0.03984283654176874,27.555762067473072,-30.088340050334626,0,0,Montreal
C006823,2,1,0.9935339761546705,34.26433827422038,-30.25737116754895,1,0,Capitale-Nationale
C002908,2,0,0.059201670644699285,27.488609653978457,-29.68980743406659,0,0,Montreal
C008869,2,0,0.045926752616032275,28.247219307956914,-30.661641227329554,0,1,Bas-Saint-Laurent
C012336,2,1,0.8190377881470101,32.66721930795691,-31.465582885619867,1,1,Gaspesie-Iles-de-la-Madeleine
C003617,2,0,0.02864890649810223,28.568643101209606,-31.372945364939852,0,1,Gaspesie-Iles-de-la-Madeleine
C012319,2,0,0.6616004329538243,30.197185860725764,-29.663607870042494,1,0,Capitale-Nationale
C005497,2,1,0.6294396608494406,31.258643101209607,-30.83698080017592,1,1,Gaspesie-Iles-de-la-Madeleine
C008914,2,0,0.01222070592001111,28.142947928198833,-31.638665247172135,0,1,Gaspesie-Iles-de-la-Madeleine
C001913,2,0,0.7440759367414217,31.54576206747307,-30.696361077153163,1,1,Gaspesie-Iles-de-la-Madeleine
C013851,2,0,0.012034809695513848,27.747185860725764,-31.255252392001697,0,1,Bas-Saint-Laurent
C010429,2,0,0.13857255064442064,27.82145724048384,-29.275666532921313,0,0,Capitale-Nationale
C005788,2,0,0.05631893837164352,29.23149068771499,-31.47485229336782,0,1,Gaspesie-Iles-de-la-Madeleine
C002166,2,0,0.007273721708852811,27.160066894462297,-31.07270760368579,0,1,Bas-Saint-Laurent
C010452,2,0,0.00424256091458225,25.082881033736534,-29.427001902342425,0,0,Montreal
C011600,2,1,0.5624532917562269,29.0400668944623,-28.840204586417578,0,0,Montreal
C010804,2,0,0.0002711620263571424,24.19860965397846,-30.73470193471023,0,0,Capitale-Nationale
C013897,2,0,0.012208925316226795,27.274304826989226,-30.770799215249898,0,1,Cote-Nord
C008296,2,0,0.0019267493671307773,25.07145724048384,-30.04563236372896,0,0,Montreal
C004736,2,0,0.04871030169500397,28.642914480967683,-31.008179905967083,0,1,Gaspesie-Iles-de-la-Madeleine
C005244,2,1,0.9928000594127775,34.98294792819883,-31.062133937104168,1,1,Bas-Saint-Laurent
C010504,2,0,0.08333150128304423,31.068609653978456,-32.97703923863719,1,1,Gaspesie-Iles-de-la-Madeleine
C006589,2,1,0.9489157605095685,31.84145724048384,-29.51605219478668,1,0,Montreal
C008452,2,0,0.2673351444904739,29.07145724048384,-29.87384064457799,0,0,Capitale-Nationale
C005953,2,1,0.08906159131137302,27.022881033736535,-28.87339353071797,0,0,Montreal
C002389,2,0,0.03987982726638057,28.542914480967685,-31.074723247159266,0,0,Capitale-Nationale
C010948,2,1,0.9408952655771894,31.007185860725766,-28.804601865642322,1,0,Montreal
C008711,2,0,0.6282037384112816,29.54576206747307,-29.128314042754926,0,0,Capitale-Nationale
C009733,2,0,0.08123971938429624,28.848609653978457,-30.779086163892178,0,1,Cote-Nord
C013373,2,0,7.37410914945597e-05,24.718609653978458,-32.291204931242504,0,1,Bas-Saint-Laurent
C006443,2,0,0.016409389705813602,26.762914480967684,-30.020689640008626,0,0,Montreal
C008595,2,0,9.804191806861557e-05,23.404371721451525,-30.750256369368778,0,1,Bas-Saint-Laurent
C010126,2,0,0.1141972236430036,29.394338274220377,-31.024729501132047,0,1,Bas-Saint-Laurent
C005116,2,1,0.7252728162184993,31.784371721451528,-31.011766507185886,1,1,Bas-Saint-Laurent
C005901,2,1,0.9941714259557625,33.34718586072576,-29.257105853733883,1,0,Montreal
C013658,2,0,0.047697458274388135,27.404338274220375,-29.787173756624828,0,0,Capitale-Nationale
C008718,2,0,0.11784971778386738,29.04576206747307,-30.647808304475276,0,1,Bas-Saint-Laurent
C000654,2,0,0.011284181490970335,27.36579551470422,-30.925721558035296,0,1,Bas-Saint-Laurent
C005212,2,0,0.0034017888033370668,26.780066894462298,-31.30063960888367,0,1,Cote-Nord
C012242,2,0,0.0013945449191919547,24.190033447231148,-29.421910367713025,0,0,Montreal
C011201,2,1,0.9621844392915946,33.67294792819884,-31.097129486957268,1,1,Cote-Nord
C011622,2,1,0.9934436996107856,33.63430482698923,-29.63844485200186,1,0,Capitale-Nationale
C010840,2,0,0.16367215352389775,30.654371721451525,-31.952557675092773,1,1,Gaspesie-Iles-de-la-Madeleine
C009275,2,0,0.6048974285120531,29.148643101209608,-28.809671754161695,0,0,Capitale-Nationale
C006644,2,0,0.13204663825146773,27.285762067473073,-28.78436969483504,0,0,Montreal
C003131,2,0,7.327508702500957e-05,24.00003344723115,-31.57767452310752,0,1,Bas-Saint-Laurent
C013483,2,1,0.42626933828689584,28.752914480967682,-28.989358133544258,0,0,Montreal
C001863,2,0,0.004370840405174393,26.871457240483842,-31.191768047745626,0,1,Gaspesie-Iles-de-la-Madeleine
C007659,2,0,0.10930153317728585,28.497219307956914,-30.16686930907262,0,1,Bas-Saint-Laurent
C007163,2,0,3.622894699824502e-05,23.374338274220374,-31.512588897826127,0,1,Gaspesie-Iles-de-la-Madeleine
C000221,2,1,0.9864961333715094,32.13288103373654,-28.717661264921677,1,0,Montreal
C012475,2,0,0.009079268215653491,26.938643101209607,-30.673370527685492,0,1,Bas-Saint-Laurent
C002519,2,1,0.9818395861551361,32.60288103373654,-29.4272174861146,1,0,Capitale-Nationale
C010070,2,0,0.8855718734288477,30.437185860725766,-28.808609716186233,1,0,Montreal
C013063,2,0,0.022120884808024394,27.20003344723115,-30.215472731095595,0,0,Capitale-Nationale
C011800,2,0,0.0003996668305494133,24.47576206747307,-30.703022718544492,0,1,Bas-Saint-Laurent
C007367,2,1,0.22643917095714472,30.548609653978456,-31.52635696504235,1,1,Cote-Nord
C000492,2,0,0.12525925635812002,30.884338274220376,-32.431143017061075,1,1,Gaspesie-Iles-de-la-Madeleine
C012687,2,1,0.9410966716157528,30.22149068771499,-28.016019704349148,1,0,Montreal
C002507,2,0,0.7321865387604669,31.628609653978458,-30.82816869737244,1,1,Gaspesie-Iles-de-la-Madeleine
C004066,2,1,0.8117620693194668,30.97145724048384,-29.808294286630954,1,0,Montreal
C000600,2,0,0.7215613999815259,31.217185860725763,-30.459343562099935,1,0,Montreal
C006106,2,1,0.9061244026738707,32.288609653978455,-30.48421059085439,1,1,Gaspesie-Iles-de-la-Madeleine
C013431,2,0,0.000357022834751561,22.84576206747307,-29.162855789637824,0,0,Montreal
C004704,2,0,0.12483987302254446,28.042914480967685,-29.59276983933323,0,0,Montreal
C008714,2,0,0.03079544096966014,29.445762067473073,-32.1908010026281,0,1,Bas-Saint-Laurent
C007441,2,0,0.17931869987790608,28.55003344723115,-29.760526453441855,0,0,Montreal
C006414,2,0,0.02406104635431668,28.867185860725765,-31.814134215667433,0,1,Cote-Nord
C009321,2,1,0.4105384008381046,31.697219307956914,-31.98511704155885,1,1,Gaspesie-Iles-de-la-Madeleine
C001406,2,1,0.31039223948878386,28.724338274220376,-29.359669497957178,0,0,Montreal
C001540,2,1,0.7715342183879379,30.398609653978458,-29.430041405033588,1,0,Capitale-Nationale
C008364,2,1,0.6226323985006991,29.768609653978455,-29.370088990694487,0,0,Capitale-Nationale
C004382,2,0,0.45703600965877156,30.982914480967683,-31.120027442216735,1,1,Gaspesie-Iles-de-la-Madeleine
C006384,2,0,0.07338065380132894,29.77437172145153,-31.792601992164098,0,1,Gaspesie-Iles-de-la-Madeleine
C004999,2,0,0.0028689847886119333,25.004338274220377,-29.660907217289378,0,0,Montreal
C012872,2,0,0.1659243454841784,30.11149068771499,-31.396653711908474,0,1,Cote-Nord
C010824,2,1,0.5403173700890422,30.567185860725765,-30.438557217227483,1,0,Capitale-Nationale
C013007,2,0,0.5302666612632638,28.768609653978455,-28.672138517168282,0,0,Montreal
C002987,2,0,0.00010914233634299124,24.01152413494614,-31.272036833318644,0,1,Cote-Nord
C002973,2,1,0.26703865016011447,28.148609653978458,-28.952198231728495,0,0,Montreal
C004870,2,1,0.9084678722626872,31.367219307956912,-29.540644663027578,1,1,Bas-Saint-Laurent
C006102,2,1,0.9851798527876133,33.71721930795691,-30.37708713762645,1,1,Gaspesie-Iles-de-la-Madeleine
C001649,2,0,0.006497211585454938,27.20576206747307,-31.208874683422412,0,1,Cote-Nord
C007942,2,1,0.8788653124647321,33.42576206747307,-31.848565712583255,1,1,Gaspesie-Iles-de-la-Madeleine
C002520,2,0,0.017068783641694136,28.460066894462297,-31.685953029285876,0,1,Bas-Saint-Laurent
C008084,2,0,0.013603080326215966,26.912881033736536,-30.322194836091683,0,0,Capitale-Nationale
C005613,2,1,0.9528080350768132,32.85437172145153,-30.462634334294627,1,1,Bas-Saint-Laurent
C011617,2,1,0.864639117732357,32.03721930795691,-30.56138547269141,1,1,Cote-Nord
C006419,2,0,0.015418199597082578,28.407219307956915,-31.715382786724486,0,1,Cote-Nord
C004225,2,0,0.00019443489640936048,23.29003344723115,-30.09090806805756,0,0,Montreal
C002966,2,1,0.4271327457720622,29.747185860725764,-29.980820507355208,0,0,Montreal
C001218,2,0,0.27485867536816255,30.072914480967682,-30.844994559013443,0,1,Gaspesie-Iles-de-la-Madeleine
C004169,2,1,0.729398071558598,29.561457240483843,-28.772296792198272,0,0,Montreal
C011248,2,0,0.6597460660715643,30.25576206747307,-29.72876721901062,1,0,Montreal
C003332,2,1,0.8945074113121643,32.08718586072576,-30.38591044485764,1,0,Montreal
C002004,2,0,0.028436968484218977,29.61579551470422,-32.42618095059167,0,1,Cote-Nord
C000631,2,1,0.6718063035573858,30.43576206747307,-29.865628509969284,1,0,Montreal
C005061,2,0,0.06713715325557976,30.40149068771499,-32.49583633637054,1,1,Cote-Nord
C012740,2,0,0.5083486609167304,29.304338274220378,-29.27775804240293,0,0,Capitale-Nationale
C011110,2,0,0.4183699149496768,29.117185860725765,-29.37939974179112,0,0,Capitale-Nationale
C006430,2,0,0.21168265661322225,28.458643101209606,-29.50506158486696,0,0,Capitale-Nationale
C013986,2,1,0.9802291692793463,32.23576206747307,-29.129024789108918,1,0,Montreal
C009747,2,1,0.9844593646754847,33.89291448096768,-30.591145001249885,1,0,Montreal
C004496,2,1,0.6057407544945181,32.57864310120961,-32.23686239863525,1,1,Gaspesie-Iles-de-la-Madeleine
C004160,2,0,0.0007465129863958993,24.732881033736533,-30.462621070471485,0,1,Gaspesie-Iles-de-la-Madeleine
C011767,2,1,0.6246708811781321,29.211490687714992,-28.806057808104836,0,0,Montreal
C005044,2,0,0.03798448404480466,26.41576206747307,-28.987893516194454,0,0,Montreal
C010943,2,1,0.974585635687346,34.0386431012096,-31.13634935153891,1,1,Gaspesie-Iles-de-la-Madeleine
C006169,2,0,0.016196503172004325,26.41576206747307,-29.68410219909937,0,0,Montreal
C013540,2,0,0.17706581950239406,28.324338274220377,-29.547075340657866,0,0,Capitale-Nationale
C002871,2,1,0.1032041344332009,29.064338274220376,-30.78510202244005,0,1,Gaspesie-Iles-de-la-Madeleine
C011825,2,0,0.014710365968808313,28.17579551470422,-31.52193376327519,0,1,Bas-Saint-Laurent
C013981,2,0,0.0039931017198213785,25.078609653978457,-29.471158565538012,0,0,Montreal
C008180,2,0,0.09963726094081664,28.171457240483843,-29.923373034588618,0,1,Cote-Nord
C013279,2,1,0.9419148628478589,31.7200668944623,-29.50277183976202,1,0,Montreal
C008895,2,1,0.9982696568742531,35.40003344723115,-30.340134195651444,1,1,Bas-Saint-Laurent
C003445,2,0,0.0718269834216288,27.578609653978457,-29.61520493103732,0,0,Montreal
C007069,2,0,0.004045764300352063,26.79294792819883,-31.175027139469233,0,1,Cote-Nord
C011860,2,0,0.11486917835032445,28.138609653978456,-29.763727623003003,0,0,Montreal
C009053,2,0,0.736040969839436,30.318643101209606,-29.502485910638043,1,0,Capitale-Nationale
C004601,2,1,0.6636853700564367,31.787219307956914,-31.246218544311283,1,1,Gaspesie-Iles-de-la-Madeleine
C000601,2,1,0.8810763902186877,31.44860965397846,-29.854752285339227,1,0,Montreal
C006571,2,0,0.011768649210683158,28.277185860725766,-31.80326567352111,0,1,Gaspesie-Iles-de-la-Madeleine
C013350,2,1,0.527041192223496,31.254371721451527,-31.168202657997117,1,1,Cote-Nord
C007197,2,0,0.45963856070735787,30.788643101209605,-30.917412957120327,1,1,Cote-Nord
C009289,2,1,0.8945829811936877,29.70149068771499,-27.999577710928584,0,0,Montreal
C002470,2,0,0.6339001916512299,29.90003344723115,-29.46311289485143,0,0,Capitale-Nationale
C005423,2,0,0.0012584972599428458,26.197185860725764,-31.510866978937166,0,1,Gaspesie-Iles-de-la-Madeleine
C005970,2,0,0.011368100933712707,27.678643101209605,-31.232604684717224,0,1,Bas-Saint-Laurent
C002266,2,0,0.027792760660963478,26.88003344723115,-29.70918330171457,0,0,Montreal
C011924,2,1,0.9556845995855643,31.987185860725763,-29.5429960284924,1,0,Capitale-Nationale
C006921,2,1,0.1668714241187672,30.20576206747307,-31.4854910620599,1,1,Cote-Nord
C010225,2,0,0.0014678839471653736,25.870066894462298,-31.06109410633556,0,1,Cote-Nord
C003405,2,1,0.9940691140683305,32.97860965397845,-28.902460646084428,1,0,Montreal
C008370,2,1,0.9923775447448004,33.15718586072576,-29.282095677373217,1,0,Capitale-Nationale
C009201,2,0,0.0013772813105459465,26.614338274220376,-31.856142813271795,0,1,Cote-Nord
C011936,2,0,0.14395615577686288,28.3800668944623,-29.79895233512992,0,0,Montreal
C013968,2,0,0.0007136159079910335,23.52145724048384,-29.287091813008452,0,0,Montreal
C004963,2,1,0.947179167037169,31.77437172145153,-29.477030138831623,1,0,Montreal
C010721,2,0,0.05863966999091734,27.33149068771499,-29.54075501337849,0,0,Montreal
C010299,2,1,0.5203129669177646,29.512914480967684,-29.44821302729375,0,0,Montreal
C003762,2,0,0.3460526526948064,29.348609653978457,-29.855129253544238,0,0,Capitale-Nationale
C011869,2,0,0.33219113723808247,30.13576206747307,-30.69151060567684,1,1,Bas-Saint-Laurent
C001310,2,0,0.23879171135540234,28.29576206747307,-29.218425210414715,0,0,Montreal
C012757,2,1,0.954068376661724,31.107185860725764,-28.69285240514952,1,0,Montreal
C010287,2,1,0.6603142353379308,31.497185860725764,-30.96817582587359,1,1,Bas-Saint-Laurent
C012732,2,1,0.7986738460040171,29.814338274220376,-28.71760978244221,0,0,Montreal
C012300,2,1,0.778183861225545,31.408643101209606,-30.4097367960147,1,1,Cote-Nord
C010722,2,0,0.3984515236977057,31.092947928198832,-31.42078330315915,1,1,Bas-Saint-Laurent
C004199,2,0,0.019251064224026868,28.300066894462297,-31.428429064648107,0,1,Bas-Saint-Laurent
C013152,2,0,0.020420772324112674,27.23003344723115,-30.310500483695805,0,0,Montreal
C012523,2,1,0.9178738915155883,31.495762067473073,-29.57469028083623,1,0,Capitale-Nationale
C002941,2,1,0.9950010184784274,32.841490687714995,-28.628550558994952,1,0,Capitale-Nationale
C011775,2,0,0.24666118415147295,30.9000668944623,-31.788654156302073,1,1,Gaspesie-Iles-de-la-Madeleine
C009717,2,0,0.10032031337840293,28.18149068771499,-29.92736509639409,0,0,Montreal
C007045,2,0,0.16393813689109762,28.63576206747307,-29.932402549206824,0,0,Montreal
C007143,2,0,0.12123082096681004,29.727185860725765,-31.303663798516546,0,1,Cote-Nord
C002249,2,1,0.94515176616583,33.642947928198836,-31.377287554813705,1,1,Gaspesie-Iles-de-la-Madeleine
C011452,2,0,0.23876868260447354,31.25579551470422,-32.17855949085377,1,1,Gaspesie-Iles-de-la-Madeleine
C006788,2,1,0.9605293557892424,32.142881033736536,-29.602525039740115,1,0,Capitale-Nationale
C013426,2,0,0.017318308715688322,28.68152413494614,-31.89565778192214,0,1,Bas-Saint-Laurent
C013568,2,1,0.777215233272234,31.098609653978457,-30.10416244595754,1,0,Montreal
C006089,2,1,0.9960611316448014,32.92003344723115,-28.51655782022318,1,0,Montreal
C005106,2,0,0.08520469109599067,28.36149068771499,-30.250600222879008,0,0,Capitale-Nationale
C009184,2,1,0.9908276862324551,33.26860965397845,-29.542071623784423,1,0,Montreal
C003723,2,0,0.001083062237071019,24.994338274220375,-30.42763974795452,0,0,Capitale-Nationale
C004453,2,0,0.0625372310174001,29.234338274220377,-31.38908589969385,0,1,Cote-Nord
C002252,2,0,0.38190505915536127,29.722914480967685,-30.106101549200666,0,1,Cote-Nord
C000477,2,1,0.894498136541906,29.97579551470422,-28.274598319592965,0,0,Capitale-Nationale
C000273,2,1,0.7165876475168916,29.744304826989225,-29.006058615807294,0,0,Montreal
C011855,2,0,0.026027608424533707,28.058643101209604,-30.941459761804726,0,1,Cote-Nord
C007938,2,0,0.7506486373266358,30.158609653978456,-29.2815025832844,1,0,Montreal
C000830,2,1,0.7018920898757272,30.627185860725763,-29.945664030523503,1,0,Montreal
C004469,2,0,0.034297482415923425,26.551490687714992,-29.207929385545278,0,0,Montreal
C002539,2,0,0.005744394090409396,27.667185860725763,-31.76891151035324,0,1,Cote-Nord
C005347,2,0,0.0008007726106346742,25.371490687714992,-31.04534614609502,0,1,Bas-Saint-Laurent
C009193,2,0,0.5085676231278825,28.997185860725764,-28.969908368430332,0,0,Montreal
C004290,2,0,0.028623901707577202,26.43003344723115,-29.235051136644763,0,0,Capitale-Nationale
C010423,2,0,5.1395950621465916e-05,20.89003344723115,-28.749955858251905,0,0,Capitale-Nationale
C001211,2,0,0.027514413341103564,26.822914480967682,-29.66030305473731,0,0,Montreal
C002561,2,1,0.46681714513289163,29.207185860725765,-29.312978182266722,0,0,Capitale-Nationale
C003516,2,0,0.07897848312710856,29.210100341693447,-31.164999676167337,0,1,Cote-Nord
C001311,2,0,0.042631767158310414,27.44860965397846,-29.925026391582232,0,0,Montreal
C000563,2,1,0.6046355218115901,29.871490687714992,-29.533391401382495,0,0,Montreal
C012562,2,0,0.35425391160387715,31.564338274220376,-32.04217201226178,1,1,Gaspesie-Iles-de-la-Madeleine
C008808,2,0,0.0077382880418856185,27.087185860725764,-30.95017988635461,0,1,Cote-Nord
C009782,2,0,0.017490237377858476,25.914304826989227,-29.120437136640543,0,0,Montreal
C009541,2,1,0.9965104056050037,35.8000668944623,-31.299846307123378,1,1,Cote-Nord
C003390,2,1,0.9369511858827171,31.554338274220378,-29.40650916753487,1,0,Capitale-Nationale
C009473,2,0,0.42896311729496717,31.137185860725765,-31.364870337889435,1,1,Gaspesie-Iles-de-la-Madeleine
C002069,2,0,0.015323019437461642,25.235762067473072,-28.548930793029786,0,0,Montreal
C007533,2,0,0.021003593624173693,26.780033447231148,-29.837630342789502,0,0,Montreal
C004182,2,1,0.9478060828037674,32.12003344723115,-29.812662820982776,1,0,Montreal
C002542,2,0,0.054042789645946436,26.587185860725764,-28.865298141545644,0,0,Montreal
C009032,2,0,0.18185386834560388,29.20149068771499,-30.398348342800325,0,1,Gaspesie-Iles-de-la-Madeleine
C013591,2,0,0.0007843167648813104,24.962947928198833,-30.653341956698103,0,1,Cote-Nord
C001710,2,0,0.0042280714492785,24.447185860725764,-28.794041064884027,0,0,Capitale-Nationale
C008040,2,0,0.0025633988934947185,24.25149068771499,-28.997937579825344,0,0,Montreal
C004361,2,1,0.7164803957174201,32.4586431012096,-31.720817140701488,1,1,Bas-Saint-Laurent
C000545,2,0,0.0020291641856267405,26.121490687714992,-31.054366356197512,0,1,Bas-Saint-Laurent
C009102,2,0,0.003591034690492888,26.872947928198833,-31.350281976686215,0,1,Bas-Saint-Laurent
C005687,2,0,0.013553782050488026,27.744338274220375,-31.156581361588653,0,1,Cote-Nord
C008698,2,0,0.0003423671344279798,24.985762067473072,-31.336227173184817,0,1,Gaspesie-Iles-de-la-Madeleine
C003358,2,0,0.009781682940528185,26.854304826989228,-30.529161373247458,0,1,Gaspesie-Iles-de-la-Madeleine
C009343,2,1,0.9606212752485986,32.05860965397846,-29.516321915915327,1,0,Montreal
C012134,2,0,0.46426284910595067,31.45149068771499,-31.565453376370918,1,1,Gaspesie-Iles-de-la-Madeleine
C004807,2,1,0.6511132822337791,30.692881033736533,-30.196309430070723,1,0,Montreal
C011710,2,0,0.00029943145544380893,24.441457240483842,-30.898601481748443,0,1,Gaspesie-Iles-de-la-Madeleine
C004183,2,1,0.9980872101353147,34.424338274220375,-29.444364875202915,1,0,Montreal
C012974,2,0,0.023883653249654427,28.628643101209605,-31.581625487008093,0,1,Gaspesie-Iles-de-la-Madeleine
C013410,2,1,0.8633874138555536,31.254338274220377,-29.786983131507455,1,0,Montreal
C001108,2,0,0.0009134334340037501,25.532914480967683,-31.101917194692575,0,1,Bas-Saint-Laurent
C002832,2,0,0.00012968185243562516,24.32576206747307,-31.449025697050384,0,1,Gaspesie-Iles-de-la-Madeleine
C008984,2,1,0.9646399594630477,32.17003344723115,-29.538753229099992,1,0,Capitale-Nationale
C004961,2,0,0.0031128345030691593,26.6500668944623,-31.241517778303177,0,1,Gaspesie-Iles-de-la-Madeleine
C013864,2,1,0.8953649035496068,30.88003344723115,-29.171499836762177,1,0,Montreal
C003100,2,1,0.9518663653082793,34.01149068771499,-31.636264680448484,1,1,Bas-Saint-Laurent
C008321,2,1,0.7452774541527183,32.44576206747307,-31.591331701731857,1,1,Bas-Saint-Laurent
C007024,2,0,0.16281927571700994,28.647185860725763,-29.950341048925303,0,0,Montreal
C010545,2,0,0.000396451527017267,24.75576206747307,-30.98945390631439,0,1,Cote-Nord
C006841,2,0,0.004809926183689417,25.917219307956913,-30.160993347815932,0,1,Gaspesie-Iles-de-la-Madeleine
C006310,2,1,0.9938550718933786,33.53003344723115,-29.482272119940426,1,0,Montreal
C012079,2,1,0.6796263566605758,29.938609653978457,-29.340072221816982,0,0,Capitale-Nationale
C012661,2,1,0.9994001900257011,34.412914480967686,-28.508921379817288,1,0,Montreal
C003196,2,0,0.5544955790982458,30.60860965397846,-30.43443240071915,1,0,Capitale-Nationale
C007023,2,1,0.08108405953022907,29.14149068771499,-31.073628417729864,0,1,Cote-Nord
C012334,2,0,0.7095346514065997,29.670033447231148,-28.959222914821204,0,0,Capitale-Nationale
C005552,2,0,0.004850479366080348,26.977185860725765,-31.214245511334802,0,1,Bas-Saint-Laurent
C000004,2,1,0.9500050947746314,31.195762067473073,-28.852289013305082,1,0,Montreal
C009661,2,0,0.0602323788316364,29.807185860725763,-31.99377429676982,0,1,Gaspesie-Iles-de-la-Madeleine
C006947,2,1,0.9076650083498892,32.232914480967686,-30.413993939525373,1,1,Gaspesie-Iles-de-la-Madeleine
C005709,2,1,0.7829420382367297,31.38003344723115,-30.359017695668964,1,0,Montreal
C005567,2,1,0.49425105013972603,29.772881033736535,-29.791183484056337,0,0,Capitale-Nationale
C007644,2,1,0.995644933128527,33.5100668944623,-29.18686614332695,1,0,Montreal
C004707,2,1,0.05045705743551878,29.25576206747307,-31.591524652308298,0,1,Gaspesie-Iles-de-la-Madeleine
C008065,2,0,0.28582306471630725,28.920033447231148,-29.648856666292616,0,0,Capitale-Nationale
C000087,2,0,0.01869066481038384,29.142947928198833,-32.295276410682035,0,1,Cote-Nord
C006159,2,1,0.3612660717542361,30.76149068771499,-31.21503513931057,1,1,Gaspesie-Iles-de-la-Madeleine
C005173,2,1,0.8967092258749682,31.798643101209606,-30.078624096172607,1,1,Bas-Saint-Laurent
C004766,2,1,0.3932017763496103,29.248609653978455,-29.593916051332005,0,0,Montreal
C005722,2,1,0.9993502452192305,36.01291448096768,-30.172616456100123,1,0,Montreal
C012259,2,1,0.6408024255933987,29.36003344723115,-28.899345796729623,0,0,Montreal
C012849,2,1,0.9257539512416275,31.997185860725764,-29.989030173849653,1,0,Capitale-Nationale
C001954,2,1,0.7314653445670154,29.84576206747307,-29.048245730849658,0,0,Montreal
C012918,2,0,8.893438705897848e-05,23.86576206747307,-31.289248205875317,0,1,Cote-Nord
C004786,2,0,0.5256864608980969,30.642914480967683,-30.561070198593214,1,1,Bas-Saint-Laurent
C009204,2,1,0.8527559283648426,30.874338274220374,-29.47648844940269,1,0,Montreal
C001807,2,1,0.9891022994384728,32.55860965397846,-28.970636484524775,1,0,Capitale-Nationale
C001548,2,0,0.2937233269629166,30.394371721451527,-31.09264233666761,1,1,Bas-Saint-Laurent
C001405,2,0,0.005657249255873427,27.937219307956912,-32.05118089105824,0,1,Gaspesie-Iles-de-la-Madeleine
C010606,2,0,0.0037312698244710406,26.285762067473073,-30.732495760110755,0,1,Cote-Nord
C001621,2,0,0.03013379195286381,28.497185860725764,-31.260053773135493,0,1,Gaspesie-Iles-de-la-Madeleine
C007231,2,0,0.7419482942583848,30.202914480967685,-29.36238165255078,1,0,Capitale-Nationale
C004245,2,1,0.32746518804592983,28.40003344723115,-28.972798174321056,0,0,Capitale-Nationale
C003588,2,0,0.06390099368338818,27.417185860725763,-29.553605710990453,0,0,Capitale-Nationale
C000234,2,1,0.8431326114258888,31.702881033736535,-30.36444947259362,1,1,Bas-Saint-Laurent
C006149,2,0,0.03146049801724917,27.184304826989226,-29.91179286659478,0,0,Montreal
C013039,2,1,0.6021977062666282,31.270100341693446,-30.94010864402356,1,1,Gaspesie-Iles-de-la-Madeleine
C010430,2,1,0.9083789137892989,31.782881033736533,-29.95715744077446,1,0,Capitale-Nationale
C000018,2,0,0.3812534209701651,29.99437172145153,-30.37975654526971,0,1,Bas-Saint-Laurent
C003511,2,1,0.7867781757602851,30.461490687714992,-29.422393548091502,1,0,Montreal
C000475,2,0,0.011592703369876637,25.63576206747307,-29.17397195372332,0,0,Capitale-Nationale
C002212,2,1,0.4212262975582787,28.364304826989226,-28.61718531214012,0,0,Montreal
C006077,2,0,0.002567640224677761,27.145762067473072,-31.890889840017664,0,1,Bas-Saint-Laurent
C004516,2,0,0.17048996675344918,28.302914480967683,-29.562105577560835,0,0,Capitale-Nationale
C003535,2,0,0.11138665342761522,30.54145724048384,-32.19420232416999,1,1,Cote-Nord
C004997,2,0,0.005658464244520882,25.728609653978456,-29.84239935681548,0,0,Montreal
C011230,2,0,0.7438290677357356,30.527185860725766,-29.678816306759156,1,0,Montreal
C005715,2,0,0.01039200437910358,27.752914480967682,-31.379110250270493,0,1,Cote-Nord
C012578,2,0,0.08119541664802635,29.210066894462297,-31.141015912720086,0,1,Cote-Nord
C011933,2,0,0.6069624910818622,30.02145724048384,-29.675602862470363,0,0,Montreal
C008490,2,1,0.9041334243499436,32.68864310120961,-30.90269751682798,1,1,Bas-Saint-Laurent
C012417,2,1,0.9991598339443588,34.04433827422037,-28.408733838346027,1,0,Montreal
C008857,2,1,0.9836637260738829,32.997185860725764,-29.735797442674436,1,0,Montreal
C012667,2,0,0.2548846971106861,29.47145724048384,-30.325207955786563,0,0,Montreal
C005885,2,1,0.9589170135840146,31.387185860725765,-28.88003103552837,1,0,Montreal
C005479,2,0,0.041017447588443265,28.83149068771499,-31.33997055300423,0,1,Gaspesie-Iles-de-la-Madeleine
C002961,2,0,0.0018690359482922039,23.958609653978456,-28.957034410510815,0,0,Capitale-Nationale
C009945,2,1,0.698815973246213,31.354338274220375,-30.684482423042873,1,1,Bas-Saint-Laurent
C009134,2,1,0.5989516109182351,31.522914480967682,-31.203692445887544,1,1,Cote-Nord
C001610,2,1,0.9984676659117012,36.728643101209606,-31.571865948959182,1,1,Bas-Saint-Laurent
C003687,2,1,0.9999892534770656,38.087219307956914,-28.981747768517785,1,0,Capitale-Nationale
C008530,2,0,0.29320880292361456,29.281490687714992,-29.981736254386814,0,0,Montreal
C012501,2,1,0.08150487419602008,29.307185860725763,-31.234839276644674,0,1,Cote-Nord
C005092,2,0,0.004620228533494938,28.098609653978457,-32.37455921594941,0,1,Bas-Saint-Laurent
C013417,2,1,0.7682108520300134,30.920033447231148,-29.966394465481507,1,0,Capitale-Nationale
C010684,2,0,0.011036104501215888,26.847185860725766,-30.425003539082876,0,0,Capitale-Nationale
C008417,2,1,0.4953829921224456,30.674338274220375,-30.68903682564488,1,1,Cote-Nord
C013821,2,0,0.012143150282063545,27.04576206747307,-30.54660874914944,0,1,Gaspesie-Iles-de-la-Madeleine
C005927,2,1,0.6357915349780603,30.544371721451526,-30.100957828659045,1,0,Montreal
C009514,2,1,0.9946392819612455,36.021490687714994,-31.864442331402646,1,1,Cote-Nord
C000514,2,0,0.1274324803536694,28.068609653978456,-29.59974490614033,0,0,Montreal
C012934,2,0,0.010949885899610191,25.132914480967685,-28.71704361237175,0,0,Montreal
C010520,2,1,0.9994667586113543,35.28288103373654,-29.28520993916343,1,0,Capitale-Nationale
C011865,2,1,0.8837985696051714,30.86576206747307,-29.251020267320733,1,0,Capitale-Nationale
C004207,2,0,0.06267109877808758,26.988609653978457,-29.141541799352577,0,0,Capitale-Nationale
C000957,2,0,9.04745095204231e-06,22.278609653978457,-31.52105096195325,0,1,Cote-Nord
C009802,2,0,0.006368857176575024,25.784338274220374,-29.803433720005785,0,0,Capitale-Nationale
C002323,2,0,0.00271047392762539,24.662914480967682,-29.3648429336585,0,0,Capitale-Nationale
C010258,2,0,0.011798272881714438,27.538609653978458,-31.06266479000885,0,1,Gaspesie-Iles-de-la-Madeleine
C007232,2,0,0.08487878407029255,28.90582896193537,-30.798272011888276,0,1,Gaspesie-Iles-de-la-Madeleine
C000814,2,0,0.053660463800452377,26.752881033736536,-29.03696530212842,0,0,Capitale-Nationale
C003859,2,0,0.0012381818088740353,25.25576206747307,-30.582411615288866,0,1,Bas-Saint-Laurent
C011077,2,0,0.4650448613782944,29.121490687714992,-29.232951354969412,0,0,Montreal
C003302,2,0,0.00011759571681687321,23.937219307956912,-31.138353653981063,0,1,Bas-Saint-Laurent
C002760,2,1,0.9995168164047394,35.82864310120961,-29.752477361235172,1,0,Montreal
C006662,2,0,0.016073648263533594,26.442914480967683,-29.71741388875202,0,0,Montreal
C003124,2,0,0.0022708917095446025,24.91145724048384,-29.75456616930287,0,0,Montreal
C011414,2,1,0.9991987867330886,35.83291448096768,-30.15949721098647,1,1,Cote-Nord
C003161,2,0,0.148533755951232,29.784371721451528,-31.174076463042592,0,1,Bas-Saint-Laurent
C002472,2,0,0.007608839482207715,27.61576206747307,-31.49228607952055,0,1,Bas-Saint-Laurent
C011273,2,0,0.008577770520282704,28.41576206747307,-32.19611310372523,0,1,Cote-Nord
C006256,2,0,0.002645136601771767,25.667219307956913,-30.388619733496455,0,0,Montreal
C010147,2,1,0.9464533241611781,33.10579551470422,-30.819926110549936,1,1,Cote-Nord
C008702,2,0,0.021670609749216786,28.427219307956914,-31.45939219742154,0,1,Gaspesie-Iles-de-la-Madeleine
C009559,2,0,0.18169835022552575,28.50149068771499,-29.699180515847008,0,0,Montreal
C006132,2,1,0.8032719966484116,30.602914480967684,-29.48322923473273,1,0,Montreal
C009174,2,1,0.8475735643496431,30.632914480967685,-29.26744559335972,1,0,Capitale-Nationale
C003559,2,0,0.23977154080738194,30.355762067473073,-31.27414111343749,1,1,Cote-Nord
C013640,2,1,0.713607976454734,33.23288103373654,-32.50627478782298,1,1,Cote-Nord
C002369,2,0,4.473667026445987e-05,21.855762067473073,-29.826129222791224,0,0,Capitale-Nationale
C002269,2,0,0.33852016035517546,30.480066894462297,-31.01321623652836,1,1,Gaspesie-Iles-de-la-Madeleine
C009439,2,0,0.0028831216421255565,24.774338274220376,-29.42698393867393,0,0,Capitale-Nationale
C007790,2,1,0.4434481027903559,28.474338274220376,-28.655143509832502,0,0,Capitale-Nationale
C005585,2,1,0.9999463842584418,38.86864310120961,-31.04237444271299,1,1,Gaspesie-Iles-de-la-Madeleine
C001443,2,1,0.9973972485736992,33.56003344723115,-28.825743064145044,1,0,Montreal
C008892,2,1,0.9999990227452271,39.68149068771499,-28.66784371815907,1,0,Montreal
C006779,2,0,2.8509463722494114e-05,24.09437172145153,-32.42333648547365,0,1,Gaspesie-Iles-de-la-Madeleine
C010687,2,0,0.5448085341305056,30.284338274220374,-30.141307655488127,1,0,Capitale-Nationale
C000196,2,0,0.9274685194745733,32.26291448096769,-30.234691559234022,1,0,Montreal
C009957,2,1,0.5012458670872092,32.28149068771499,-32.277524491568315,1,1,Bas-Saint-Laurent
C007676,2,0,0.041880541321443046,26.691457240483842,-29.182647489044594,0,0,Capitale-Nationale
C008221,2,1,0.7561174424330023,32.5400668944623,-31.639533230832942,1,1,Gaspesie-Iles-de-la-Madeleine
C010219,2,1,0.9927607994591064,34.895762067473065,-30.979307487798057,1,1,Bas-Saint-Laurent
C006151,2,1,0.9997689541681745,35.145762067473065,-28.482218884663546,1,0,Montreal
C005714,2,0,0.1520741133583667,29.988643101209608,-31.356284470537403,0,1,Gaspesie-Iles-de-la-Madeleine
C002679,2,0,0.007130509895803162,26.25572862024192,-30.184310260856908,0,0,Capitale-Nationale
C006738,2,0,0.5466687192552199,29.118609653978456,-28.96960720063797,0,0,Montreal
C005701,2,0,0.0260364072966335,27.674338274220375,-30.556878739541812,0,1,Gaspesie-Iles-de-la-Madeleine
C005355,2,1,0.960533638523877,33.86579551470422,-31.325349612262478,1,1,Gaspesie-Iles-de-la-Madeleine
C004234,2,1,0.9971366783202172,34.465762067473065,-29.807616080551163,1,0,Montreal
C011979,2,1,0.3019784627993285,28.170033447231148,-28.836887507120334,0,0,Montreal
C007967,2,0,0.06350643482184629,28.3100668944623,-30.45175148113512,0,1,Gaspesie-Iles-de-la-Madeleine
C013133,2,1,0.04950575070174984,26.874304826989228,-29.226012761784293,0,0,Capitale-Nationale
C012807,2,0,0.2745538348285462,29.3600668944623,-30.133364648828092,0,1,Bas-Saint-Laurent
C011207,2,1,0.9874636561669585,32.89718586072576,-29.422017725302016,1,0,Montreal
C000640,2,1,0.9806018223868685,32.61576206747307,-29.49357806348967,1,0,Montreal
C004558,2,0,0.005805469040016461,25.405762067473074,-29.499021738316966,0,0,Capitale-Nationale
C001947,2,1,0.990225987873447,33.312914480967684,-29.63742740267033,1,0,Montreal
C000338,2,1,0.8476769431181559,30.90149068771499,-29.535384775701992,1,0,Montreal
C010688,2,0,0.008092681984986324,26.9900668944623,-30.817137832049642,0,1,Bas-Saint-Laurent
C003467,2,0,0.031869283486835556,25.91149068771499,-28.628368145371418,0,0,Montreal
C012066,2,0,0.0712552171940212,28.43145724048384,-30.474903359250252,0,0,Montreal
C006682,2,0,0.06459193145760438,29.010066894462298,-31.137339848706358,0,1,Gaspesie-Iles-de-la-Madeleine
C004300,2,0,0.09560873549027399,27.49003344723115,-29.27834939619868,0,0,Montreal
C001399,2,1,0.5077172181308738,29.600066894462298,-29.575497364837084,0,0,Capitale-Nationale
C008996,2,0,0.10657358644666823,28.117185860725765,-29.809385017302354,0,0,Montreal
C008171,2,0,0.4119860358737375,31.218643101209604,-31.50178244185925,1,1,Bas-Saint-Laurent
C005170,2,0,0.006850675003398265,26.417185860725763,-30.377854840306192,0,0,Capitale-Nationale
C006157,2,0,0.585634005483786,31.625795514704222,-31.350468295516272,1,1,Gaspesie-Iles-de-la-Madeleine
C011131,2,1,0.9795680613970238,32.498609653978455,-29.418586759763578,1,0,Montreal
C010207,2,0,0.3134685768978628,29.010033447231148,-29.633957232870486,0,0,Capitale-Nationale
C011122,2,1,0.8002207726908972,32.82721930795691,-31.72281199193501,1,1,Gaspesie-Iles-de-la-Madeleine
C007698,2,1,0.9891936631041227,34.114371721451526,-30.519624541976494,1,1,Gaspesie-Iles-de-la-Madeleine
C011906,2,1,0.9896498077481196,33.31288103373654,-29.68344300838613,1,0,Montreal
C008486,2,0,0.05281286471960827,29.308676548440754,-31.606144895580908,0,1,Cote-Nord
C008460,2,1,0.976348573232774,31.82145724048384,-28.860509241289325,1,0,Montreal
C009993,2,0,0.7715656840197148,32.68579551470422,-31.717085189099507,1,1,Bas-Saint-Laurent
C013378,2,0,0.34703140012823575,29.802947928198833,-30.30602768282595,0,1,Cote-Nord
C006840,2,0,0.000703816346488824,24.64145724048384,-30.418104434887304,0,0,Montreal
C011482,2,1,0.9993995169195682,35.04718586072576,-29.144085918206333,1,0,Capitale-Nationale
C002292,2,1,0.21542449374155354,28.06576206747307,-29.09444848306349,0,0,Capitale-Nationale
C006370,2,0,0.0059968344526809365,27.132914480967685,-31.200209857883916,0,1,Cote-Nord
C012560,2,0,4.265527960733109e-05,21.975728620241924,-29.984014599759917,0,0,Capitale-Nationale
C001235,2,0,0.11126527350743556,29.65294792819883,-31.306669460776178,0,1,Bas-Saint-Laurent
C012982,2,1,0.7633285144222227,30.917185860725763,-29.985210971620877,1,0,Montreal
C005809,2,0,0.19392482078067938,27.882914480967685,-29.016794169513123,0,0,Montreal
C005419,2,1,0.9579220108028758,32.62576206747307,-30.138479193754826,1,0,Montreal
C001978,2,1,0.8253743923839733,31.592881033736536,-30.356743047283363,1,0,Capitale-Nationale
C004508,2,1,0.9742020922352003,32.72145724048384,-29.83139796985566,1,0,Montreal
C000772,2,1,0.999786699665297,35.68291448096768,-28.955755379022765,1,0,Capitale-Nationale
C001622,2,0,0.6463097140859244,30.46003344723115,-29.980238101623222,1,0,Montreal
C004880,2,0,0.3628202455542198,29.58149068771499,-30.029679762577064,0,0,Montreal
C003938,2,0,0.11760747892521857,27.527185860725766,-29.131088197668152,0,0,Capitale-Nationale
C000739,2,0,0.09307837227148646,29.307185860725763,-31.119072502256355,0,1,Bas-Saint-Laurent
C009363,2,0,0.012385336093250526,26.078609653978457,-29.563544411793032,0,0,Montreal
C013853,2,0,0.0474128679099846,28.347219307956912,-30.735055429368316,0,1,Gaspesie-Iles-de-la-Madeleine
C000191,2,1,0.9910753591544453,33.65433827422038,-29.905815618423205,1,0,Capitale-Nationale
C013947,2,0,0.012454991330647144,26.218609653978458,-29.69902484351843,0,0,Montreal
C010127,2,0,0.014701194333068218,28.050066894462297,-31.39670891545954,0,1,Cote-Nord
C013446,2,0,0.05024019596250514,27.058609653978458,-29.397981952834176,0,0,Montreal
C003092,2,0,0.006651369299585052,26.10860965397846,-30.09293592314831,0,0,Montreal
C002270,2,1,0.9941555693019869,34.152947928198834,-30.065042839343302,1,0,Montreal
C001078,2,0,0.17686714277094112,30.898643101209608,-32.1224657932867,1,1,Bas-Saint-Laurent
C012975,2,0,0.0011646270105116017,26.172914480967684,-31.54836416117598,0,1,Cote-Nord
C001192,2,1,0.9958028769409003,33.59860965397845,-29.245882734038126,1,0,Montreal
C004171,2,0,0.013200641692046539,25.432881033736535,-28.86642007395986,0,0,Montreal
C013385,2,1,0.8843087564317932,30.86145724048384,-29.242754158100063,1,0,Capitale-Nationale
C013624,2,0,0.0002642952992214425,25.182914480967682,-31.739425861783314,0,1,Bas-Saint-Laurent
C001574,2,1,0.6523084456259161,29.962914480967683,-29.462152295730498,0,0,Capitale-Nationale
C012536,2,1,0.9477072292571226,31.927185860725764,-29.621404169556097,1,0,Montreal
C011803,2,0,0.06188325194836482,28.92437172145153,-31.088040927722673,0,1,Gaspesie-Iles-de-la-Madeleine
C011438,2,1,0.3732107383137141,31.072947928198833,-31.485579845982056,1,1,Gaspesie-Iles-de-la-Madeleine
C004130,2,0,0.0037510508998507995,24.284338274220374,-28.726848063443242,0,0,Montreal
C005972,2,0,0.004508221533490493,26.86149068771499,-31.157061566676315,0,1,Bas-Saint-Laurent
C004744,2,0,0.0006984017150053791,23.792881033736535,-29.575679029189757,0,0,Montreal
C006675,2,1,0.9680402143275313,32.30576206747307,-29.591215912799434,1,0,Montreal
C004639,2,1,0.9914356438439561,35.31864310120961,-31.53703570098898,1,1,Gaspesie-Iles-de-la-Madeleine
C001642,2,1,0.7978720322020327,30.982881033736533,-29.89011532237727,1,0,Montreal
C010597,2,0,0.04726863821322175,27.18576206747307,-29.576143400205442,0,0,Capitale-Nationale
C011680,2,1,0.9926259763462565,34.70582896193537,-30.804168429033602,1,0,Capitale-Nationale
C010831,2,1,0.9025117648217001,31.444304826989228,-29.67313815972631,1,0,Montreal
C004164,2,0,0.40150878850482236,30.537219307956914,-30.85491621741937,1,1,Cote-Nord
C000498,2,1,0.6211530764736913,30.11291448096768,-29.719400778892428,0,0,Montreal
C008557,2,0,0.1330962091338285,29.31437172145153,-30.805715418181382,0,1,Cote-Nord
C007415,2,1,0.9204500084129837,32.9686431012096,-31.019976143283326,1,1,Gaspesie-Iles-de-la-Madeleine
C009192,2,0,0.039305082705135046,28.337219307956914,-30.881057801540962,0,1,Cote-Nord
C009586,2,1,0.8342830181790096,30.794304826989226,-29.50794870453545,1,0,Montreal
C006172,2,0,0.0767611368090466,27.558609653978458,-29.538086665714175,0,0,Montreal
C001951,2,0,0.02128870895801094,25.75003344723115,-28.79666759525848,0,0,Montreal
C005366,2,1,0.8531173128169758,32.00149068771499,-30.601347937452083,1,1,Bas-Saint-Laurent
C011046,2,0,0.0006093427511109541,23.585762067473073,-29.47719829616474,0,0,Montreal
C011730,2,1,0.9972613337315606,34.05576206747307,-29.362091398067545,1,0,Montreal
C003581,2,0,0.2022260041097261,28.035762067473073,-29.128044063026444,0,0,Montreal
C004594,2,1,0.8490255155409702,31.34576206747307,-29.97131351141582,1,0,Capitale-Nationale
C009144,2,0,0.07347057013309925,27.398609653978458,-29.41578807822958,0,0,Montreal
C011543,2,1,0.5392469742560494,30.277185860725766,-30.151986507054463,1,0,Montreal
C000036,2,1,0.7286905844145046,30.20145724048384,-29.415147207526076,1,0,Montreal
C009391,2,1,0.4411234970754422,28.802914480967683,-28.991219988753873,0,0,Montreal
C005652,2,0,0.40467749493297595,28.35860965397846,-28.66582530672586,0,0,Montreal
C012978,2,1,0.37865062059736354,30.947219307956914,-31.341396982205108,1,1,Cote-Nord
C004186,2,0,0.1933329512040625,30.132914480967685,-31.269811082396586,1,1,Gaspesie-Iles-de-la-Madeleine
C007864,2,0,0.021598925920324738,26.578609653978457,-29.613477860864258,0,0,Montreal
C010855,2,0,0.26582632458279837,31.180100341693446,-31.988625590161167,1,1,Bas-Saint-Laurent
C007722,2,1,0.9847144442582724,32.982914480967686,-29.667767249959226,1,0,Capitale-Nationale
C010564,2,0,0.07817663423303266,27.768609653978455,-29.7323231352135,0,0,Montreal
C008533,2,0,0.0053760891053538425,25.008609653978457,-29.163366939668485,0,0,Capitale-Nationale
C011481,2,0,0.20177354297672526,29.588609653978455,-30.683125577235153,0,1,Bas-Saint-Laurent
C001709,2,0,0.7185154672167237,31.614338274220376,-30.86852169511729,1,1,Bas-Saint-Laurent
C001917,2,1,0.9455515388483045,31.717185860725763,-29.445366829036455,1,0,Montreal
C006454,2,0,0.43305640653910343,28.674338274220375,-28.88873887694349,0,0,Montreal
C010087,2,1,0.555432746543605,30.338609653978455,-30.161412456019512,1,0,Montreal
C010796,2,1,0.8025225058097945,30.651457240483843,-29.53554125071154,1,0,Capitale-Nationale
C008559,2,1,0.436581176028061,30.9200668944623,-31.123052436004574,1,1,Cote-Nord
C008732,2,1,0.2607141100113938,28.218609653978458,-29.048112280893125,0,0,Capitale-Nationale
C012030,2,0,0.06409024232967642,29.982914480967683,-32.116819860738275,0,1,Gaspesie-Iles-de-la-Madeleine
C003817,2,0,0.054058842824320524,29.077219307956913,-31.35508170816763,0,1,Bas-Saint-Laurent
C005442,2,1,0.9471311736229218,31.13003344723115,-28.83345499653817,1,0,Montreal
C013728,2,0,0.002111133716456442,27.148643101209608,-32.0499360838806,0,1,Gaspesie-Iles-de-la-Madeleine
C006620,2,0,0.006961452939951671,24.498609653978455,-28.446423305098524,0,0,Montreal
C008168,2,1,0.3732942525529661,27.835762067473073,-28.24810986200059,0,0,Capitale-Nationale
C003707,2,0,0.4636065230570334,30.284338274220374,-30.4004012890263,1,0,Capitale-Nationale
C002996,2,0,0.0001478084308245863,25.27576206747307,-32.2948854305821,0,1,Bas-Saint-Laurent
C000089,2,1,0.9729198695813221,31.66003344723115,-28.80962748490667,1,0,Capitale-Nationale
C007246,2,1,0.994103074142258,33.58433827422038,-29.50359185892853,1,0,Montreal
C000161,2,0,0.00775417854114966,27.757185860725766,-31.618534507354234,0,1,Gaspesie-Iles-de-la-Madeleine
C006601,2,0,0.0017550686665047807,26.54149068771499,-31.59007823447266,0,1,Gaspesie-Iles-de-la-Madeleine
C009779,2,0,2.000730008472612e-06,21.425762067473073,-31.86915216447193,0,1,Bas-Saint-Laurent
C012892,2,1,0.8893434538931247,32.65433827422038,-30.995705689553958,1,1,Cote-Nord
C010327,2,1,0.99999614069752,38.75860965397845,-28.838086546249542,1,0,Montreal
C009825,2,1,0.7840003765337415,32.502947928198836,-31.476967075564374,1,1,Cote-Nord
C008929,2,0,0.002330382389063785,23.947185860725764,-28.76966632723409,0,0,Capitale-Nationale
C007479,2,0,0.0008635233937530462,23.524338274220376,-29.138100237848846,0,0,Capitale-Nationale
C001895,2,0,0.0702323374348414,27.614304826989226,-29.670134618915334,0,0,Montreal
C001193,2,0,0.0003668434142714918,24.477185860725765,-30.772675580258856,0,1,Cote-Nord
C002458,2,0,0.07946024968740363,27.008609653978457,-28.958252545814076,0,0,Montreal
C001371,2,0,0.15722745974631017,30.554338274220378,-31.890605143227525,1,1,Cote-Nord
C003119,2,0,0.001061947088483597,27.068609653978456,-32.51759728568309,0,1,Cote-Nord
C002936,2,0,0.5171295933806739,31.937252755188062,-31.882699756737086,1,1,Bas-Saint-Laurent
C006286,2,1,0.9425511312915261,32.27860965397846,-30.05201106499298,1,0,Montreal
C013503,2,0,0.4928609668432461,29.148609653978458,-29.171338139091365,0,0,Capitale-Nationale
C007008,2,1,0.9970470949482355,34.04291448096768,-29.409358391764158,1,0,Montreal
C012519,2,1,0.8022783413558309,30.422881033736534,-29.30819063876577,1,0,Montreal
C001578,2,1,0.9912162079023442,34.65291448096768,-30.891618146714098,1,1,Cote-Nord
C013764,2,1,0.992210579929644,32.22576206747307,-28.368050593566828,1,0,Montreal
C003177,2,0,0.002489017695383201,25.697219307956914,-30.46716065660714,0,0,Montreal
C008680,2,1,0.999850895853005,36.09860965397845,-29.08643365559232,1,0,Montreal
C008508,2,0,2.048737911544123e-06,21.10860965397846,-31.53312820054258,0,1,Cote-Nord
C005685,2,1,0.6116716702623796,32.08149068771499,-31.71989202000804,1,1,Bas-Saint-Laurent
C006715,2,0,0.2503047882000095,27.892881033736533,-28.76593930072594,0,0,Montreal
C004683,2,1,0.1770496536461204,29.888609653978456,-31.111435019464476,0,0,Capitale-Nationale
C013249,2,0,0.11271285003141703,30.997219307956914,-32.63935587954779,1,1,Cote-Nord
C004555,2,0,0.004615804403723749,25.267185860725764,-29.54390141467681,0,0,Montreal
C004872,2,0,0.16587080368831802,28.008609653978457,-29.294080624550705,0,0,Capitale-Nationale
C012690,2,0,0.010652121670516736,25.84576206747307,-29.45207283285432,0,0,Montreal
C010305,2,1,0.9707105300279872,32.138609653978456,-29.35243128800151,1,0,Capitale-Nationale
C002012,2,0,0.05014702296916691,28.298609653978456,-30.639537374833523,0,1,Cote-Nord
C013535,2,0,0.10654311690551299,28.578643101209607,-30.271096972371858,0,1,Bas-Saint-Laurent
C009295,2,0,0.686495211868272,30.215762067473072,-29.591972193016645,1,0,Capitale-Nationale
C007392,2,0,0.043317951918621755,29.188643101209607,-31.65178119649713,0,1,Gaspesie-Iles-de-la-Madeleine
C007438,2,0,0.014551452838231322,26.510033447231148,-29.86494443703795,0,0,Montreal
C003504,2,1,0.938307116586128,33.23576206747307,-31.06947930701658,1,1,Bas-Saint-Laurent
C001102,2,1,0.8382688527794272,31.980066894462297,-30.670541263882342,1,1,Cote-Nord
C013504,2,1,0.40885391498857626,28.370033447231148,-28.663474526145315,0,0,Montreal
C000651,2,0,0.14902714837700737,27.22003344723115,-28.60663758026496,0,0,Capitale-Nationale
C008175,2,1,0.9981422862985673,34.718609653978454,-29.715339991805937,1,0,Montreal
C008793,2,0,0.1569879362399506,28.39149068771499,-29.72919708514559,0,1,Bas-Saint-Laurent
C002038,2,0,0.08678315174706196,28.97579551470422,-30.848921631688548,0,1,Gaspesie-Iles-de-la-Madeleine
C000759,2,1,0.8006120199761301,29.608643101209605,-28.50228660405522,0,0,Montreal
C009086,2,1,0.9996988473133841,35.04718586072576,-28.59460480939899,1,0,Capitale-Nationale
C003774,2,0,0.5056694831218025,29.294338274220376,-29.27628883734177,0,0,Montreal
C008446,2,0,0.01078441929184473,25.934338274220377,-29.530718922387397,0,0,Montreal
C006842,2,0,0.004283775243449237,24.50576206747307,-28.84215584274166,0,0,Montreal
C010763,2,1,0.9122581710368225,29.644338274220377,-27.78079169337434,0,0,Montreal
C011996,2,0,0.045727005485693493,27.097185860725766,-29.515243373698514,0,0,Montreal
C005183,2,0,0.02407716904157455,27.012881033736534,-29.95928312795527,0,0,Montreal
C010445,2,0,0.3520904108244975,28.378609653978458,-28.863980842925113,0,0,Capitale-Nationale
C013182,2,0,0.03454817896152217,29.258643101209607,-31.90907893897752,0,1,Cote-Nord
C003812,2,1,0.7745265076486014,30.987185860725763,-30.005044299863286,1,0,Capitale-Nationale
C000539,2,1,0.6408371017772825,29.86576206747307,-29.404954515488903,0,0,Montreal
C012766,2,0,0.0006785775233331546,25.517219307956914,-31.32295072075101,0,1,Gaspesie-Iles-de-la-Madeleine
C009737,2,0,0.09520873279928611,29.89145724048384,-31.68346181483304,0,1,Cote-Nord
C009112,2,1,0.24478247734593825,28.512881033736534,-29.409535572479058,0,0,Montreal
C005217,2,1,0.9956024201673187,32.72576206747307,-28.410326678639017,1,0,Montreal
C004984,2,0,0.12274425972577278,27.877185860725763,-29.442417873386855,0,0,Capitale-Nationale
C003002,2,1,0.6417998387595425,29.93576206747307,-29.47162357652067,0,0,Montreal
C004029,2,0,0.0029014535398453486,27.20149068771499,-31.849077326177657,0,1,Gaspesie-Iles-de-la-Madeleine
C001481,2,1,0.903802821200313,31.754338274220377,-29.97142365137904,1,0,Montreal
C000774,2,1,0.9999494882456018,37.30149068771499,-29.42775660513088,1,0,Capitale-Nationale
C000205,2,1,0.9158926887908101,31.038609653978458,-29.13822912883811,1,0,Montreal
C008301,2,0,0.5404504290098702,29.597185860725766,-29.468130845941005,0,0,Montreal
C009442,2,0,0.052265009349888945,28.328609653978457,-30.634837284641478,0,1,Cote-Nord
C004737,2,0,0.004861879508783784,25.454338274220376,-29.689520461361674,0,0,Capitale-Nationale
C003403,2,0,0.12521172820387602,29.748609653978455,-31.2957596788341,0,1,Cote-Nord
C001529,2,0,8.076526144082331e-05,22.59576206747307,-30.095938224206456,0,0,Capitale-Nationale
C004003,2,1,0.9786335461999298,32.39718586072576,-29.35351609822824,1,0,Montreal
C004749,2,1,0.4566285501518938,31.66579551470422,-31.804215354802412,1,1,Gaspesie-Iles-de-la-Madeleine
C010403,2,0,0.0933802375559467,29.375762067473072,-31.18480683265506,0,1,Cote-Nord
C008664,2,1,0.9896158880655638,33.2600668944623,-29.63326010737389,1,0,Capitale-Nationale
C004319,2,0,0.5250341274286269,28.977185860725765,-28.897423622798346,0,0,Capitale-Nationale
C008461,2,0,0.0013417627115236935,27.235762067473072,-32.49838880944922,0,1,Cote-Nord
C004241,2,0,0.006530838119855101,26.13149068771499,-30.130467941955715,0,0,Montreal
C005339,2,1,0.04307786447862915,28.527219307956912,-30.99498043910696,0,1,Cote-Nord
C009481,2,0,0.2242961419489487,28.554338274220378,-29.54185537053013,0,0,Montreal
C007903,2,1,0.8371301111279713,32.63721930795691,-31.334359598057407,1,1,Cote-Nord
C000697,2,0,0.017174992639921092,27.36294792819883,-30.583811181349375,0,1,Gaspesie-Iles-de-la-Madeleine
C012149,2,0,0.4740761806454946,30.625762067473072,-30.708363992878915,1,0,Montreal
C002795,2,0,0.020695185614854377,28.3800668944623,-31.449687324224055,0,1,Gaspesie-Iles-de-la-Madeleine
C005801,2,0,0.014892603876426765,27.984338274220377,-31.32053033453873,0,1,Gaspesie-Iles-de-la-Madeleine
C012099,2,1,0.8671639496993094,32.93433827422038,-31.441198590482905,1,1,Cote-Nord
C012465,2,0,0.8876874161399503,31.30003344723115,-29.65470660792621,1,0,Montreal
C008982,2,1,0.9855126994536908,32.607185860725764,-29.248706595273028,1,0,Capitale-Nationale
C005175,2,0,0.1316986964078695,30.152914480967684,-31.653940965609184,1,1,Gaspesie-Iles-de-la-Madeleine
C001821,2,0,0.11859626387830907,29.61579551470422,-31.212142225231045,0,1,Cote-Nord
C013880,2,0,0.05336712312080579,28.778609653978457,-31.067303221369333,0,1,Gaspesie-Iles-de-la-Madeleine
C001290,2,0,0.7525579574906922,30.994338274220375,-30.109091895088834,1,0,Capitale-Nationale
C012596,2,0,0.0002424720242105594,24.797185860725765,-31.422303158218078,0,1,Bas-Saint-Laurent
C011774,2,0,4.119760858007709e-05,23.678643101209605,-31.714603278244983,0,1,Bas-Saint-Laurent
C005456,2,1,0.800757519754967,30.602914480967684,-29.495832376116326,1,0,Montreal
C010668,2,1,0.9360366576716872,33.812914480967684,-31.67732379746265,1,1,Gaspesie-Iles-de-la-Madeleine
C013093,2,0,0.0040740537120374076,25.438609653978457,-29.81512062793715,0,0,Montreal
C006351,2,1,0.9708585776162273,32.44860965397846,-29.65827688672112,1,0,Montreal
C013865,2,1,0.219480818987505,27.867185860725765,-28.876900452473432,0,0,Montreal
C009006,2,1,0.388660156398035,29.137185860725765,-29.497672879272837,0,0,Capitale-Nationale
C001244,2,1,0.9936590334231266,32.95288103373654,-28.930270312933374,1,0,Montreal
C011846,2,0,0.7826346315363844,30.618643101209607,-29.599066239276492,1,0,Capitale-Nationale
C001127,2,1,0.9881524944437527,33.101457240483846,-29.58075590494594,1,0,Montreal
C006949,2,0,0.3227368234416873,28.364338274220376,-28.954254465199252,0,0,Montreal
C000961,2,0,0.001392706020714114,24.02003344723115,-29.252961988089343,0,0,Montreal
C003492,2,1,0.9378392093278586,30.497185860725764,-28.337313538146084,1,0,Montreal
C002473,2,1,0.9721019101175639,33.07864310120961,-30.252589965617304,1,0,Capitale-Nationale
C007187,2,1,0.7278627713610115,29.598609653978457,-28.815628904645678,0,0,Montreal
C004672,2,1,0.20224697524190863,27.71003344723115,-28.802211992955574,0,0,Montreal
C008634,2,0,0.0014213656942409173,26.137185860725765,-31.353880079730683,0,1,Cote-Nord
C008661,2,0,0.2737193957729611,28.88576206747307,-29.662397269999563,0,0,Montreal
C011411,2,1,0.7151258070156374,29.998609653978455,-29.266083216081658,0,0,Capitale-Nationale
C008134,2,0,0.021879645653907046,26.5600668944623,-29.58442950894688,0,0,Capitale-Nationale
C004292,2,1,0.9960252624845123,33.140066894462294,-28.743834679024918,1,0,Capitale-Nationale
C005541,2,0,0.001319703909678287,25.63003344723115,-30.90587073385026,0,0,Montreal
C006348,2,0,0.00024021649148744898,24.787185860725764,-31.419742966330773,0,1,Gaspesie-Iles-de-la-Madeleine
C012850,2,0,0.12396387775403774,28.327185860725763,-29.883441708322046,0,0,Capitale-Nationale
C002821,2,0,0.5609815210761918,29.167185860725763,-28.972081394127695,0,0,Montreal
C002202,2,0,0.06106328698894733,27.532881033736533,-29.70786147345025,0,0,Montreal
C010516,2,0,0.02137523884520244,25.73145724048384,-28.774792695791156,0,0,Montreal
C012446,2,0,0.5514237306385733,28.792914480967685,-28.62862737254217,0,0,Montreal
C003614,2,1,0.8920683648262021,30.781490687714992,-29.10057975635413,1,0,Montreal
C009395,2,0,0.08250832932270119,28.937185860725766,-30.85423072376235,0,1,Gaspesie-Iles-de-la-Madeleine
C007178,2,1,0.9094991898562022,30.882914480967685,-29.04641868086407,1,0,Montreal
C001850,2,1,0.7583918418591471,31.278643101209607,-30.36826212033239,1,1,Gaspesie-Iles-de-la-Madeleine
C013484,2,0,0.014931287767848113,27.3100668944623,-30.644163093130757,0,1,Cote-Nord
C013157,2,0,0.08835623672077185,29.338643101209605,-31.19609987117158,0,1,Cote-Nord
C002901,2,0,9.527238780356677e-05,23.782914480967683,-31.15160703383239,0,1,Bas-Saint-Laurent
C012570,2,0,0.1048107791220523,29.637185860725765,-31.344228149522497,0,1,Bas-Saint-Laurent
C002779,2,0,0.16845422320861092,27.994304826989225,-29.26500701753224,0,0,Montreal
C007078,2,0,0.0603367992061855,27.768609653978455,-29.95373110972787,0,0,Capitale-Nationale
C013345,2,1,0.9621111043558015,33.232914480967686,-30.658698618566028,1,1,Cote-Nord
C011748,2,0,1.6264026387104883e-07,19.235762067473072,-31.67656721446729,0,1,Bas-Saint-Laurent
C001026,2,1,0.5923665931284425,29.142914480967683,-28.845452531029032,0,0,Capitale-Nationale
C008620,2,1,0.9954386265958075,32.87860965397846,-28.592409670842155,1,0,Capitale-Nationale
C009436,2,1,0.8192736489821772,30.171457240483843,-28.968553673420544,1,0,Capitale-Nationale
C002788,2,0,0.018762709812334754,27.190033447231148,-30.339241639266053,0,0,Montreal
C005379,2,1,0.7214667091158655,29.54145724048384,-28.783990002590766,0,0,Montreal
C000592,2,1,0.41586736998079177,29.158609653978456,-29.429015437024482,0,0,Capitale-Nationale
C002089,2,0,0.648791273107675,29.162914480967682,-28.674465531750652,0,0,Montreal
C006440,2,0,0.6875438107982687,30.010033447231148,-29.382362382223832,0,0,Capitale-Nationale
C005278,2,0,0.0005181484409900698,25.425762067473073,-31.446296522353556,0,1,Gaspesie-Iles-de-la-Madeleine
C000824,2,1,0.22405102564696922,30.941490687714992,-31.93012945328425,1,1,Gaspesie-Iles-de-la-Madeleine
C013931,2,0,0.012610302067649156,25.20003344723115,-28.670460533799993,0,0,Montreal
C000904,2,1,0.6528723256547808,30.772914480967682,-30.270172839670444,1,1,Bas-Saint-Laurent
C004337,2,0,0.8409587365644401,30.064338274220376,-28.738914839896506,0,0,Capitale-Nationale
C003792,2,0,0.0003005779094259978,25.38294792819883,-31.837049876608845,0,1,Gaspesie-Iles-de-la-Madeleine
C005249,2,0,0.015608601021761169,27.765762067473073,-31.06400352076748,0,1,Bas-Saint-Laurent
C005949,2,0,0.6441837728005531,29.752881033736536,-29.280477341913013,0,0,Montreal
C007833,2,0,0.0012510467494406072,26.45579551470422,-31.774208247404,0,1,Gaspesie-Iles-de-la-Madeleine
C010994,2,1,0.853287070112497,31.97152413494614,-30.570302689995955,1,1,Gaspesie-Iles-de-la-Madeleine
C002585,2,1,0.9780595563280787,32.60576206747307,-29.583657376457676,1,0,Capitale-Nationale
C001986,2,0,0.058811541651462886,27.457185860725765,-29.66397560125481,0,0,Capitale-Nationale
C009107,2,0,0.006338093490396949,27.838643101209605,-31.86161681247499,0,1,Bas-Saint-Laurent
C005206,2,1,0.9835440993124976,32.27860965397846,-29.02312476023309,1,0,Montreal
C002010,2,1,0.9951486487658074,33.690033447231144,-29.453117537582017,1,0,Montreal
C007616,2,0,0.03502411573701847,29.010066894462298,-31.649221215025555,0,1,Bas-Saint-Laurent
C000413,2,1,0.9808629397212832,32.75860965397845,-29.625427864511003,1,0,Capitale-Nationale
C003987,2,0,0.03624346749151175,27.991457240483843,-30.6023687807619,0,1,Gaspesie-Iles-de-la-Madeleine
C005935,2,1,0.9532700075040736,31.652914480967684,-29.252961988089343,1,0,Montreal
C009509,2,1,0.3367563494675767,31.704338274220376,-32.243764548757696,1,1,Gaspesie-Iles-de-la-Madeleine
C001750,2,0,0.006873522947906036,27.42149068771499,-31.379491441460047,0,1,Bas-Saint-Laurent
C006026,2,1,0.0758562342348488,26.914338274220377,-28.904032847916355,0,0,Montreal
C013257,2,0,0.27421404974272034,29.29576206747307,-30.070418073870883,0,0,Capitale-Nationale
C003904,2,1,0.9086600117081126,31.447185860725764,-29.618770506219935,1,0,Montreal
C000223,2,0,0.016763015875772804,26.478609653978456,-29.71912965687584,0,0,Montreal
C000387,2,1,0.9465130921659012,32.12003344723115,-29.833224952676204,1,0,Montreal
C009812,2,0,0.259220030422322,31.16149068771499,-31.997174145442834,1,1,Gaspesie-Iles-de-la-Madeleine
C000299,2,1,0.9607644993779836,32.922914480967684,-30.377608164097058,1,1,Bas-Saint-Laurent
C011593,2,0,0.5231389114282058,29.79576206747307,-29.72204724534052,0,0,Montreal
C000527,2,1,0.6876893398506805,30.281457240483842,-29.65324696667353,1,0,Montreal
C010208,2,1,0.9999533102219064,36.828609653978454,-28.892252909739433,1,0,Montreal
C010306,2,0,0.19467619282002502,30.325828961935372,-31.455888767725597,1,1,Cote-Nord
C000175,2,0,0.3221241335980633,29.187185860725766,-29.77933404257774,0,0,Capitale-Nationale
C007593,2,1,0.9783454292672878,32.00576206747307,-28.972986867703593,1,0,Capitale-Nationale
C005343,2,0,0.08722298834693944,26.914338274220377,-28.783057524639982,0,0,Capitale-Nationale
C003616,2,0,0.017222743897988467,26.318609653978456,-29.537224571413624,0,0,Capitale-Nationale
C007744,2,0,0.030969280395192235,29.2400668944623,-31.980483041530633,0,1,Bas-Saint-Laurent
C002406,2,0,0.09332455851703572,26.504338274220377,-28.31390660286496,0,0,Montreal
C006946,2,1,0.7402714497090204,32.40149068771499,-31.567913505335333,1,1,Gaspesie-Iles-de-la-Madeleine
C013188,2,0,0.22861672508017328,28.82145724048384,-29.789344126329357,0,0,Capitale-Nationale
C005198,2,1,0.9933718978596708,33.281457240483846,-29.294323419294248,1,0,Capitale-Nationale
C003165,2,1,0.9717711137167876,32.51003344723115,-29.69363254251627,1,0,Montreal
C009645,2,0,0.00017839820477030322,25.727219307956915,-32.596614482048786,0,1,Gaspesie-Iles-de-la-Madeleine
C004340,2,0,0.29607697157671514,31.18149068771499,-31.870752676000965,1,1,Gaspesie-Iles-de-la-Madeleine
C009040,2,1,0.863459942781755,30.52003344723115,-29.05218880364004,1,0,Capitale-Nationale
C008882,2,0,0.009769988173373665,27.188643101209607,-30.864461139762163,0,1,Bas-Saint-Laurent
C011687,2,0,0.8504768452892147,33.308643101209604,-31.925147479904446,1,1,Gaspesie-Iles-de-la-Madeleine
C003336,2,0,0.0667603537966404,29.88579551470422,-31.984941867398504,0,1,Bas-Saint-Laurent
C002277,2,1,0.04534794312518308,27.337185860725764,-29.76218445003691,0,0,Capitale-Nationale
C002555,2,1,0.9860518150035342,32.58718586072576,-29.198089562552415,1,0,Montreal
C002191,2,1,0.9182889364313652,31.594338274220377,-29.668874370650528,1,0,Montreal
C007681,2,1,0.5963610990921764,29.797185860725765,-29.48653774998546,0,0,Capitale-Nationale
C006457,2,0,0.00033449794230298397,22.852914480967684,-29.221892134273112,0,0,Capitale-Nationale
C007765,2,1,0.8439882492158503,33.727219307956915,-32.38362750980443,1,1,Bas-Saint-Laurent
C000247,2,0,0.7594421741234145,31.662914480967682,-30.747964638822552,1,1,Cote-Nord
C010209,2,0,0.3209808276070851,28.864338274220376,-29.46065741856682,0,0,Capitale-Nationale
C004215,2,1,0.3770287443975336,30.774338274220376,-31.174006929185524,1,1,Gaspesie-Iles-de-la-Madeleine
C008173,2,1,0.8934072000546506,30.63576206747307,-28.943723495977665,1,0,Montreal
C012911,2,0,0.052855613172241196,29.014338274220375,-31.311126759684818,0,1,Gaspesie-Iles-de-la-Madeleine
C010631,2,1,0.8701296632886453,32.418643101209604,-30.904816155635896,1,1,Bas-Saint-Laurent
C001897,2,0,0.16119204921334518,30.4200668944623,-31.732761490088638,1,1,Cote-Nord
C011191,2,0,0.5039804215940628,30.218609653978458,-30.205937809772028,1,0,Capitale-Nationale
C013288,2,1,0.9995516339008916,35.06149068771499,-28.9257768793477,1,0,Montreal
C012273,2,0,0.0005474359592181697,24.898609653978458,-30.87536095066396,0,1,Gaspesie-Iles-de-la-Madeleine
C006674,2,0,0.796383269021451,30.734338274220377,-29.64889942552466,1,0,Montreal
C006272,2,0,0.818712519612695,30.895762067473072,-29.69587101716165,1,0,Capitale-Nationale
C004061,2,0,0.22887118301554493,28.542914480967685,-29.509653452650568,0,0,Montreal
C005027,2,1,0.671891322093547,30.412914480967682,-29.84247401442713,1,0,Montreal
C012810,2,0,0.0216042849966454,25.38149068771499,-28.41615709060168,0,0,Montreal
C012378,2,1,0.6582145751442611,32.408643101209606,-31.887072065327935,1,1,Bas-Saint-Laurent
C009332,2,0,0.4281181547086433,30.787185860725764,-31.017616345999866,1,1,Bas-Saint-Laurent
C009117,2,0,0.010321514251609916,25.772914480967682,-29.404583799065183,0,0,Montreal
C013358,2,0,0.05851574202310571,27.957185860725765,-30.168238708144045,0,0,Capitale-Nationale
C005630,2,1,0.9964649127364474,33.64003344723115,-29.15015766661163,1,0,Montreal
C008555,2,1,0.999589775825755,35.18149068771499,-28.97498873689371,1,0,Capitale-Nationale
C000596,2,0,0.612672399154996,30.18576206747307,-29.82080876223935,1,0,Montreal
C004237,2,1,0.9737041094895096,32.22149068771499,-29.347054786170848,1,0,Capitale-Nationale
C000474,2,1,0.9866879383848374,33.69291448096769,-30.266154643243137,1,0,Montreal
C007204,2,0,0.15657855034755855,27.898609653978458,-29.238780590973796,0,0,Capitale-Nationale
C009341,2,0,0.3252749164608718,30.371490687714992,-30.952184244497854,1,1,Bas-Saint-Laurent
C002903,2,0,0.0008776862330501621,23.588609653978455,-29.189412999786164,0,0,Montreal
C004523,2,0,0.18645430353077683,27.694338274220375,-28.86682513751608,0,0,Capitale-Nationale
C006212,2,1,0.08234756334963483,27.244338274220375,-29.16307482883626,0,0,Montreal
C002719,2,0,0.5949024039976737,29.425728620241923,-29.119900559999977,0,0,Montreal
C003435,2,1,0.7055137158331949,32.301490687714995,-31.60614489558091,1,1,Gaspesie-Iles-de-la-Madeleine
C012508,2,0,0.06581639511295151,29.634405168682676,-31.745689637578376,0,1,Gaspesie-Iles-de-la-Madeleine
C005892,2,1,0.7460466659236832,29.588609653978455,-28.730951280496036,0,0,Montreal
C005789,2,1,0.7459044375429201,30.50145724048384,-29.64439621546168,1,0,Capitale-Nationale
C007552,2,1,0.2610457038118527,28.274338274220376,-29.102472251162794,0,0,Montreal
C008538,2,0,0.11572590052607394,28.302881033736533,-29.9213145464191,0,0,Capitale-Nationale
C006640,2,0,0.192855446850537,29.745762067473073,-30.88509775447383,0,1,Gaspesie-Iles-de-la-Madeleine
C013544,2,0,0.01429634589668237,25.504304826989227,-28.873498249020955,0,0,Montreal
C007368,2,0,0.005701165893922783,25.29145724048384,-29.399229280938286,0,0,Montreal
C008860,2,1,0.8589742539732838,32.70576206747307,-31.2677887718621,1,1,Gaspesie-Iles-de-la-Madeleine
C011234,2,1,0.11049696491084188,27.30003344723115,-28.95995740295857,0,0,Montreal
C009985,2,0,0.0077287641106619205,27.691490687714992,-31.55547247466942,0,1,Bas-Saint-Laurent
C001562,2,0,0.5898445512902435,30.112881033736535,-29.823723683618063,0,0,Montreal
C000662,2,1,0.9677349811537044,31.667185860725763,-28.960455601877754,1,0,Montreal
C013260,2,0,0.0024324412727308796,27.155762067473074,-31.944047764069516,0,1,Bas-Saint-Laurent
C001003,2,0,0.000981739036121162,25.6500668944623,-31.16162108456789,0,1,Bas-Saint-Laurent
C008653,2,0,0.1566853040630303,29.190066894462298,-30.529594659425616,0,1,Cote-Nord
C012801,2,0,0.05353327160057437,27.71003344723115,-29.996113376201098,0,0,Montreal
C006349,2,0,0.19962338064277077,28.010066894462298,-29.115250289802297,0,0,Capitale-Nationale
C011500,2,0,0.0003007900554251339,24.80003344723115,-31.253573705552775,0,1,Gaspesie-Iles-de-la-Madeleine
C000260,2,0,0.003064410239373638,24.835762067473073,-29.439729716776103,0,0,Montreal
C012488,2,0,0.049836803013471154,27.4900668944623,-29.836193205505054,0,0,Capitale-Nationale
C011568,2,1,0.45610045372976216,30.57149068771499,-30.71160461278233,1,1,Gaspesie-Iles-de-la-Madeleine
C010939,2,1,0.4605617616501978,30.56576206747307,-30.691574099110582,1,1,Gaspesie-Iles-de-la-Madeleine
C010879,2,1,0.7946122112047684,32.381490687714994,-31.304716258265895,1,1,Bas-Saint-Laurent
C009230,2,1,0.9994376424133093,35.12003344723115,-29.16469688990031,1,0,Montreal
C009176,2,1,0.9954517519364281,33.59576206747307,-29.307258178210734,1,0,Capitale-Nationale
C001678,2,1,0.9818187524472863,34.4800668944623,-31.305332735757315,1,1,Gaspesie-Iles-de-la-Madeleine
C012526,2,1,0.9341960368006843,33.7486431012096,-31.637197696994267,1,1,Bas-Saint-Laurent
C010881,2,1,0.9928343116173216,33.08718586072576,-29.162549197986003,1,0,Capitale-Nationale
C009023,2,0,0.37370093524479764,30.89003344723115,-31.300998036104442,1,1,Cote-Nord
C012100,2,1,0.932644899275839,32.06003344723115,-29.96845320795571,1,0,Montreal
C000462,2,1,0.7850181944908787,30.31003344723115,-29.279260937943718,1,0,Montreal
C002694,2,1,0.973854583561053,33.17576206747307,-30.29663586888638,1,0,Capitale-Nationale
C002415,2,1,0.9696633292327582,31.98003344723115,-29.222672345744723,1,0,Capitale-Nationale
C005076,2,0,0.0020049414827115306,25.147185860725763,-30.089638518506977,0,0,Capitale-Nationale
C000682,2,0,0.0126394951572513,25.93003344723115,-29.39859668033258,0,0,Montreal
C010011,2,0,0.009072716142175414,25.805762067473072,-29.541069304213526,0,0,Capitale-Nationale
C008968,2,0,0.006088053316217846,27.378609653978458,-31.433817044145187,0,1,Cote-Nord
C009607,2,1,0.9946203211134339,33.16145724048385,-29.007234076268816,1,0,Montreal
C003547,2,0,0.005707005214237455,25.934338274220377,-30.041290902832408,0,0,Montreal
C006849,2,0,0.7094404386437168,32.587219307956914,-31.876772558040837,1,1,Cote-Nord
C005649,2,0,0.003468479455411023,27.857185860725764,-32.36225360721533,0,1,Bas-Saint-Laurent
C010660,2,0,0.4103938357487023,30.114304826989226,-30.40267802600769,0,0,Montreal
C001698,2,0,0.1568538787248361,29.83149068771499,-31.170003546651113,0,1,Gaspesie-Iles-de-la-Madeleine
C011832,2,1,0.884979459416722,32.74576206747307,-31.121828228176316,1,1,Cote-Nord
C007112,2,0,0.29950321453887385,30.922947928198834,-31.599169659062163,1,1,Bas-Saint-Laurent
C005667,2,0,0.8112612389332454,32.03291448096768,-30.872357399845313,1,1,Gaspesie-Iles-de-la-Madeleine
C005362,2,1,0.4320785496443749,29.522881033736535,-29.740452291182233,0,0,Montreal
C002021,2,0,0.23465467463825188,27.912914480967682,-28.853800493752658,0,0,Capitale-Nationale
C008053,2,1,0.6504307334894847,32.58718586072576,-32.093004474715244,1,1,Bas-Saint-Laurent
C011161,2,1,0.6468904280676075,29.617185860725765,-29.13536795362115,0,0,Montreal
C010317,2,0,0.001274534066937024,25.994338274220375,-31.29792906853946,0,1,Gaspesie-Iles-de-la-Madeleine
C011262,2,0,0.010087314429296805,27.91149068771499,-31.561614979033454,0,1,Bas-Saint-Laurent
C000729,2,0,0.000497717181535395,23.975728620241924,-30.0282969623362,0,0,Montreal
C005899,2,1,0.876527469736468,33.048643101209606,-31.488780193064226,1,1,Bas-Saint-Laurent
C005814,2,1,0.2685565281368793,29.212914480967683,-30.01034219615781,0,0,Montreal
C000583,2,1,0.6537835309780918,29.4700668944623,-28.964123351856237,0,0,Capitale-Nationale
C003891,2,1,0.9997801756310679,36.80718586072576,-30.10400966228994,1,0,Montreal
C013631,2,0,0.1490062577515124,28.157185860725765,-29.543921104129545,0,0,Montreal
C012321,2,1,0.7846928166493544,30.812914480967684,-29.78367556313258,1,0,Montreal
C005281,2,1,0.9036391162349661,31.294371721451526,-29.512954497341852,1,0,Montreal
C009596,2,0,0.07175427597790944,27.54003344723115,-29.57749709823532,0,0,Capitale-Nationale
C009160,2,0,0.1244772965722655,28.18149068771499,-29.733990535158696,0,0,Montreal
C010711,2,0,0.1598560889741461,27.364304826989226,-28.68488963744983,0,0,Montreal
C008281,2,0,0.19160653076863632,30.25152413494614,-31.39726108251261,1,1,Cote-Nord
C000736,2,1,0.9506897052500235,31.337185860725764,-28.98216585671244,1,0,Montreal
C012485,2,1,0.9937814813465407,32.75003344723115,-28.711805615441207,1,0,Montreal
C001648,2,0,0.0031933270392781425,23.957185860725765,-28.528254259046086,0,0,Montreal
C013706,2,0,0.011402344661937376,27.49437172145153,-31.045911973085694,0,1,Cote-Nord
C007666,2,1,0.995744637042371,34.905795514704224,-30.56408281856747,1,1,Gaspesie-Iles-de-la-Madeleine
C012491,2,0,0.6595841186294171,30.668609653978457,-30.142188903054723,1,0,Montreal
C007011,2,0,0.0011116482392057661,24.144338274220377,-29.55688348628886,0,0,Capitale-Nationale
C011698,2,0,0.027073254165212553,28.668643101209607,-31.519256803113052,0,1,Cote-Nord
C011278,2,0,0.806646689527011,29.905762067473074,-28.768969359018833,0,0,Capitale-Nationale
C002850,2,0,0.38491381289942195,31.9000668944623,-32.27312487660721,1,1,Bas-Saint-Laurent
C006688,2,1,0.9986148508871794,35.43864310120961,-30.201378345334533,1,0,Montreal
C003489,2,0,0.2657480167851906,30.960066894462297,-31.768911510353238,1,1,Gaspesie-Iles-de-la-Madeleine
C004660,2,0,0.01874638436898078,27.151457240483843,-30.301371461223674,0,0,Capitale-Nationale
C009789,2,0,0.11074137863439715,29.902914480967684,-31.560861243240545,0,1,Bas-Saint-Laurent
C010779,2,0,0.008583709488088833,27.628643101209605,-31.408438526917916,0,1,Bas-Saint-Laurent
C006754,2,1,0.9858754636219708,31.79576206747307,-28.41680746710176,1,0,Montreal
C004240,2,0,0.00423060721000802,24.97145724048384,-29.31783324331425,0,0,Montreal
C011274,2,0,0.0011512831966293848,23.945762067473073,-29.33039375902964,0,0,Montreal
C009859,2,1,0.9988842990769865,34.67430482698923,-29.264659030112135,1,0,Montreal
C002417,2,0,0.0019041048867266316,23.967185860725763,-28.950788038453034,0,0,Montreal
C009359,2,0,0.014852059683752488,27.2900668944623,-30.628461368608118,0,1,Cote-Nord
C007465,2,0,0.6467616330850551,30.49437172145153,-30.01300252291007,1,1,Cote-Nord
C001065,2,0,0.05694899788221277,28.598609653978457,-30.832585484243964,0,0,Capitale-Nationale
C006232,2,1,0.20350350525861421,29.992914480967684,-31.07890915839395,0,1,Bas-Saint-Laurent
C005422,2,0,0.003641714115051781,25.707185860725765,-30.173326036252334,0,0,Capitale-Nationale
C010094,2,0,0.5604648797030626,29.61291448096768,-29.419479351357587,0,0,Montreal
C006726,2,1,0.6712322198368599,29.35860965397846,-28.790547422763336,0,0,Montreal
C009619,2,1,0.9976621430364279,36.248609653978455,-31.428683771491137,1,1,Gaspesie-Iles-de-la-Madeleine
C011467,2,1,0.9780590514939725,32.88003344723115,-29.857947479183203,1,0,Montreal
C008383,2,1,0.9995445500924972,37.50291448096768,-31.379682079815137,1,1,Cote-Nord
C012583,2,1,0.22636219250206183,28.61291448096768,-29.591011589748557,0,0,Montreal
C004681,2,0,0.10757029964510066,29.820100341693447,-31.50400247235958,0,1,Gaspesie-Iles-de-la-Madeleine
C005562,2,0,0.0003009641728978072,23.507185860725766,-29.960265411331342,0,0,Montreal
C007972,2,0,0.02375458670151499,27.04003344723115,-29.99743357461705,0,0,Montreal
C009031,2,0,0.4053248303831095,29.59003344723115,-29.895111144478467,0,0,Capitale-Nationale
C000783,2,1,0.7655924552781103,30.11576206747307,-29.173780487705102,1,0,Montreal
C003478,2,0,0.000242981644939223,24.74725275518806,-31.370698667817507,0,1,Bas-Saint-Laurent
C004190,2,1,0.674852392263399,30.624338274220374,-30.043183010550205,1,0,Montreal
C000136,2,1,0.8635362580501866,31.805762067473072,-30.337402132416543,1,1,Gaspesie-Iles-de-la-Madeleine
C010457,2,0,0.09383072232032202,30.028609653978457,-31.833428668113566,0,1,Cote-Nord
C013243,2,1,0.677921362521225,30.06576206747307,-29.473448057339482,0,0,Montreal
C002391,2,0,0.046186065115581015,27.16003344723115,-29.569758011802808,0,0,Montreal
C003239,2,0,0.04552840932426576,27.064304826989225,-29.48599200559372,0,0,Montreal
C003863,2,0,0.13027903629548232,27.478609653978456,-28.989562039826126,0,0,Montreal
C003637,2,0,0.00027726472138326795,24.625762067473072,-31.144136472640206,0,1,Gaspesie-Iles-de-la-Madeleine
C001876,2,0,0.00022067671571218803,23.47145724048384,-30.17155282602093,0,0,Capitale-Nationale
C000461,2,0,0.009813632494964902,27.794338274220376,-31.466573859472998,0,1,Gaspesie-Iles-de-la-Madeleine
C009846,2,0,0.0006055467919544112,23.292881033736535,-29.189293735062883,0,0,Capitale-Nationale
C008493,2,0,0.1321132233237972,29.912914480967682,-31.411059831734878,0,1,Bas-Saint-Laurent
C011306,2,1,0.63550602476187,30.43576206747307,-29.993329302994315,1,1,Bas-Saint-Laurent
C007699,2,0,0.6181400708264028,30.348609653978457,-29.965270423835968,1,0,Montreal
C010050,2,0,0.05091127276032337,26.34145724048384,-28.669706657222754,0,0,Montreal
C008239,2,1,0.9991536659210335,34.97433827422038,-29.344560227870193,1,0,Montreal
C001866,2,0,0.052679232510930124,27.877185860725763,-30.176782820303604,0,0,Montreal
C011910,2,0,0.08213083236855613,27.45145724048384,-29.372479154155556,0,0,Montreal
C013089,2,0,0.00023761576065866813,24.378609653978458,-31.01983237850388,0,1,Gaspesie-Iles-de-la-Madeleine
C000673,2,0,0.12498173181820045,29.88576206747307,-31.434584556052272,0,1,Bas-Saint-Laurent
C013809,2,0,0.0001317265861083691,24.257185860725766,-31.367997053366143,0,1,Gaspesie-Iles-de-la-Madeleine
C012910,2,1,0.6109525831432627,31.558643101209604,-31.19945300302976,1,1,Cote-Nord
C011566,2,0,0.3911050525341506,31.078643101209607,-31.430950072210326,1,1,Cote-Nord
C002894,2,0,0.00820939513635372,26.7200668944623,-30.535648090757412,0,1,Bas-Saint-Laurent
C004069,2,0,0.5162401727135185,29.638609653978456,-29.5868912620539,0,0,Capitale-Nationale
C007095,2,1,0.999959625265647,36.394338274220374,-28.342319982708112,1,0,Montreal
C003078,2,0,0.0034372025318943496,24.792881033736535,-29.30518304063897,0,0,Montreal
C012482,2,0,0.0020317087651595812,26.211490687714992,-31.143366929448916,0,1,Gaspesie-Iles-de-la-Madeleine
C010519,2,0,0.16193869159786847,29.715762067473072,-31.024069968605936,0,1,Gaspesie-Iles-de-la-Madeleine
C013471,2,1,0.7325687011150118,32.6300668944623,-31.828074151059067,1,1,Bas-Saint-Laurent
C009776,2,0,0.15348645113677434,28.102881033736534,-29.4618384106751,0,0,Montreal
C010553,2,0,0.40165158472655416,29.458609653978456,-29.77583365173555,0,0,Montreal
C009649,2,1,0.8344361038448997,30.768609653978455,-29.481371962100383,1,0,Capitale-Nationale
C006161,2,0,0.16055508484458675,30.717185860725763,-32.033635760442,1,1,Cote-Nord
C008188,2,0,0.1588250205518478,28.828643101209607,-30.155354009561698,0,0,Montreal
C007859,2,0,0.23751725592345485,29.287185860725764,-30.21543938423091,0,0,Capitale-Nationale
C007362,2,0,0.0018973260165869098,25.152881033736534,-30.13932707340652,0,0,Montreal
C003919,2,0,0.002083420219689621,24.781490687714992,-29.69332256890807,0,0,Capitale-Nationale
C001017,2,1,0.9109373443595506,30.870033447231148,-29.019531391096095,1,0,Capitale-Nationale
C010053,2,0,0.3731857439394671,28.76149068771499,-29.174207643698203,0,0,Montreal
C000625,2,0,0.0001953443523690075,24.684371721451527,-31.481531674526806,0,1,Bas-Saint-Laurent
C006786,2,1,0.9770857171457324,35.00860965397845,-32.02186138397178,1,1,Bas-Saint-Laurent
C006617,2,0,0.0904718950240395,29.167219307956913,-31.00399473195572,0,1,Bas-Saint-Laurent
C001666,2,0,7.880005891051686e-05,21.84576206747307,-29.36554458524529,0,0,Montreal
C002155,2,0,0.4372337675958847,29.064338274220376,-29.26521269112929,0,0,Montreal
C001236,2,0,0.008660018350427807,25.86145724048384,-29.634147424199448,0,0,Montreal
C012383,2,0,0.02417484543428469,26.97003344723115,-29.913133727649,0,0,Montreal
C006952,2,1,0.7106503758882947,31.308643101209604,-30.59351912057011,1,1,Bas-Saint-Laurent
C003524,2,0,0.03058278245904048,27.73003344723115,-30.48076194168655,0,0,Montreal
C011145,2,0,0.2025902527089,27.488609653978457,-28.579095961442928,0,0,Capitale-Nationale
C011532,2,0,0.1269311102838992,30.594338274220377,-32.12906813602314,1,1,Gaspesie-Iles-de-la-Madeleine
C009971,2,0,0.0037164112983437314,27.322914480967682,-31.772835650720943,0,1,Cote-Nord
C005243,2,0,0.04150782699764455,29.00149068771499,-31.50010498538762,0,1,Gaspesie-Iles-de-la-Madeleine
C012258,2,0,0.007126184519401279,27.308643101209604,-31.23771113060481,0,1,Gaspesie-Iles-de-la-Madeleine
C013523,2,1,0.9800310456312957,32.121490687714996,-29.022849999942732,1,0,Capitale-Nationale
C004502,2,0,0.03257926886073547,26.985762067473072,-29.684519862954243,0,0,Montreal
C003433,2,0,0.0005052556544046899,24.061457240483843,-30.10205564714954,0,0,Montreal
C007114,2,0,0.17963545835608657,28.051457240483842,-29.260238378921976,0,0,Montreal
C006887,2,0,0.21209103414378333,30.374371721451524,-31.418843899831742,1,1,Bas-Saint-Laurent
C013113,2,0,0.22648805587818382,29.337185860725764,-30.3147110775347,0,0,Montreal
C007695,2,1,0.44741143223779534,31.418609653978457,-31.586645551664642,1,1,Gaspesie-Iles-de-la-Madeleine
C013700,2,0,0.004920705237643301,24.79003344723115,-29.01559685504265,0,0,Montreal
C007318,2,0,0.002542445787095676,25.922881033736534,-30.675876774731606,0,1,Cote-Nord
C005890,2,1,0.9266486306865382,31.958609653978456,-29.940036555421347,1,0,Montreal
C005165,2,1,0.9431337777433775,32.08149068771499,-29.846287362987045,1,0,Capitale-Nationale
C013793,2,0,0.15725709898842138,28.055762067473072,-29.391850929673232,0,0,Capitale-Nationale
C000618,2,0,8.731644254241064e-05,24.16149068771499,-31.599590335002578,0,1,Bas-Saint-Laurent
C002106,2,0,4.334795018143612e-06,21.488609653978457,-31.31666206707734,0,1,Bas-Saint-Laurent
C013571,2,0,0.3891828017559617,29.624304826989228,-29.98304163704997,0,0,Montreal
C011261,2,1,0.4830308050399188,29.822914480967682,-29.876956260487866,0,0,Montreal
C006098,2,1,0.9997508505202691,34.578609653978454,-27.97511880389296,1,0,Montreal
C005847,2,0,0.018071233304023847,26.702914480967685,-29.882568224364316,0,0,Montreal
C007627,2,0,0.0030691961632849183,25.072881033736532,-29.675602862470363,0,0,Capitale-Nationale
C009783,2,1,0.7127020337665242,29.618609653978456,-28.89552802052865,0,0,Montreal
C005261,2,0,0.06664966893341552,28.114371721451526,-30.214933061356593,0,1,Cote-Nord
C003748,2,0,0.00044811149027637734,24.754338274220377,-30.890504355243156,0,1,Bas-Saint-Laurent
C012388,2,0,0.19344602504683117,28.54576206747307,-29.682081760311842,0,0,Montreal
C002022,2,0,0.9930705502402601,34.80152413494614,-30.850017631791445,1,1,Cote-Nord
C001949,2,1,0.9712694715230159,31.927219307956914,-29.125248164769058,1,0,Montreal
C006281,2,0,0.31510580668331756,30.52149068771499,-31.13936826629001,1,1,Cote-Nord
C013673,2,1,0.9976469607036685,33.982914480967686,-29.168152471836223,1,0,Capitale-Nationale
C013804,2,0,0.34501811732764565,28.82003344723115,-29.330193944459186,0,0,Montreal
C003202,2,1,0.9997335760400172,36.814338274220376,-30.264212920770554,1,0,Capitale-Nationale
C008682,2,0,0.0012170372500327827,23.96003344723115,-29.300408368129318,0,0,Capitale-Nationale
C010507,2,1,0.7370960526905945,29.912914480967682,-29.092429683922173,0,0,Capitale-Nationale
C004369,2,0,0.001915914477487938,26.292914480967685,-31.271586367784877,0,1,Cote-Nord
C001190,2,0,0.6688555652463601,28.558609653978458,-27.99910300632718,0,0,Montreal
C013651,2,1,0.9822386747273022,32.16003344723115,-28.966361617982695,1,0,Montreal
C000103,2,1,0.8587712714355495,30.72576206747307,-29.289121558584363,1,0,Montreal
C009927,2,1,0.9723879411436549,31.778643101209607,-28.94415389151669,1,0,Montreal
C013460,2,0,0.016901738716205948,24.638609653978456,-27.87245822663428,0,0,Montreal
C004247,2,0,0.23093714048149352,28.9200668944623,-29.877518904278745,0,0,Montreal
C006502,2,0,0.014566650441638821,27.640066894462297,-30.994134834837418,0,1,Gaspesie-Iles-de-la-Madeleine
C001476,2,1,0.8559086970961054,32.01291448096769,-30.59490151461958,1,1,Gaspesie-Iles-de-la-Madeleine
C005923,2,0,0.03308301706695026,26.262914480967684,-28.949046007583803,0,0,Montreal
C002935,2,0,0.00011590139144153762,24.268609653978455,-31.481295681804834,0,1,Gaspesie-Iles-de-la-Madeleine
C007561,2,0,0.006222686362948816,27.085762067473073,-31.12345334135503,0,1,Gaspesie-Iles-de-la-Madeleine
C009401,2,0,0.00028610389408065105,23.945762067473073,-30.439153245727425,0,0,Capitale-Nationale
C012763,2,1,0.8733690446454273,31.73145724048384,-30.194569585596238,1,0,Montreal
C011922,2,0,0.2185246369093894,29.132914480967685,-30.14707829079924,0,0,Montreal
C004685,2,0,0.0004761770167538768,23.55003344723115,-29.63783004591761,0,0,Montreal
C013107,2,0,0.03138577094629027,28.584371721451525,-31.313813813195118,0,1,Gaspesie-Iles-de-la-Madeleine
C006846,2,1,0.728645309072881,32.1200668944623,-31.333939113610235,1,1,Gaspesie-Iles-de-la-Madeleine
C001458,2,0,0.06975444874892435,27.658609653978456,-29.720282323957193,0,0,Capitale-Nationale
C006962,2,1,0.9723011059569587,32.17288103373654,-29.340961843179645,1,0,Capitale-Nationale
C000667,2,0,0.004365545753840538,25.938609653978457,-30.25988936003413,0,0,Montreal
C000806,2,1,0.9685359726031266,33.50864310120961,-30.7812472409155,1,1,Gaspesie-Iles-de-la-Madeleine
C004177,2,0,0.5667163656237318,28.964338274220374,-28.750674204013084,0,0,Montreal
C005837,2,0,0.018173091355276935,27.382881033736535,-30.557978914750972,0,1,Gaspesie-Iles-de-la-Madeleine
C010329,2,0,0.9391714818879716,33.82149068771499,-31.643245516369895,1,1,Gaspesie-Iles-de-la-Madeleine
C009952,2,1,0.8977568764478108,31.852914480967684,-30.12385268075231,1,1,Bas-Saint-Laurent
C002864,2,1,0.9999631174492913,37.73718586072576,-29.613165989277853,1,0,Capitale-Nationale
C005125,2,0,0.007640310343557303,25.224338274220376,-29.097552048496652,0,0,Montreal
C012369,2,1,0.9935000564147497,32.82718586072576,-28.824410016370386,1,0,Montreal
C005655,2,0,0.15788791232298863,30.3800668944623,-31.712373683127403,1,1,Gaspesie-Iles-de-la-Madeleine
C004347,2,0,0.08437943437963599,27.637185860725765,-29.534759067693027,0,0,Montreal
C003127,2,1,0.9397466307276028,31.727185860725765,-29.540892506082805,1,0,Capitale-Nationale
C007040,2,1,0.2791664047756124,30.84576206747307,-31.600723614678987,1,1,Gaspesie-Iles-de-la-Madeleine
C007333,2,0,0.05594139838642696,28.63149068771499,-30.880523789433845,0,1,Bas-Saint-Laurent
C013181,2,0,4.610568369874575e-05,21.640066894462297,-29.586443316777064,0,0,Capitale-Nationale
C003626,2,1,0.9721072661370903,33.91003344723114,-31.083823116914274,1,1,Cote-Nord
C013442,2,1,0.5570714982398083,31.745762067473073,-31.563281059624842,1,1,Gaspesie-Iles-de-la-Madeleine
C003855,2,0,0.0003106075890086825,22.90149068771499,-29.32946155892062,0,0,Montreal
C006194,2,1,0.8900331794887122,32.99721930795691,-31.332993530490263,1,1,Gaspesie-Iles-de-la-Madeleine
C012638,2,1,0.9659279457401764,33.078609653978454,-30.416736894356568,1,0,Montreal
C012612,2,1,0.9971137010425711,34.202914480967685,-29.55114794906887,1,0,Montreal
C013193,2,0,0.00035419397402190695,25.24149068771499,-31.56491782407595,0,1,Gaspesie-Iles-de-la-Madeleine
C000745,2,1,0.35087144812821114,30.544371721451526,-31.033998971064207,1,1,Cote-Nord
C000133,2,0,0.019053017083786726,28.27149068771499,-31.40824353887604,0,1,Gaspesie-Iles-de-la-Madeleine
C013636,2,0,0.07175556588973002,26.32003344723115,-28.357481685232358,0,0,Montreal
C004687,2,1,0.8386249139242101,32.99152413494614,-31.679906438170963,1,1,Bas-Saint-Laurent
C004610,2,1,0.36643619018614704,28.9000668944623,-29.335834074499786,0,0,Montreal
C003569,2,0,0.2637052644119078,27.54145724048384,-28.35865427951842,0,0,Montreal
C010768,2,1,0.99777206267147,33.994338274220375,-29.13599686132131,1,0,Montreal
C006929,2,0,0.028120889518066676,27.26149068771499,-30.081030673523223,0,1,Cote-Nord
C011676,2,0,0.2020576072617405,27.902914480967684,-28.996027462532606,0,0,Montreal
C004632,2,0,0.029217252111817655,28.102914480967684,-30.891116820103257,0,1,Gaspesie-Iles-de-la-Madeleine
C003755,2,1,0.9418849539454757,31.384338274220376,-29.167478190715077,1,0,Montreal
C000559,2,0,0.06875629334269208,28.7700668944623,-30.844063878293987,0,1,Cote-Nord
C000606,2,0,0.18811561311555614,30.84149068771499,-32.005290881433154,1,1,Gaspesie-Iles-de-la-Madeleine
C011190,2,0,0.04520894193923086,27.152914480967684,-29.5804721994525,0,0,Montreal
C006897,2,1,0.4956364180466969,31.92579551470422,-31.939687225698048,1,1,Cote-Nord
C010032,2,1,0.8164355070016027,30.282881033736533,-29.09514058833178,1,0,Montreal
C007648,2,0,0.014037035438151269,27.377185860725763,-30.76115680676409,0,1,Gaspesie-Iles-de-la-Madeleine
C010514,2,1,0.9157913022826056,31.547185860725765,-29.647852237071408,1,0,Montreal
C001620,2,1,0.4361465860280427,30.98149068771499,-31.185882515512752,1,1,Gaspesie-Iles-de-la-Madeleine
C000675,2,1,0.9710375405252308,33.4686431012096,-30.673260991817028,1,1,Cote-Nord
C006235,2,1,0.997323300645496,34.66149068771499,-29.94955584175693,1,0,Montreal
C002748,2,1,0.8925951689412817,32.01430482698923,-30.329029967612563,1,0,Capitale-Nationale
C009419,2,0,0.012719998443644364,27.818643101209606,-31.282088478944974,0,1,Bas-Saint-Laurent
C006144,2,1,0.9009725509721707,30.07145724048384,-28.314116650193828,0,0,Montreal
C009293,2,1,0.8717449247223121,31.554338274220378,-30.02907460286545,1,0,Montreal
C013805,2,0,9.772788259070416e-05,24.2400668944623,-31.588505110704126,0,1,Cote-Nord
C010393,2,0,0.11236679607073745,29.367219307956912,-31.012113475365123,0,1,Gaspesie-Iles-de-la-Madeleine
C005770,2,1,0.7423223791709652,31.29145724048384,-30.44936867251302,1,0,Capitale-Nationale
C000857,2,0,0.07870433599617185,28.142914480967683,-30.10081807123212,0,1,Bas-Saint-Laurent
C004315,2,0,0.8955894066836751,30.434338274220377,-28.72389569679738,1,0,Capitale-Nationale
C009741,2,0,0.48206751585358615,30.538643101209605,-30.595755229739986,1,1,Gaspesie-Iles-de-la-Madeleine
C000891,2,0,0.7206342737028657,29.517185860725764,-28.763012452224785,0,0,Montreal
C009376,2,1,0.9666376507587062,33.46721930795691,-30.7880093393682,1,1,Bas-Saint-Laurent
C000873,2,0,0.6229580370825988,30.024338274220376,-29.62471440903609,0,0,Capitale-Nationale
C013386,2,0,0.000689326141681751,23.117185860725765,-28.910401007618468,0,0,Montreal
C008814,2,0,0.03222111066747877,28.627219307956913,-31.33506948027047,0,1,Bas-Saint-Laurent
C008201,2,1,0.9998961814175151,37.00576206747307,-29.705445401248987,1,0,Capitale-Nationale
C005971,2,0,0.12340356619028037,30.382914480967685,-31.94328465170651,1,1,Cote-Nord
C004915,2,0,0.0002644774674098712,23.74003344723115,-30.29599631129613,0,0,Capitale-Nationale
C008888,2,0,0.0020708197166632134,25.99149068771499,-30.90816063989563,0,1,Bas-Saint-Laurent
C005435,2,0,0.23849005717627544,28.782914480967683,-29.706898969973576,0,0,Montreal
C010770,2,0,0.34777785865408883,30.344338274220377,-30.8447976275646,1,1,Cote-Nord
C007353,2,0,0.46928146028159995,28.077185860725763,-28.175100912039778,0,0,Montreal
C010947,2,1,0.8831600817662402,30.228609653978456,-28.618804088484136,1,0,Capitale-Nationale
C002587,2,1,0.8651514481767023,32.66721930795691,-31.187896013207805,1,1,Gaspesie-Iles-de-la-Madeleine
C012965,2,0,0.004292233726776125,24.517185860725764,-28.852002949843857,0,0,Montreal
C000916,2,1,0.9715415168939183,32.19718586072576,-29.387419953776075,1,0,Montreal
C008997,2,0,0.05789671354648374,28.940066894462298,-31.160107074194915,0,1,Bas-Saint-Laurent
C000100,2,0,0.33993563651512987,28.722881033736535,-29.251004620300026,0,0,Montreal
C013929,2,0,0.04142035370176364,28.96582896193537,-31.466194866722063,0,1,Bas-Saint-Laurent
C013915,2,1,0.733520539586812,29.284304826989228,-28.478440968302447,0,0,Capitale-Nationale
C010608,2,0,0.24308984999471228,29.124338274220374,-30.028296962336196,0,0,Montreal
C011021,2,1,0.992333385240261,33.3600668944623,-29.48960956534515,1,0,Capitale-Nationale
C000975,2,0,0.0040069763474499176,27.605762067473073,-31.995539319989277,0,1,Gaspesie-Iles-de-la-Madeleine
C010110,2,1,0.9077327919245544,32.067185860725765,-30.247621420824323,1,0,Montreal
C001579,2,0,0.04265405047802013,27.118609653978456,-29.59459198069026,0,0,Capitale-Nationale
C011127,2,1,0.9932995536962957,32.888609653978456,-28.910173452315746,1,0,Montreal
C001381,2,1,0.9971561152845821,35.10721930795691,-30.443636823560087,1,1,Gaspesie-Iles-de-la-Madeleine
C010401,2,0,0.03540393426264321,29.870033447231148,-32.50029012141781,0,1,Gaspesie-Iles-de-la-Madeleine
C001956,2,1,0.7786128531593589,31.762914480967684,-30.762028856136425,1,1,Bas-Saint-Laurent
C010659,2,1,0.9840826422157535,33.800033447231144,-30.517631211578156,1,0,Montreal
C002366,2,1,0.9562795197091333,31.64003344723115,-29.184591682826532,1,0,Montreal
C012895,2,0,0.10444144851249998,29.74579551470422,-31.455975513300462,0,1,Cote-Nord
C008706,2,1,0.2717207746447887,28.402881033736534,-29.187535875457677,0,0,Montreal
C003586,2,0,0.01821133919944268,27.70149068771499,-30.874884305611225,0,1,Gaspesie-Iles-de-la-Madeleine
C010213,2,1,0.9992516727103979,35.6000668944623,-29.872260212670184,1,0,Montreal
C002816,2,1,0.9689230737068802,34.60149068771499,-31.86392451420245,1,1,Gaspesie-Iles-de-la-Madeleine
C010231,2,0,0.37280892887500267,28.29145724048384,-28.70545651155941,0,0,Capitale-Nationale
C011628,2,0,0.2324282283234947,27.367185860725765,-28.31797115691631,0,0,Montreal
C010716,2,0,0.0012231866277806263,26.078643101209607,-31.41500192495714,0,1,Cote-Nord
C002692,2,1,0.26163383482902186,30.394338274220377,-31.220047508857235,1,1,Gaspesie-Iles-de-la-Madeleine
C013971,2,1,0.9948726205021079,33.708609653978456,-29.515955879643116,1,0,Montreal
C010979,2,0,0.05832824387803503,27.327185860725763,-29.54095143606819,0,0,Montreal
C002301,2,0,0.005197154012834466,27.297185860725765,-31.479026483329697,0,1,Bas-Saint-Laurent
C012581,2,0,0.0014124550322029328,26.1300668944623,-31.35177329050557,0,1,Gaspesie-Iles-de-la-Madeleine
C004170,2,0,0.002424780438706994,26.84579551470422,-31.63659782224412,0,1,Cote-Nord
C007082,2,1,0.49909579821196476,30.942914480967683,-30.945792988772975,1,1,Gaspesie-Iles-de-la-Madeleine
C002680,2,1,0.9133454106450836,31.151457240483843,-29.277039197895135,1,0,Montreal
C010836,2,0,0.006510140415325431,26.855762067473073,-30.85728219682522,0,1,Gaspesie-Iles-de-la-Madeleine
C004522,2,1,0.8272122542760909,32.99721930795691,-31.750890549586828,1,1,Gaspesie-Iles-de-la-Madeleine
C012138,2,0,0.011456724357008154,25.711457240483842,-29.25916710217507,0,0,Montreal
C000431,2,1,0.1112091309325794,29.334338274220375,-30.988511764711696,0,1,Bas-Saint-Laurent
C003612,2,1,0.6975296627655334,29.368609653978456,-28.703611904522187,0,0,Montreal
C007613,2,0,0.03592035250674328,29.11294792819883,-31.731253338851282,0,1,Bas-Saint-Laurent
C005978,2,0,0.01976409177666943,27.82145724048384,-30.92847131077857,0,1,Bas-Saint-Laurent
C003369,2,1,0.9928212949766086,33.35572862024192,-29.43254679504073,1,0,Montreal
C001597,2,1,0.9424658367461329,33.58291448096769,-31.3575686693248,1,1,Cote-Nord
C002329,2,0,0.0878372430325193,27.024304826989226,-28.886903172271865,0,0,Capitale-Nationale
C010101,2,0,0.09596228158251867,27.507185860725766,-29.29225305589296,0,0,Capitale-Nationale
C008259,2,0,0.0038748556595538525,26.59149068771499,-31.00805781319076,0,1,Cote-Nord
C009026,2,0,1.915340309754887e-05,22.254338274220377,-30.899871901495807,0,1,Cote-Nord
C010717,2,1,0.939536120941914,33.640066894462294,-31.456727555689355,1,1,Gaspesie-Iles-de-la-Madeleine
C000172,2,1,0.9734775855149943,32.17576206747307,-29.308337931759574,1,0,Montreal
C004530,2,0,0.16289057578802585,27.72576206747307,-29.028501028979736,0,0,Capitale-Nationale
C000815,2,0,0.03695821917331771,28.24149068771499,-30.836269317852203,0,1,Gaspesie-Iles-de-la-Madeleine
C007980,2,1,0.45148479287264975,28.98003344723115,-29.134967901141824,0,0,Montreal
C000046,2,0,0.7507576015372233,30.47003344723115,-29.59246299321088,1,0,Montreal
C004047,2,1,0.9366388663859888,31.59579551470422,-29.45216443936521,1,0,Capitale-Nationale
C003642,2,1,0.9515653903236171,31.66576206747307,-29.295748747463453,1,0,Montreal
C006507,2,1,0.9988761231821499,34.19145724048384,-28.787628847977214,1,0,Montreal
C010868,2,1,0.43036491538469474,30.137185860725765,-30.360317652854246,1,1,Bas-Saint-Laurent
C002972,2,0,0.06369982231943262,27.004338274220377,-29.143438626753227,0,0,Montreal
C004867,2,1,0.983525313414252,32.95003344723115,-29.695471793092466,1,0,Montreal
C003761,2,0,0.11452444812289125,27.785762067473073,-29.413581989944223,0,0,Montreal
C009468,2,1,0.1070229282613686,28.328609653978457,-30.017059898389885,0,0,Capitale-Nationale
C002497,2,1,0.9827534426850093,32.88715241349462,-29.669656447013775,1,0,Montreal
C008965,2,0,0.013678806283610637,28.18149068771499,-31.586325212065923,0,1,Bas-Saint-Laurent
C001842,2,1,0.9182145662043371,31.68576206747307,-29.761086661723677,1,0,Montreal
C002912,2,1,0.9942360067914725,34.05860965397845,-29.959610471640485,1,0,Montreal
C010065,2,0,1.534398816797107e-05,23.024338274220376,-31.846364183317935,0,1,Gaspesie-Iles-de-la-Madeleine
C002904,2,1,0.14322162956806908,27.518609653978455,-28.942248956520835,0,0,Capitale-Nationale
C005843,2,0,0.006034208246486823,26.92149068771499,-30.98381147473243,0,1,Gaspesie-Iles-de-la-Madeleine
C013301,2,1,0.9997206745692596,36.7900668944623,-30.277587378794966,1,0,Montreal
C006919,2,1,0.7743363272584975,31.042914480967685,-30.061639374613357,1,0,Montreal
C013668,2,1,0.9621097791938414,33.587219307956914,-31.01303237673051,1,1,Bas-Saint-Laurent
C008085,2,0,0.005961234867155494,27.322881033736532,-31.394943586661178,0,1,Gaspesie-Iles-de-la-Madeleine
C000832,2,0,0.029924836514502503,27.52576206747307,-30.29433941234336,0,1,Gaspesie-Iles-de-la-Madeleine
C006472,2,1,0.8824051543385805,31.148609653978458,-29.544610426667276,1,0,Montreal
C005742,2,0,0.00019146940709138842,23.031457240483842,-29.844566204994184,0,0,Montreal
C006850,2,1,0.9924046991185654,32.26860965397845,-28.39065741322836,1,0,Capitale-Nationale
C002517,2,0,0.0012205606741585164,25.52149068771499,-30.85956202290327,0,1,Gaspesie-Iles-de-la-Madeleine
C009420,2,1,0.9630471723954804,31.85860965397846,-29.263710456124915,1,0,Montreal
C008131,2,0,0.6651365660599013,31.27576206747307,-30.7295813771183,1,1,Gaspesie-Iles-de-la-Madeleine
C002529,2,0,0.054414628696956964,26.408609653978456,-28.680951841982083,0,0,Capitale-Nationale
C001327,2,1,0.370959752308058,30.31152413494614,-30.731823878706166,1,1,Cote-Nord
C010294,2,1,0.2792340722501707,30.51152413494614,-31.266218079054674,1,1,Gaspesie-Iles-de-la-Madeleine
C007538,2,0,0.000543023962548967,24.184304826989226,-30.167499837905225,0,0,Montreal
C013206,2,0,0.3841086823795285,28.544338274220376,-28.92010382096456,0,0,Capitale-Nationale
C000985,2,0,0.008090474915653643,25.822914480967682,-29.65020427167255,0,0,Montreal
C009800,2,0,0.1759443831562776,29.11003344723115,-30.338910950283758,0,0,Montreal
C012621,2,0,0.258813697063734,28.601490687714993,-29.4388590983498,0,0,Capitale-Nationale
C009684,2,0,0.13349047777052406,28.25145724048384,-29.740084788791577,0,0,Montreal
C008223,2,0,0.4636919154929687,28.91003344723115,-29.025823172793324,0,0,Capitale-Nationale
C006997,2,0,0.18131045437332668,28.307185860725763,-29.50695372619557,0,0,Capitale-Nationale
C009521,2,1,0.9679682854978747,31.824338274220377,-29.11164043117698,1,0,Capitale-Nationale
C004278,2,0,0.10765273055613392,27.621490687714992,-29.304709663776087,0,0,Montreal
C005614,2,0,0.023317818555521938,26.467185860725763,-29.43971157282523,0,0,Montreal
C010257,2,0,0.09869559264286515,27.51149068771499,-29.271795927188023,0,0,Montreal
C009703,2,1,0.7694877377941464,30.797185860725765,-29.837828695851982,1,0,Montreal
C010596,2,0,0.6538827019214618,29.730066894462297,-29.2237746344707,0,0,Capitale-Nationale
C006794,2,1,0.999862097794766,36.30718586072576,-29.232843371522495,1,0,Montreal
C007686,2,0,0.030740686712970453,26.707185860725765,-29.453686070025686,0,0,Montreal
C007252,2,0,0.08041895384958056,27.148609653978458,-29.087878392257522,0,0,Capitale-Nationale
C002728,2,0,0.5087037953828409,29.868643101209607,-29.840931978456783,0,0,Montreal
C010391,2,1,0.9996054582988448,34.80576206747307,-28.56822550413287,1,0,Montreal
C004822,2,1,0.30340139756681744,30.547219307956915,-31.208707953460937,1,1,Gaspesie-Iles-de-la-Madeleine
C004480,2,1,0.9169199292040464,31.13576206747307,-29.224709264512743,1,0,Capitale-Nationale
C004000,2,1,0.5852144158883222,29.432914480967682,-29.15896317711058,0,0,Montreal
C010014,2,0,0.00047345368068297383,23.18576206747307,-29.27812560844049,0,0,Montreal
C010440,2,0,0.008613630968135676,25.41145724048384,-29.18845919433171,0,0,Montreal
C007359,2,0,0.23556375855164594,29.835762067473073,-30.77262483135459,0,1,Gaspesie-Iles-de-la-Madeleine
C005003,2,0,0.242388524721494,29.210066894462297,-30.117062101097563,0,0,Montreal
C001908,2,0,0.2796527714986336,28.461457240483842,-29.21449624612646,0,0,Montreal
C013645,2,0,0.01339729414636726,27.162914480967682,-30.584526136032157,0,1,Gaspesie-Iles-de-la-Madeleine
C013549,2,0,0.013019629208820084,25.657185860725765,-29.101859665880966,0,0,Montreal
C013525,2,0,0.055464319042748705,27.524338274220376,-29.78058990229877,0,0,Montreal
C010699,2,1,0.9384869832428134,31.56003344723115,-29.391274380302846,1,0,Montreal
C011130,2,1,0.5511053095044521,29.522881033736535,-29.359618380660745,0,0,Montreal
C011465,2,0,3.176990099842363e-05,21.00003344723115,-29.242816343484655,0,0,Capitale-Nationale
C006685,2,1,0.9735586822886748,32.210033447231154,-29.340105781163178,1,0,Montreal
C011407,2,0,0.037889791201030504,29.050066894462297,-31.62426320479897,0,1,Bas-Saint-Laurent
C013893,2,0,0.17613193068932242,30.512914480967684,-31.74076292789537,1,1,Bas-Saint-Laurent
C006047,2,1,0.29628091908862064,28.20145724048384,-28.88994057646629,0,0,Montreal
C011948,2,1,0.2461159345600862,29.277185860725766,-30.16811017820004,0,0,Capitale-Nationale
C006033,2,0,0.001251424181388544,26.387219307956915,-31.70539166806494,0,1,Gaspesie-Iles-de-la-Madeleine
C000678,2,0,0.0004276453607400668,23.612881033736535,-29.786268541127118,0,0,Montreal
C013787,2,0,0.00033179355249062447,25.99437172145153,-32.36981221907055,0,1,Bas-Saint-Laurent
C005035,2,0,0.08409734856738597,26.812881033736534,-28.713364493415007,0,0,Montreal
C007631,2,1,0.8932459157358439,30.728609653978456,-29.037918081407856,1,0,Montreal
C007782,2,0,0.04314979202362064,27.342914480967682,-29.809288025658695,0,0,Montreal
C005086,2,0,9.509856192530172e-05,22.838609653978455,-30.2087557462079,0,1,Bas-Saint-Laurent
C002046,2,1,0.5912486636711837,29.552914480967683,-29.2591356076622,0,0,Capitale-Nationale
C013276,2,1,0.9969565713988394,32.98003344723115,-28.370581090846414,1,0,Montreal
C000037,2,0,0.32413381318901613,29.11145724048384,-29.696292556049613,0,0,Montreal
C006220,2,0,0.001687631816974882,24.092881033736536,-29.17270586627139,0,0,Montreal
C002123,2,0,0.05474369752642391,27.817185860725765,-30.084452563904936,0,0,Capitale-Nationale
C000287,2,0,0.19904171162439585,27.870033447231148,-28.978117439472257,0,0,Montreal
C002534,2,1,0.9722054571253825,32.38576206747307,-29.55666470549334,1,0,Capitale-Nationale
C012207,2,0,0.007157290043751005,25.988609653978457,-29.914186371310233,0,0,Montreal
C003173,2,0,0.1689599376858518,28.57576206747307,-29.843594403686946,0,0,Montreal
C010857,2,0,0.048581837105707605,26.38003344723115,-28.747508074019272,0,0,Montreal
C010336,2,1,0.9725775623930993,31.95294792819883,-29.112819182789686,1,0,Montreal
C010916,2,1,0.9138734984551651,31.22003344723115,-29.340290373363562,1,0,Montreal
C009981,2,0,0.0002511642351049818,22.370033447231148,-28.967112755222608,0,0,Montreal
C008135,2,1,0.911518791753754,33.80579551470422,-31.949572738860446,1,1,Bas-Saint-Laurent
C007332,2,1,0.9842447774576014,32.640066894462294,-29.34938520009098,1,0,Montreal
C012960,2,0,0.017244748400297383,28.02579551470422,-31.24337642564482,0,1,Bas-Saint-Laurent
C013554,2,1,0.7798532132075509,32.517219307956914,-31.510595309533354,1,1,Bas-Saint-Laurent
C004537,2,0,0.08313926359502362,26.797185860725765,-28.70762044583375,0,0,Montreal
C004907,2,0,0.039753148773399104,28.33003344723115,-30.864479319685977,0,1,Gaspesie-Iles-de-la-Madeleine
C005153,2,0,0.40570123199104396,28.96003344723115,-29.263868502772603,0,0,Montreal
C009082,2,0,0.027334977602180587,27.508609653978457,-30.351352334029087,0,0,Capitale-Nationale
C013507,2,1,0.4777780734558291,29.81003344723115,-29.880823050243343,0,0,Montreal
C008510,2,0,0.739224344116676,32.62433827422038,-31.795089762352735,1,1,Bas-Saint-Laurent
C006622,2,1,0.9943336359879611,33.62576206747307,-29.51308902340548,1,0,Montreal
C006150,2,0,0.008217721901330702,27.208643101209606,-31.02341077718243,0,1,Gaspesie-Iles-de-la-Madeleine
C012477,2,1,0.9853104644235314,35.18437172145153,-31.837088870297027,1,1,Cote-Nord
C011387,2,0,0.5119743501535202,29.694338274220375,-29.656210927904013,0,0,Capitale-Nationale
C000837,2,0,0.03748619683733211,26.138609653978456,-28.721662660466414,0,0,Montreal
C012750,2,0,0.1103780916870133,27.442881033736533,-29.103768003312236,0,0,Montreal
C006034,2,0,0.001395983627140824,25.76149068771499,-30.99254581191606,0,1,Cote-Nord
C009471,2,0,0.04469991317033747,29.72003344723115,-32.1570272492781,0,1,Bas-Saint-Laurent
C003343,2,0,7.249204008262001e-05,23.992914480967684,-31.579106925228484,0,1,Cote-Nord
C008700,2,1,0.9678974356618225,34.19291448096768,-31.482033304190008,1,1,Cote-Nord
C001035,2,1,0.19802343612143375,29.987185860725763,-31.1003630444782,0,1,Bas-Saint-Laurent
C010825,2,0,1.9454922534313512e-05,22.710066894462297,-31.343169033032474,0,1,Cote-Nord
C007489,2,1,0.991357193121899,33.19433827422038,-29.420050938199914,1,0,Montreal
C010178,2,0,0.006484319160152619,27.718643101209604,-31.723346857665696,0,1,Bas-Saint-Laurent
C009022,2,1,0.9661309357696289,30.86003344723115,-28.193237748304156,1,0,Montreal
C008479,2,1,0.4188867227840152,29.350066894462298,-29.61059076954964,0,0,Montreal
C003542,2,0,0.0004610667775439243,22.982914480967683,-29.096387325674065,0,0,Montreal
C001911,2,0,0.0657889240612851,27.61576206747307,-29.727402196187732,0,0,Montreal
C003322,3,0,0.06977197035540689,29.506676769187024,-31.561664233237316,0,1,Bas-Saint-Laurent
C000155,3,1,0.6635962125916898,32.24076206828372,-31.70177623328245,1,1,Bas-Saint-Laurent
C008156,3,0,0.29317828829799225,29.364085299096693,-30.062249818592996,0,0,Montreal
C000674,3,0,0.009802587520330695,27.111493829006367,-30.77310558724251,0,1,Gaspesie-Iles-de-la-Madeleine
C010838,3,0,0.00035575778570517345,24.241859709367688,-30.54194305185876,0,1,Bas-Saint-Laurent
C006969,3,0,0.4744853651540632,31.043719418735375,-31.124760094844856,1,1,Gaspesie-Iles-de-la-Madeleine
C005645,3,0,0.020512853697857,24.77963411963868,-27.84678844245588,0,0,Capitale-Nationale
C003274,3,0,0.11981447748005114,30.216676769187025,-31.798807817133888,1,1,Gaspesie-Iles-de-la-Madeleine
C002325,3,0,0.29942378116792057,31.101127948645043,-31.775527616249523,1,1,Gaspesie-Iles-de-la-Madeleine
C011095,3,0,4.894157737273868e-05,24.146676769187025,-32.02075238816123,0,1,Gaspesie-Iles-de-la-Madeleine
C002504,3,0,0.029530268218297157,26.476676769187023,-29.247417392768902,0,0,Montreal
C007855,3,1,0.9744598020439651,32.429268239277356,-29.540104911341878,1,0,Montreal
C001085,3,0,0.025545087008104428,27.594085299096694,-30.483092789409067,0,1,Bas-Saint-Laurent
C002247,3,0,9.8065168690145e-07,21.135945008464383,-32.112270332196175,0,1,Cote-Nord
C009828,3,1,0.7787171114368836,30.801859709367687,-29.80363563906935,1,0,Capitale-Nationale
C011383,3,0,0.05258302896379565,26.841493829006364,-29.13540376678445,0,0,Capitale-Nationale
C000074,3,0,0.015257581377577876,25.961859709367687,-29.26807747247651,0,0,Montreal
C000749,3,0,0.12336842670482014,28.964085299096695,-30.519815663610956,0,1,Gaspesie-Iles-de-la-Madeleine
C002127,3,0,0.0047702507321616405,25.011493829006366,-29.248550893786344,0,0,Capitale-Nationale
C011027,3,0,0.0004369907432307757,24.59853647855471,-30.735389170469027,0,1,Gaspesie-Iles-de-la-Madeleine
C007767,3,1,0.13855489434545118,27.919268239277358,-29.3690305403014,0,0,Montreal
C008837,3,1,0.9955027267152021,32.76890235891604,-28.484876272020593,1,0,Capitale-Nationale
C006913,3,1,0.9148108151539446,31.926676769187026,-30.043338763072377,1,0,Montreal
C013912,3,1,0.9997452255750447,35.60371941873537,-29.03867191195565,1,0,Capitale-Nationale
C001409,3,0,0.4836557011350204,30.97557912810306,-31.0274659846854,1,1,Bas-Saint-Laurent
C003019,3,1,0.9329214781371489,31.014085299096696,-28.925570179845124,1,0,Capitale-Nationale
C007952,3,0,0.02770303450620487,28.223719418735374,-31.04662806158609,0,1,Gaspesie-Iles-de-la-Madeleine
C011534,3,0,0.20741329151427035,30.32076206828372,-31.38434611605608,1,1,Bas-Saint-Laurent
C011812,3,1,0.9565545098516333,32.09667676918703,-29.643707972056983,1,0,Capitale-Nationale
C001694,3,1,0.46666341549736,32.11890235891603,-32.22485265545408,1,1,Bas-Saint-Laurent
C001941,3,0,0.06069468035044023,26.926310888825704,-29.099579759388295,0,0,Capitale-Nationale
C009794,3,0,0.3859351684340763,29.778902358916035,-30.147368530451423,0,0,Montreal
C009224,3,0,0.44151262594564494,31.263719418735374,-31.45018174777197,1,1,Gaspesie-Iles-de-la-Madeleine
C002703,3,0,0.008224784560362984,25.036676769187025,-28.838783767336942,0,0,Capitale-Nationale
C011953,3,1,0.7040063830108756,30.02963411963868,-29.34221819728275,1,0,Capitale-Nationale
C001658,3,0,0.045302973642229336,27.296310888825705,-29.714522612900346,0,0,Montreal
C005041,3,1,0.4834462428771019,29.35704264954835,-29.40959493874666,0,0,Capitale-Nationale
C003424,3,1,0.8551635986043433,30.298536478554713,-28.88975717087674,1,0,Montreal
C008061,3,0,0.0058617007902753435,25.77704264954835,-29.849762264677246,0,0,Capitale-Nationale
C011584,3,0,0.010390986604356445,27.496676769187026,-31.111569468671536,0,1,Gaspesie-Iles-de-la-Madeleine
C009980,3,0,0.4011245705807457,29.074085299096694,-29.392053779986448,0,0,Montreal
C009548,3,0,0.0017702550483509418,26.44853647855471,-31.474430477939308,0,1,Bas-Saint-Laurent
C009035,3,1,0.9152855222527818,32.711493829006365,-30.823310905517303,1,1,Bas-Saint-Laurent
C009334,3,0,0.24069116081188288,28.086676769187026,-28.99817591850032,0,0,Capitale-Nationale
C009126,3,1,0.9133396320726435,33.68335353837405,-31.814876681501268,1,1,Bas-Saint-Laurent
C008884,3,1,0.5881318893067399,29.157042649548348,-28.874405785309964,0,0,Montreal
C005868,3,1,0.9632577802049541,31.869268239277357,-29.277805556143463,1,0,Montreal
C007791,3,0,0.4457018554022183,28.71704264954835,-28.89003915023856,0,0,Montreal
C006215,3,1,0.2499277571511049,27.98222558972901,-28.854138418460284,0,0,Montreal
C013791,3,1,0.9818870216226763,32.671493829006366,-29.503684434925255,1,0,Capitale-Nationale
C010456,3,0,0.10205734563289498,28.27704264954835,-30.002284462434652,0,0,Montreal
C004449,3,0,0.5579382976047255,30.848902358916035,-30.664206459207044,1,0,Capitale-Nationale
C006871,3,1,0.994598365669006,32.4540852990967,-28.316149867440352,1,0,Montreal
C006543,3,1,0.9269928706828849,33.176676769187026,-31.16041264381706,1,1,Gaspesie-Iles-de-la-Madeleine
C004670,3,0,0.16298559757003217,28.191493829006365,-29.489591127696105,0,0,Montreal
C012503,3,1,0.9845252764331555,32.39112794864504,-29.096296619835133,1,0,Montreal
C009397,3,0,0.15963803516551592,28.84963411963868,-30.16736282667386,0,0,Capitale-Nationale
C013598,3,1,0.9322895363961752,33.62335353837405,-31.54281531534156,1,1,Cote-Nord
C008377,3,0,0.11483622278557663,27.324451179458016,-28.944725554766297,0,0,Capitale-Nationale
C000579,3,0,0.01797159642886383,26.679268239277356,-29.85340886317237,0,0,Capitale-Nationale
C006100,3,1,0.944334200346045,32.64890235891603,-30.4027785032736,1,1,Cote-Nord
C000747,3,0,0.06876214284920291,27.503719418735372,-29.571134242071203,0,0,Capitale-Nationale
C005320,3,0,0.000704467761871938,25.581493829006366,-31.339275300739196,0,1,Bas-Saint-Laurent
C007494,3,0,0.22295706451519287,28.394085299096695,-29.38462198117692,0,0,Montreal
C011086,3,0,0.0068986492946085266,25.556676769187025,-29.49933951748592,0,0,Capitale-Nationale
C004682,3,1,0.9397493145676655,30.499634119638678,-28.32016530889239,1,0,Montreal
C009760,3,1,0.6752103064617115,30.766310888825704,-30.185685241571665,1,1,Bas-Saint-Laurent
C008381,3,1,0.9932536803358449,32.064085299096696,-28.10358606926945,1,0,Montreal
C011932,3,0,0.24834916193185963,29.594085299096694,-30.472693081783174,0,1,Bas-Saint-Laurent
C006837,3,0,1.6722685123395998e-05,22.225945008464382,-30.95201643202723,0,1,Bas-Saint-Laurent
C008817,3,0,0.014704807312707518,26.203719418735375,-29.539659423147217,0,0,Montreal
C009307,3,1,0.9998351102677224,35.5440852990967,-28.633769491424523,1,0,Montreal
C005068,3,0,0.136079470179138,27.499268239277356,-28.96560960773182,0,0,Montreal
C001673,3,0,0.35311093617347544,30.712987658012732,-31.19328853822444,1,1,Cote-Nord
C008388,3,0,0.05009300386747916,26.879634119638677,-29.214114548121444,0,0,Montreal
C008491,3,0,0.15156893658468695,27.30222558972901,-28.66868675300279,0,0,Capitale-Nationale
C012227,3,1,0.47709566577489343,29.214085299096695,-29.2868227429677,0,0,Montreal
C010546,3,0,0.00978021448266137,28.253719418735372,-31.917161930692977,0,1,Gaspesie-Iles-de-la-Madeleine
C007854,3,0,0.22100924191437538,27.181493829006367,-28.180978365661783,0,0,Montreal
C011189,3,0,0.004014266018087904,27.304085299096695,-31.67863646548248,0,1,Cote-Nord
C013977,3,0,3.6941036737196756e-06,20.463719418735373,-30.387813777225226,0,1,Cote-Nord
C007287,3,1,0.9045302251228522,33.625945008464385,-31.841966230627396,1,1,Bas-Saint-Laurent
C005190,3,1,0.998454998520656,34.50853647855472,-29.374486662316002,1,0,Montreal
C003638,3,1,0.9827403430340841,32.13445117945802,-28.927666965020155,1,0,Capitale-Nationale
C011513,3,0,0.02502336505708136,27.666310888825702,-30.572114260067156,0,1,Bas-Saint-Laurent
C005787,3,0,0.0499897171365647,26.75704264954835,-29.093246879269426,0,0,Capitale-Nationale
C002513,3,0,0.9307253789383771,31.39963411963868,-29.338547022816314,1,0,Montreal
C001264,3,0,0.11519768714866764,30.341127948645045,-31.95858494476057,1,1,Gaspesie-Iles-de-la-Madeleine
C005233,3,1,0.9976132100313392,34.3340852990967,-29.54576111825128,1,0,Montreal
C003584,3,0,0.061276115751568605,29.371859709367687,-31.537073262346205,0,1,Gaspesie-Iles-de-la-Madeleine
C013649,3,0,0.0006892550136256038,22.984451179458016,-28.75956500624602,0,0,Montreal
C013210,3,1,0.961798469103718,31.496310888825704,-28.93695213490108,1,0,Montreal
C011873,3,1,0.7392657107666926,29.82704264954835,-29.000226654216917,0,0,Montreal
C004604,3,0,0.0025708293787969,25.166310888825702,-29.895557726236564,0,0,Montreal
C009522,3,1,0.9729406156615583,32.564085299096696,-29.722000993979723,1,0,Capitale-Nationale
C000304,3,0,0.0010454350083055925,25.81185970936769,-31.25619057815068,0,1,Bas-Saint-Laurent
C009546,3,1,0.8465976393331229,31.514451179458018,-30.15924559088132,1,0,Montreal
C001410,3,0,0.06463325565324643,29.260762068283718,-31.380815656005158,0,1,Gaspesie-Iles-de-la-Madeleine
C004723,3,1,0.7187636097188296,29.911859709367686,-29.167410384094,1,0,Montreal
C007288,3,0,6.482867280003504e-06,21.926676769187026,-31.40455727895121,0,1,Bas-Saint-Laurent
C000073,3,0,0.008865327145934476,25.398902358916033,-29.140997345731265,0,0,Montreal
C003887,3,0,0.03279564749406378,27.551859709367687,-30.236717571158472,0,0,Capitale-Nationale
C005968,3,0,0.00022193812578579237,22.581493829006366,-29.25603665513122,0,0,Montreal
C000879,3,1,0.6775089803008215,31.251127948645046,-30.662170964789325,1,1,Bas-Saint-Laurent
C007558,3,1,0.35217589405186417,29.76853647855471,-30.25208694699835,0,1,Gaspesie-Iles-de-la-Madeleine
C004470,3,1,0.9397923045650802,33.3803961879224,-31.20032479709046,1,1,Cote-Nord
C005124,3,0,0.08557828349857542,29.553719418735373,-31.43310446261736,0,1,Gaspesie-Iles-de-la-Madeleine
C006401,3,0,0.00030716867002847126,24.05926823927736,-30.475899142010167,0,1,Gaspesie-Iles-de-la-Madeleine
C005767,3,1,0.949481926200604,30.97185970936769,-28.644438220143947,1,0,Capitale-Nationale
C004276,3,0,0.17301078452133542,28.636310888825705,-29.87749039175917,0,0,Montreal
C006854,3,1,0.9996608460124962,35.74445117945802,-29.406434796934757,1,0,Montreal
C005741,3,1,0.9953479045656309,32.73963411963867,-28.482584238165327,1,0,Capitale-Nationale
C000672,3,1,0.8214062129645282,30.174085299096696,-28.963477426104703,1,0,Montreal
C006139,3,0,0.0016413795853397338,26.278902358916035,-31.36486694108207,0,1,Gaspesie-Iles-de-la-Madeleine
C013435,3,0,0.41960450362804547,27.946676769187025,-28.204044058157386,0,0,Montreal
C013240,3,1,0.9875994739100072,32.32335353837405,-28.85034162986763,1,0,Montreal
C006594,3,0,0.002614990170762484,24.649268239277358,-29.364967432449774,0,0,Montreal
C010353,3,0,0.4115192225528637,28.086676769187026,-28.370456471847795,0,0,Montreal
C009681,3,0,0.06653941114374144,28.5263108888257,-30.621686435457026,0,1,Cote-Nord
C011757,3,0,0.08143966587113133,28.09704264954835,-30.01933703004835,0,0,Capitale-Nationale
C001422,3,0,0.2963069802162803,29.851127948645043,-30.537351168111133,0,1,Cote-Nord
C010576,3,0,0.0005987697602928663,26.768902358916037,-32.65574243038562,0,1,Bas-Saint-Laurent
C003465,3,1,0.943967283838821,34.31298765801273,-32.07238440255354,1,1,Gaspesie-Iles-de-la-Madeleine
C002934,3,0,0.032032811448831605,29.156676769187026,-31.860832161774024,0,1,Cote-Nord
C010062,3,0,0.3147920385730595,30.6863108888257,-31.303402903972348,1,1,Cote-Nord
C005043,3,0,0.024960619440307377,27.956310888825705,-30.864157177763058,0,1,Gaspesie-Iles-de-la-Madeleine
C006035,3,1,0.17660484573955001,28.571493829006364,-29.792905520967906,0,0,Capitale-Nationale
C002650,3,0,0.39312524020772804,28.78481705981934,-29.129294145175702,0,0,Capitale-Nationale
C011653,3,0,0.001520320002660546,24.321859709367686,-29.46870560511808,0,0,Montreal
C009650,3,0,2.5757318923709684e-05,20.921859709367688,-29.305225281174575,0,0,Capitale-Nationale
C002459,3,0,0.2685214793994584,27.841859709367686,-28.636926090257592,0,0,Montreal
C005372,3,1,0.9516411006226656,32.48445117945802,-30.12057240803766,1,0,Capitale-Nationale
C010166,3,0,0.01065227990518287,26.291859709367685,-29.886839385007786,0,0,Montreal
C010071,3,1,0.3574268817803334,28.38704264954835,-28.852394242685325,0,0,Capitale-Nationale
C010298,3,0,0.7135194095154248,32.488536478554714,-31.764554626915288,1,1,Bas-Saint-Laurent
C009718,3,1,0.947910701958273,32.62631088882571,-30.324503016971565,1,1,Gaspesie-Iles-de-la-Madeleine
C000228,3,1,0.9520692942256325,31.194451179458017,-28.823159324065163,1,0,Montreal
C001551,3,1,0.9054817457070643,31.335945008464382,-29.543185106834322,1,0,Capitale-Nationale
C011006,3,1,0.9464053553763414,33.695945008464385,-31.418000913845667,1,1,Gaspesie-Iles-de-la-Madeleine
C000886,3,1,0.7110706514518274,31.146676769187025,-30.432175104614892,1,1,Cote-Nord
C002984,3,1,0.983050797643349,31.231493829006364,-28.0100585166248,1,0,Montreal
C010852,3,0,0.1633960472488741,27.339634119638678,-28.635346825338978,0,0,Montreal
C001677,3,0,0.22700201353542368,27.961859709367687,-28.93399110987543,0,0,Montreal
C003694,3,0,0.0003113191377917376,24.786310888825703,-31.192290235578277,0,1,Gaspesie-Iles-de-la-Madeleine
C009048,3,0,0.15089635116686728,28.831859709367688,-30.20247796966588,0,0,Montreal
C006928,3,0,0.08380902535251228,29.28926823927736,-31.186761039487564,0,1,Bas-Saint-Laurent
C005735,3,0,0.03839782119831372,27.60926823927736,-30.16439893253748,0,0,Capitale-Nationale
C000125,3,1,0.9992465904194897,34.67185970936769,-28.967405001091237,1,0,Montreal
C001577,3,0,0.0024580867981290654,24.404085299096696,-29.16900072050953,0,0,Montreal
C004912,3,0,0.0005553202138084991,23.484085299096694,-29.43072627702834,0,0,Montreal
C010807,3,0,0.0025995178364812506,25.801127948645043,-30.521547596993198,0,1,Gaspesie-Iles-de-la-Madeleine
C007551,3,1,0.7882035796442404,30.236676769187024,-29.19408345862754,1,0,Montreal
C003927,3,0,0.4188488300172916,29.579268239277358,-29.83909790837993,0,0,Montreal
C005599,3,0,0.028859449631218746,27.669268239277358,-30.458787389102596,0,1,Bas-Saint-Laurent
C010121,3,1,0.9845633940860394,31.564451179458015,-28.2676324761321,1,0,Capitale-Nationale
C005187,3,0,0.0014642450707208438,24.88185970936769,-30.05856586763248,0,0,Montreal
C005620,3,0,0.3059170201555143,31.086310888825704,-31.736301993158563,1,1,Cote-Nord
C001196,3,1,0.636935731456248,30.474451179458015,-30.02850616045642,1,0,Montreal
C006901,3,1,0.6945517119770316,31.301127948645043,-30.649384690228946,1,1,Gaspesie-Iles-de-la-Madeleine
C012579,3,0,0.0872090734190591,27.474085299096696,-29.337077847825377,0,0,Capitale-Nationale
C000181,3,1,0.46026872455686857,28.971493829006366,-29.09784678672292,0,0,Montreal
C011647,3,1,0.523651939064212,30.441127948645043,-30.366012838807816,1,0,Montreal
C010747,3,0,0.05086952314267282,27.221493829006366,-29.543121304086533,0,0,Capitale-Nationale
C010424,3,1,0.96059349298668,32.40667676918703,-29.87295102781551,1,0,Capitale-Nationale
C005539,3,1,0.048678949563134385,28.331493829006366,-30.68987232322485,0,1,Cote-Nord
C009856,3,0,0.018467304845003016,27.97185970936769,-31.124012663217798,0,1,Bas-Saint-Laurent
C008527,3,0,0.0013069261803376065,25.316310888825704,-30.58331804420157,0,1,Bas-Saint-Laurent
C007907,3,1,0.9990975631001774,35.05926823927736,-29.49812720150296,1,0,Capitale-Nationale
C003323,3,0,0.002742870717624626,24.56185970936769,-29.239577881434975,0,0,Capitale-Nationale
C001770,3,0,0.3627602155070475,29.111859709367685,-29.558848065831324,0,0,Montreal
C006382,3,1,0.8097211539079084,30.401493829006366,-29.2525344979008,1,0,Montreal
C009572,3,0,0.43604678674482367,31.71853647855471,-31.92260874955414,1,1,Cote-Nord
C007831,3,1,0.9558514929371312,32.03445117945802,-29.59480092035888,1,0,Capitale-Nationale
C009918,3,0,0.013223571424921162,27.894085299096695,-31.315452104350516,0,1,Gaspesie-Iles-de-la-Madeleine
C008991,3,0,0.00532655932701709,27.986310888825702,-32.135410273237106,0,1,Cote-Nord
C008167,3,0,0.0003168029788042725,25.73594500846438,-32.12806654758486,0,1,Cote-Nord
C013443,3,1,0.9695680804967636,32.47149382900636,-29.725352293300055,1,0,Montreal
C006145,3,0,0.00015457978995925755,24.454451179458015,-31.416000402276826,0,1,Gaspesie-Iles-de-la-Madeleine
C006506,3,0,0.005602423547583502,26.706310888825705,-30.815129907576427,0,1,Bas-Saint-Laurent
C007331,3,0,0.4219647630972263,30.794085299096697,-31.043769478444208,1,1,Gaspesie-Iles-de-la-Madeleine
C003564,3,1,0.9870975364224316,34.65371941873537,-31.212591296393658,1,1,Gaspesie-Iles-de-la-Madeleine
C002241,3,1,0.9406005841551228,33.88076206828372,-31.68928559222532,1,1,Gaspesie-Iles-de-la-Madeleine
C000779,3,1,0.9864656030490556,34.319268239277356,-30.916584096330276,1,1,Gaspesie-Iles-de-la-Madeleine
C013933,3,0,0.0013301744383675007,25.581127948645044,-30.83412780883251,0,1,Gaspesie-Iles-de-la-Madeleine
C013026,3,0,0.10615498137208157,27.436676769187024,-29.127058613433373,0,0,Capitale-Nationale
C008677,3,0,6.23990501408184e-05,24.693719418735373,-32.37505648625799,0,1,Gaspesie-Iles-de-la-Madeleine
C010593,3,0,0.1490839744205392,29.744085299096696,-31.125981831922143,0,1,Cote-Nord
C007892,3,0,0.14391263896739728,29.63817059819339,-31.052882759319754,0,1,Gaspesie-Iles-de-la-Madeleine
C013988,3,0,0.0026115524527739555,26.628902358916037,-31.345647954034025,0,1,Bas-Saint-Laurent
C001819,3,0,0.1600288911534035,29.72185970936769,-31.037279223688426,0,1,Bas-Saint-Laurent
C000381,3,0,0.02229654417572592,28.238902358916036,-31.23845932913794,0,1,Gaspesie-Iles-de-la-Madeleine
C013511,3,1,0.9784782094537444,31.766676769187026,-28.738433194539734,1,0,Montreal
C003206,3,1,0.9980319443586446,34.23704264954834,-29.295341664166607,1,0,Montreal
C007930,3,0,0.13090199036470987,27.991493829006366,-29.493350683555118,0,0,Capitale-Nationale
C008073,3,0,4.6907696866243865e-05,24.134085299096697,-32.041837571136796,0,1,Bas-Saint-Laurent
C006060,3,0,0.0011255267302536498,25.321127948645046,-30.70683010183417,0,1,Bas-Saint-Laurent
C011044,3,1,0.6845654212268217,31.37926823927736,-30.76453828595027,1,1,Bas-Saint-Laurent
C001479,3,0,0.003218858871305149,26.40076206828372,-30.951144798802556,0,1,Cote-Nord
C010984,3,1,0.5918047773650156,30.328902358916032,-30.034219568537118,1,0,Capitale-Nationale
C008780,3,1,0.9942285671565935,33.684451179458016,-29.59934686969964,1,0,Capitale-Nationale
C004042,3,0,0.17970161061635073,28.93704264954835,-30.14167368000206,0,0,Montreal
C004072,3,0,0.009705310675847593,27.813353538374052,-31.482955645638146,0,1,Cote-Nord
C011892,3,1,0.8769234415947863,31.407042649548348,-29.849168979761785,1,0,Montreal
C006061,3,1,0.13055824451737927,29.761127948645044,-31.265384651050553,0,1,Cote-Nord
C007478,3,0,0.013554410421542165,27.261493829006366,-30.662989575435795,0,1,Cote-Nord
C006012,3,1,0.9955076850331548,33.251493829006364,-28.966588603424483,1,0,Capitale-Nationale
C005812,3,0,0.2130255986020493,28.594451179458016,-29.631215202257113,0,0,Montreal
C005284,3,0,0.12127945850637895,29.661127948645046,-31.232295626212842,0,1,Gaspesie-Iles-de-la-Madeleine
C012686,3,0,0.00048196408241529793,25.506310888825702,-31.565411180839703,0,1,Gaspesie-Iles-de-la-Madeleine
C006599,3,0,0.0105850943432198,25.273719418735375,-28.873772728841427,0,0,Montreal
C001791,3,0,0.0001818799293675525,25.551127948645043,-32.383624556689,0,1,Cote-Nord
C005180,3,1,0.9435123048922022,33.11594500846439,-30.882140302553314,1,1,Cote-Nord
C008164,3,1,0.0016079624450095029,26.049268239277357,-31.151578449476496,0,1,Gaspesie-Iles-de-la-Madeleine
C012747,3,1,0.5800642298203983,31.151127948645044,-30.894839711500648,1,1,Gaspesie-Iles-de-la-Madeleine
C003974,3,1,0.35697031290740744,28.561127948645044,-29.028057138880836,0,0,Capitale-Nationale
C005817,3,1,0.1988079059441388,28.678902358916034,-29.78467243599195,0,0,Montreal
C002093,3,0,0.0004478196874474068,24.156676769187026,-30.27410021067284,0,0,Capitale-Nationale
C002305,3,0,0.046825190929874916,28.18853647855471,-30.579262360339055,0,1,Bas-Saint-Laurent
C012590,3,0,0.00016057770246394735,23.394085299096695,-30.325428072809146,0,1,Gaspesie-Iles-de-la-Madeleine
C001553,3,0,0.00037030261519358697,24.593719418735375,-30.862000502365074,0,1,Bas-Saint-Laurent
C009300,3,1,0.9983769302780686,34.437042649548346,-29.34216359839064,1,0,Montreal
C005072,3,0,7.805125250187264e-05,23.831493829006366,-31.33524964126665,0,1,Bas-Saint-Laurent
C002499,3,0,0.006796351323356398,25.088902358916037,-29.04349958328681,0,0,Montreal
C000836,3,1,0.712900500801435,29.651493829006366,-28.929912587154167,0,0,Capitale-Nationale
C009738,3,0,0.9509011220546268,33.90149382900636,-31.550280273045598,1,1,Bas-Saint-Laurent
C001925,3,0,0.0020150283393538145,24.701859709367685,-29.62480996277842,0,0,Montreal
C010938,3,0,0.019130835958753777,26.961127948645043,-30.08473869702775,0,1,Cote-Nord
C007915,3,0,0.018993828518344278,26.281859709367687,-29.411283518423158,0,0,Montreal
C012203,3,0,0.10094455313808307,30.246310888825704,-31.98123340012187,1,1,Bas-Saint-Laurent
C010906,3,0,0.26402473851885205,31.204085299096693,-32.017412503873125,1,1,Cote-Nord
C004534,3,0,0.0007375206542791298,24.149268239277358,-29.870646200266968,0,0,Montreal
C006649,3,0,0.20351107887911882,30.223719418735374,-31.306268399993723,1,1,Gaspesie-Iles-de-la-Madeleine
C004330,3,1,0.9975338106681992,33.88149382900636,-29.119195721181697,1,0,Montreal
C006777,3,0,0.01876264244235917,28.146676769187025,-31.286003400980665,0,1,Cote-Nord
C006417,3,0,0.0026722612109824737,26.739268239277358,-31.437733753563414,0,1,Gaspesie-Iles-de-la-Madeleine
C001123,3,0,0.0533322664610254,28.674085299096696,-30.956142883427702,0,1,Bas-Saint-Laurent
C013346,3,0,0.19608164223972355,29.709268239277357,-30.828688208716276,0,1,Bas-Saint-Laurent
C012363,3,0,0.012134532824969832,27.466676769187025,-30.957105435888565,0,1,Gaspesie-Iles-de-la-Madeleine
C012229,3,0,0.001754476644849374,26.818902358916034,-31.851911970357936,0,1,Bas-Saint-Laurent
C004998,3,0,0.1949886775293573,27.706676769187023,-28.831609274760726,0,0,Capitale-Nationale
C007884,3,0,0.018575081853739468,25.094085299096694,-28.241534399825287,0,0,Capitale-Nationale
C010701,3,0,0.009849738504511728,25.786676769187025,-29.44444373859908,0,0,Montreal
C008575,3,0,0.023435903902594653,27.628902358916037,-30.587994610607165,0,1,Cote-Nord
C002215,3,0,0.0686231911333056,26.85926823927736,-28.928406267695173,0,0,Montreal
C004779,3,0,0.0012183903080362631,26.061493829006366,-31.384224215075744,0,1,Gaspesie-Iles-de-la-Madeleine
C003349,3,0,0.019119999939298093,25.981859709367686,-29.105928728024725,0,0,Capitale-Nationale
C012052,3,1,0.9373559842994658,31.521493829006367,-29.374953272003086,1,0,Montreal
C007564,3,0,0.23574184970331336,27.171493829006366,-28.104631616589202,0,0,Montreal
C007116,3,0,0.0002904747074397208,24.56704264954835,-31.028020771114097,0,1,Bas-Saint-Laurent
C008873,3,0,0.1732278258574963,29.926676769187026,-31.16665336951877,1,1,Gaspesie-Iles-de-la-Madeleine
C005878,3,0,0.003783749795455733,27.343719418735375,-31.765373347549147,0,1,Bas-Saint-Laurent
C010880,3,0,0.8311642290894035,29.601859709367687,-28.337304952515087,0,0,Montreal
C003953,3,0,0.012940362216212585,26.491859709367688,-29.93063040338378,0,0,Capitale-Nationale
C011071,3,0,0.13773733621783418,29.781127948645043,-31.236338081993406,0,1,Bas-Saint-Laurent
C001894,3,1,0.806304303779252,30.576676769187024,-29.445192591382682,1,0,Montreal
C007525,3,0,0.18526460252768726,31.406676769187026,-32.58172132997379,1,1,Gaspesie-Iles-de-la-Madeleine
C009447,3,0,0.000489376723513897,25.19335353837405,-31.240338729014653,0,1,Cote-Nord
C001891,3,1,0.8877157546005024,31.396676769187025,-29.75628860608463,1,0,Montreal
C008143,3,1,0.9987148962507425,34.57853647855472,-29.2981528108295,1,0,Montreal
C008915,3,0,0.21735050919175458,29.084085299096696,-30.100531301301427,0,0,Montreal
C007711,3,1,0.9857592266191151,31.954085299096693,-28.59233209539219,1,0,Capitale-Nationale
C001808,3,0,0.34253474420014113,28.564451179458015,-29.081743998492904,0,0,Montreal
C001743,3,1,0.9395395870141342,33.32890235891603,-31.152367489718657,1,1,Cote-Nord
C001170,3,0,0.05115989362648167,29.538902358916033,-31.855771279945962,0,1,Bas-Saint-Laurent
C013392,3,0,0.38401878600591277,29.76926823927736,-30.144155860003192,0,1,Cote-Nord
C012181,3,0,0.021095871154305217,27.018902358916037,-30.063349573689056,0,1,Gaspesie-Iles-de-la-Madeleine
C004501,3,1,0.9870147130755993,32.9540852990967,-29.51810026987426,1,0,Capitale-Nationale
C007030,3,1,0.8941649212670523,31.136676769187023,-29.443616564646916,1,0,Capitale-Nationale
C002426,3,0,0.00890332544557811,25.274817059819338,-29.01348837354021,0,0,Montreal
C005574,3,0,0.0459955275410898,29.628902358916037,-32.03450172836295,0,1,Bas-Saint-Laurent
C005378,3,1,0.6520237652210228,29.316676769187023,-28.818481976486396,0,0,Montreal
C002227,3,1,0.7298091242712745,30.006676769187024,-29.218340219619222,1,0,Capitale-Nationale
C006158,3,1,0.8955035381159022,32.596310888825705,-30.89196518280427,1,1,Bas-Saint-Laurent
C002845,3,0,0.24551030668020554,30.224085299096696,-31.11480504113084,1,1,Cote-Nord
C002077,3,0,0.003984881917016234,25.251859709367686,-29.632263052214576,0,0,Montreal
C000664,3,0,1.2881492198629048e-05,20.594817059819338,-29.5279412234108,0,0,Montreal
C012188,3,0,0.17242989235043443,28.084451179458018,-29.328856028703246,0,0,Montreal
C007724,3,0,0.10034384513060442,28.964085299096695,-30.704273079939604,0,1,Cote-Nord
C004398,3,0,0.3900686910219901,29.204817059819337,-29.559472526422226,0,0,Capitale-Nationale
C009701,3,1,0.1467820666656891,28.383719418735375,-29.780104766891093,0,1,Bas-Saint-Laurent
C004726,3,1,0.9283329234686678,33.59853647855471,-31.56642858605636,1,1,Bas-Saint-Laurent
C013423,3,1,0.14463570832128417,27.599268239277357,-29.00933381614265,0,0,Montreal
C003040,3,1,0.7144269608875152,31.013719418735374,-30.286211755036476,1,1,Bas-Saint-Laurent
C002464,3,0,0.4630634000193793,29.31704264954835,-29.434474286560633,0,0,Capitale-Nationale
C007256,3,0,0.007095267755050094,26.14704264954835,-30.06725267017991,0,0,Capitale-Nationale
C011640,3,0,0.03590297109453622,28.768902358916037,-31.379387956917853,0,1,Bas-Saint-Laurent
C005662,3,1,0.9997026140317695,35.453719418735375,-29.011402380752692,1,0,Montreal
C003056,3,0,0.053901889881709665,27.344451179458016,-29.617602450227132,0,0,Montreal
C003397,3,1,0.9965545751216777,33.02926823927736,-28.533031208949986,1,0,Montreal
C007916,3,0,0.0006202154559276369,23.829268239277358,-29.688172738236666,0,0,Capitale-Nationale
C004062,3,0,0.006491021304529423,25.071859709367686,-29.06316889570425,0,0,Capitale-Nationale
C009281,3,1,0.957999412189501,31.151859709367688,-28.670858872468774,1,0,Montreal
C005579,3,1,0.5292430862040186,29.424451179458018,-29.33154268256933,0,0,Capitale-Nationale
C002429,3,0,0.022682300426739608,28.63817059819339,-31.623805622843474,0,1,Gaspesie-Iles-de-la-Madeleine
C013924,3,0,0.02957566264744128,27.841859709367686,-30.611344574658865,0,0,Capitale-Nationale
C005359,3,0,0.044507597187801555,28.995945008464382,-31.428870232372766,0,1,Bas-Saint-Laurent
C005635,3,1,0.4594369523000565,28.534085299096695,-28.66309500186074,0,0,Montreal
C007603,3,1,0.9721592689215354,32.329268239277354,-29.510405605096516,1,0,Montreal
C012404,3,0,0.09463917275607732,29.743719418735374,-31.53535904474546,0,1,Gaspesie-Iles-de-la-Madeleine
C003026,3,0,0.10497053620084312,27.314085299096696,-29.01441970219011,0,0,Capitale-Nationale
C010177,3,0,0.35825601661619677,28.691859709367687,-29.154348649488586,0,0,Montreal
C002025,3,0,0.0021383992605584234,25.69853647855471,-30.574243149171203,0,1,Bas-Saint-Laurent
C004037,3,1,0.9981018975199084,34.496310888825704,-29.52584110715978,1,0,Capitale-Nationale
C008643,3,0,0.0019389444063956749,26.759268239277358,-31.712815471274652,0,1,Gaspesie-Iles-de-la-Madeleine
C003917,3,0,0.32062244361943554,30.139268239277357,-30.735020652055578,1,1,Bas-Saint-Laurent
C007588,3,1,0.9684262079497356,33.6003961879224,-30.884413679574777,1,1,Bas-Saint-Laurent
C005160,3,0,0.13884700238363654,27.029268239277357,-28.477090608053075,0,0,Capitale-Nationale
C007917,3,0,0.021475954921056393,25.336676769187026,-28.366648976106468,0,0,Montreal
C002759,3,0,0.0030095015097308816,26.801859709367687,-31.405765203741794,0,1,Bas-Saint-Laurent
C002501,3,0,0.008392572667888249,27.286310888825703,-31.072261522010223,0,1,Bas-Saint-Laurent
C012144,3,0,0.031054515448386,27.068902358916034,-29.798466784411374,0,0,Montreal
C009988,3,0,0.5212548350148857,28.621127948645043,-28.55363539655071,0,0,Capitale-Nationale
C011036,3,0,0.9167227501730887,32.37149382900636,-30.468490627896635,1,1,Bas-Saint-Laurent
C006954,3,1,0.844522720308933,32.480762068283724,-31.13816253523151,1,1,Bas-Saint-Laurent
C008218,3,1,0.8721816475258495,31.431493829006367,-29.907914037574837,1,0,Montreal
C003826,3,1,0.08448326118044988,26.529268239277357,-28.419819914294095,0,0,Montreal
C003649,3,0,0.013367703420882882,28.623719418735373,-32.036369672474365,0,1,Cote-Nord
C011781,3,0,0.0013924164729431706,26.573719418735372,-31.790388485623005,0,1,Bas-Saint-Laurent
C001429,3,1,0.9999671061360619,37.13667676918703,-28.947349473606565,1,0,Montreal
C009581,3,1,0.971235190347958,31.899268239277358,-29.10706576788842,1,0,Montreal
C001037,3,0,0.09570158781552701,27.364451179458015,-29.14630253400019,0,0,Montreal
C000518,3,1,0.9945401165951028,33.2863108888257,-29.156931519454645,1,0,Capitale-Nationale
C013795,3,0,0.06566644370846263,28.001493829006364,-30.108088540977974,0,0,Montreal
C006450,3,1,0.49117271950351815,28.816310888825704,-28.844327032798176,0,0,Montreal
C003948,3,0,0.05129563148711555,26.531493829006365,-28.846147053899514,0,0,Capitale-Nationale
C004865,3,0,0.08749621277650257,27.241859709367688,-29.10199473107395,0,0,Capitale-Nationale
C013693,3,1,0.5046693389790087,31.940762068283718,-31.925943565172858,1,1,Bas-Saint-Laurent
C013830,3,0,0.0399905437791227,26.587042649548348,-29.108613752199144,0,0,Capitale-Nationale
C011819,3,1,0.4642226178510072,28.973719418735374,-29.087452740681744,0,0,Capitale-Nationale
C012814,3,0,0.2522116576413441,29.226676769187023,-30.088953080586716,0,0,Montreal
C008999,3,1,0.4582769374469447,29.497042649548348,-29.62975873849763,0,0,Capitale-Nationale
C012829,3,1,0.8682210907739863,31.854085299096695,-30.358326467222227,1,1,Cote-Nord
C013499,3,1,0.9994625823830647,35.16445117945802,-29.19179767390743,1,0,Montreal
C005595,3,1,0.9912098733426764,32.792225589729014,-29.04331190348384,1,0,Montreal
C008129,3,1,0.7974570140102749,31.401493829006366,-30.314198095610784,1,1,Cote-Nord
C009552,3,1,0.986556196812832,32.674085299096696,-29.2659999424044,1,0,Capitale-Nationale
C001871,3,0,0.012064740911426775,25.521859709367686,-29.016920680884674,0,0,Montreal
C006574,3,0,0.2666342813768941,30.096310888825702,-30.899017096464608,1,1,Bas-Saint-Laurent
C006511,3,1,0.5577003234878144,30.948902358916037,-30.76497190198696,1,1,Cote-Nord
C006661,3,0,0.02383315831407334,28.841493829006364,-31.7869278128436,0,1,Bas-Saint-Laurent
C009976,3,0,0.005904078352515593,25.523719418735375,-29.59069011859762,0,0,Montreal
C011719,3,0,0.07856052682718782,29.638902358916035,-31.592235460806975,0,1,Gaspesie-Iles-de-la-Madeleine
C004861,3,1,0.9863744476128922,33.074085299096694,-29.676799986207726,1,0,Montreal
C000134,3,0,0.16052923604773447,29.786310888825703,-31.098780998852902,0,1,Bas-Saint-Laurent
C010367,3,1,0.9814152640104259,32.01149382900636,-28.864464768814614,1,0,Montreal
C001016,3,0,0.010074679343787049,26.801493829006365,-30.441165928006775,0,1,Gaspesie-Iles-de-la-Madeleine
C002302,3,1,0.9970478055274148,33.291859709367685,-28.672655523841417,1,0,Capitale-Nationale
C003674,3,0,0.8711537773128123,32.168902358916036,-30.652612604456827,1,1,Bas-Saint-Laurent
C006577,3,0,0.0002615198852764075,23.814085299096696,-30.358395258229585,0,1,Bas-Saint-Laurent
C012119,3,1,0.9795690296659385,33.20185970936769,-30.131465742783995,1,0,Montreal
C003431,3,1,0.9564976865394538,32.408536478554716,-29.956651801721105,1,0,Montreal
C004556,3,0,0.034405347260209086,26.811493829006366,-29.45701488543872,0,0,Capitale-Nationale
C007390,3,0,0.17709753304754008,29.471127948645044,-30.6898545336885,0,1,Gaspesie-Iles-de-la-Madeleine
C012458,3,1,0.7574257180368716,31.956676769187023,-31.053330686029458,1,1,Cote-Nord
C003366,3,1,0.9964326578223986,33.47667676918703,-29.00812517162003,1,0,Capitale-Nationale
C006436,3,1,0.5959016040461449,29.044451179458015,-28.7362922757997,0,0,Capitale-Nationale
C008898,3,1,0.9635507428080544,32.601493829006365,-30.00343862281797,1,0,Capitale-Nationale
C006755,3,1,0.3731187253003425,29.54890235891603,-29.960551227214637,0,1,Gaspesie-Iles-de-la-Madeleine
C004217,3,1,0.9995278217237075,35.881127948645045,-29.805745489758205,1,0,Capitale-Nationale
C010875,3,1,0.9562163125931208,31.636310888825705,-29.18977465034687,1,0,Montreal
C007217,3,0,0.7479267863660312,29.76926823927736,-28.906409441663694,0,0,Capitale-Nationale
C008811,3,1,0.8742576185913394,31.524451179458016,-29.985993865547798,1,0,Capitale-Nationale
C010455,3,0,0.6465835159611278,31.581493829006366,-31.102253982873567,1,1,Bas-Saint-Laurent
C005823,3,0,0.5207085684362951,28.961859709367687,-28.896103783741538,0,0,Montreal
C000586,3,0,0.004810190530000418,26.308902358916036,-30.53931259433331,0,1,Gaspesie-Iles-de-la-Madeleine
C005447,3,1,0.3085611467693658,29.11740852990967,-29.757543633155098,0,0,Montreal
C003000,3,1,0.9991091098539588,36.8240852990967,-31.252718343345812,1,1,Gaspesie-Iles-de-la-Madeleine
C003305,3,0,0.09220378617825159,29.18890235891603,-31.003356664887065,0,1,Bas-Saint-Laurent
C006563,3,0,0.11399114921631436,27.159268239277356,-28.786159653868793,0,0,Capitale-Nationale
C012602,3,1,0.4243259549856699,29.109634119638677,-29.351643755848418,0,0,Capitale-Nationale
C006459,3,1,0.905012200030672,31.851493829006365,-30.063076977002787,1,0,Montreal
C009838,3,0,0.38261306694694736,29.42335353837405,-29.80295913397691,0,0,Capitale-Nationale
C008341,3,0,0.0056848550561217044,25.114085299096693,-29.211250293120074,0,0,Capitale-Nationale
C005588,3,0,0.01688748702489788,28.113719418735375,-31.33809862665726,0,1,Cote-Nord
C000203,3,0,0.18035915853664586,27.91704264954835,-29.118139728744886,0,0,Montreal
C011556,3,0,0.09353797817241595,27.076676769187024,-28.878566357029115,0,0,Capitale-Nationale
C006767,3,0,0.006191019320807864,24.821859709367686,-28.850950852810033,0,0,Capitale-Nationale
C007612,3,0,0.15873754538123727,28.843719418735375,-30.16678574171702,0,1,Cote-Nord
C002467,3,0,0.009300788614635375,25.801859709367687,-29.505562835433683,0,0,Montreal
C004678,3,1,0.29197900227571544,30.53926823927736,-31.242029803801252,1,1,Bas-Saint-Laurent
C005641,3,1,0.6494291093267243,30.916310888825702,-30.42717328490574,1,1,Gaspesie-Iles-de-la-Madeleine
C007545,3,1,0.4029531025699132,28.136676769187023,-28.448610789202856,0,0,Capitale-Nationale
C007842,3,1,0.9558793396873332,31.944085299096695,-29.50391134905234,1,0,Capitale-Nationale
C003292,3,1,0.6423942149275658,30.267042649548348,-29.80230898270498,1,0,Montreal
C008852,3,1,0.9968295217499358,34.563719418735374,-30.0012830023217,1,0,Capitale-Nationale
C001651,3,0,0.0016383787969241731,26.585945008464382,-31.67336375242753,0,1,Cote-Nord
C001128,3,1,0.9943051296753319,33.18890235891603,-29.093141844288827,1,0,Capitale-Nationale
C001384,3,1,0.6989511281346618,31.6863108888257,-31.01804799464614,1,1,Cote-Nord
C008046,3,0,0.009435622439997503,26.121859709367687,-29.81403589827257,0,0,Montreal
C012049,3,0,0.00010592842223434156,22.994085299096696,-30.255525150838825,0,1,Gaspesie-Iles-de-la-Madeleine
C005702,3,1,0.5220644366718405,30.371859709367687,-30.301793068409403,1,0,Capitale-Nationale
C012970,3,0,4.6000388551944336e-05,21.964451179458017,-29.88770023879613,0,0,Capitale-Nationale
C010870,3,0,0.06857641662035584,28.661493829006364,-30.731212657154284,0,1,Bas-Saint-Laurent
C005197,3,0,0.5302036439125449,31.21853647855471,-31.12256885554982,1,1,Cote-Nord
C000996,3,1,0.9397552229724353,31.831493829006366,-29.651942225478134,1,0,Montreal
C003915,3,1,0.9311662213364236,31.483719418735372,-29.41719172500009,1,0,Capitale-Nationale
C005564,3,0,0.061194366708030225,28.031859709367687,-30.198201500663465,0,1,Gaspesie-Iles-de-la-Madeleine
C012929,3,1,0.995402053262661,33.168902358916036,-28.902520604278017,1,0,Capitale-Nationale
C012700,3,0,0.038545962743945325,26.839268239277356,-29.391221706053656,0,0,Montreal
C002111,3,0,0.06045983130482491,28.043719418735375,-30.220262412065026,0,1,Gaspesie-Iles-de-la-Madeleine
C006625,3,0,0.0019602704962011896,26.868536478554713,-31.813388257286945,0,1,Gaspesie-Iles-de-la-Madeleine
C013312,3,0,0.041472683466841256,26.351493829006365,-28.84296678992545,0,0,Capitale-Nationale
C009324,3,0,0.008508250081930808,27.534085299096695,-31.309082775065864,0,1,Gaspesie-Iles-de-la-Madeleine
C005484,3,0,0.001972956458817137,24.286676769187025,-29.226400676051373,0,0,Montreal
C012505,3,1,0.9373664715236429,32.02185970936768,-29.875177446884077,1,0,Montreal
C008723,3,1,0.8148270355589735,30.774451179458016,-29.59892486359494,1,0,Montreal
C012401,3,1,0.5984911787279346,30.706310888825705,-30.389611247242385,1,0,Montreal
C011042,3,0,0.09479966744308356,29.03335353837405,-30.82350820411114,0,1,Bas-Saint-Laurent
C012959,3,1,0.9022432442627462,30.218902358916033,-28.45571320912837,1,0,Montreal
C008453,3,1,0.9976193689302364,33.364451179458015,-28.574072231593078,1,0,Montreal
C003796,3,1,0.08152146607151056,27.146676769187025,-29.06810401146456,0,0,Montreal
C010450,3,1,0.9997894138580843,36.2040852990967,-29.487878444682266,1,0,Montreal
C000589,3,1,0.9123469886282803,31.17335353837405,-29.314775353169853,1,0,Capitale-Nationale
C007167,3,1,0.9410591639724333,31.754451179458016,-29.556439190061337,1,0,Montreal
C006959,3,1,0.912891642729608,31.734451179458016,-29.87045431705534,1,0,Montreal
C000086,3,1,0.9991313809500596,36.93112794864504,-31.339657951024474,1,1,Cote-Nord
C002231,3,1,0.997803184374685,32.361859709367685,-27.507581887579445,1,0,Capitale-Nationale
C000496,3,0,0.15302735840014467,29.679268239277356,-31.036766997989247,0,1,Cote-Nord
C010810,3,0,0.03759449574888052,27.10704264954835,-29.67961014772703,0,0,Montreal
C013596,3,1,0.9933987271132082,32.77185970936768,-28.79400100625038,1,0,Montreal
C006470,3,1,0.9672269851969135,31.326676769187024,-28.64125263828242,1,0,Montreal
C010908,3,1,0.9229188229347758,31.759268239277358,-29.789580234451538,1,0,Capitale-Nationale
C008255,3,0,0.010530458171416452,27.733719418735372,-31.337922218079616,0,1,Gaspesie-Iles-de-la-Madeleine
C001718,3,1,0.9998499286732093,34.744085299096696,-27.759048947767827,1,0,Montreal
C013841,3,1,0.9670022827809615,31.772225589729008,-29.092406838785855,1,0,Capitale-Nationale
C012656,3,0,0.6745292954713475,29.406676769187026,-28.82851349158812,0,0,Montreal
C011197,3,0,0.1903848255283871,27.166676769187024,-28.315090493925442,0,0,Montreal
C010122,3,0,0.16081569382149208,30.314085299096696,-31.62487016004779,1,1,Gaspesie-Iles-de-la-Madeleine
C007795,3,1,0.8517942700255468,30.10926823927736,-28.72186575764887,1,0,Montreal
C007960,3,1,0.24004521573281618,28.224451179458015,-29.138757002828548,0,0,Montreal
C003066,3,0,0.05102646620170408,26.226676769187023,-28.545729099500562,0,0,Montreal
C009786,3,1,0.7970373094182095,29.86890235891603,-28.783666592399364,0,0,Montreal
C008967,3,0,0.0835647643490024,27.669268239277358,-29.569288179960765,0,0,Montreal
C009506,3,1,0.7557149932952647,30.421859709367688,-29.52588307599666,1,0,Montreal
C004017,3,0,6.376507434470769e-05,23.951493829006367,-31.615648917087615,0,1,Gaspesie-Iles-de-la-Madeleine
C007150,3,1,0.7267278275399713,30.431493829006367,-29.65551054756168,1,0,Montreal
C005241,3,0,0.007478683673522535,27.55853647855471,-31.43668595294528,0,1,Bas-Saint-Laurent
C012210,3,0,0.007246995664113921,26.528902358916035,-30.432204241741054,0,1,Gaspesie-Iles-de-la-Madeleine
C003083,3,0,9.385802098207676e-05,23.664085299096694,-31.02151705073595,0,1,Cote-Nord
C013652,3,1,0.8355335801576925,30.256676769187024,-28.96716002753693,1,0,Montreal
C010040,3,1,0.24832510867909977,28.283719418735373,-29.1624294330715,0,0,Montreal
C006558,3,0,0.0004883516405305618,24.98853647855471,-31.037186076613743,0,1,Cote-Nord
C005921,3,1,0.9950142559426979,32.95149382900637,-28.749662700503272,1,0,Montreal
C000328,3,1,0.36634522979061246,30.698902358916037,-31.13361264890608,1,1,Gaspesie-Iles-de-la-Madeleine
C010300,3,0,0.133137963625859,28.348902358916035,-29.835278086179468,0,0,Montreal
C002071,3,0,0.04012482339667135,27.338536478554712,-29.85733709601613,0,0,Montreal
C007028,3,0,0.01146218626224307,25.513719418735374,-29.049911507353066,0,0,Montreal
C012170,3,1,0.6487979237519392,30.664451179458016,-30.177512175300077,1,0,Montreal
C004075,3,1,0.8512413448831597,32.01631088882571,-30.632377971787857,1,1,Gaspesie-Iles-de-la-Madeleine
C002557,3,0,0.23421160387719409,30.098902358916035,-31.038793807073493,1,1,Gaspesie-Iles-de-la-Madeleine
C003197,3,0,0.5458992555463308,31.448902358916037,-31.302830567787165,1,1,Cote-Nord
C008520,3,0,0.20476015250169677,30.374085299096695,-31.4505345927099,1,1,Gaspesie-Iles-de-la-Madeleine
C002906,3,0,0.16966617455909375,27.748902358916034,-29.0087715150349,0,0,Montreal
C005530,3,0,0.207946991658558,30.451493829006367,-31.51250464849654,1,1,Bas-Saint-Laurent
C000858,3,1,0.5181993372929395,30.944451179458017,-30.886670348338175,1,1,Bas-Saint-Laurent
C001336,3,1,0.2220726455338197,28.091859709367686,-29.086452258544416,0,0,Capitale-Nationale
C009110,3,0,0.00023963043943751804,22.84704264954835,-29.46072045978308,0,0,Montreal
C012941,3,1,0.8053698295733343,30.241493829006366,-29.11474804066531,1,0,Capitale-Nationale
C012358,3,1,0.9797383043648313,31.718902358916033,-28.64177068561086,1,0,Montreal
C000163,3,0,0.0017704656488126752,25.741493829006366,-30.767293282316874,0,1,Cote-Nord
C008577,3,1,0.3111070635801719,28.78704264954835,-29.41773193318363,0,0,Montreal
C007674,3,1,0.9013380553258058,32.83112794864504,-31.076047658128903,1,1,Bas-Saint-Laurent
C007358,3,1,0.9578788912148453,32.01890235891604,-29.540274661605096,1,0,Montreal
C002868,3,0,0.0007491333141507413,23.526676769187024,-29.235650783460464,0,0,Capitale-Nationale
C006953,3,1,0.9990257864304009,34.90149382900636,-29.40112788384177,1,0,Capitale-Nationale
C009422,3,0,0.0009886345313714618,25.344085299096694,-30.832781856065406,0,0,Montreal
C009085,3,0,0.034692621440266004,28.349268239277357,-30.987956321265393,0,1,Gaspesie-Iles-de-la-Madeleine
C004828,3,0,2.340524174006201e-05,23.435945008464383,-31.89528471090054,0,1,Cote-Nord
C001504,3,0,0.000494743537596313,23.764085299096696,-29.802412984891745,0,0,Montreal
C008182,3,0,0.1164871710786605,27.67222558972901,-29.27969411750065,0,0,Montreal
C010131,3,0,0.07056092725640893,27.168902358916036,-29.214295835620963,0,0,Capitale-Nationale
C013926,3,1,0.9986884877607466,34.92963411963868,-29.66540970649259,1,0,Capitale-Nationale
C005181,3,1,0.994290589740409,33.978536478554716,-29.884810590017878,1,1,Cote-Nord
C004150,3,0,0.08508161344777464,27.76926823927736,-29.653701982026604,0,0,Capitale-Nationale
C003892,3,1,0.9953618977759516,33.43112794864504,-29.17167690724811,1,0,Montreal
C005457,3,1,0.9532625229483368,33.74853647855471,-31.35625003986338,1,1,Cote-Nord
C013191,3,1,0.9662583319394017,32.10890235891603,-29.447382522562513,1,0,Capitale-Nationale
C007759,3,1,0.3842301210091324,31.068902358916034,-31.44308124633568,1,1,Gaspesie-Iles-de-la-Madeleine
C003013,3,0,0.031246682362537404,26.921127948645044,-29.64564072022234,0,0,Montreal
C007998,3,0,0.7756234909604149,29.82704264954835,-28.842991508816436,0,0,Capitale-Nationale
C005008,3,0,0.19005945424843473,28.599268239277357,-29.74935778898249,0,0,Capitale-Nationale
C004894,3,1,0.9448740140739792,31.518902358916037,-29.264593929051653,1,0,Montreal
C011668,3,0,0.11301258049063817,29.993719418735374,-31.62832677993195,1,1,Bas-Saint-Laurent
C012836,3,1,0.7730208597978717,31.314085299096696,-30.341850476535317,1,0,Montreal
C001462,3,1,0.5844134691527382,31.186676769187024,-30.9162024156361,1,1,Bas-Saint-Laurent
C005519,3,1,0.9404900090803257,30.924085299096696,-28.734177623621626,1,0,Montreal
C012674,3,1,0.8186595358250106,32.1863108888257,-30.99046913846789,1,1,Gaspesie-Iles-de-la-Madeleine
C013533,3,0,0.0003009206239221974,24.811493829006366,-31.244433851570612,0,1,Bas-Saint-Laurent
C004424,3,1,0.8438390915897285,30.726676769187023,-29.388200498844835,1,0,Capitale-Nationale
C013932,3,0,0.24547141636328354,29.771127948645045,-30.662014268802157,0,1,Bas-Saint-Laurent
C009059,3,0,0.265911106218235,30.461493829006365,-31.26713673071488,1,1,Bas-Saint-Laurent
C006107,3,1,0.8155065903307632,33.136310888825705,-31.957206289488305,1,1,Bas-Saint-Laurent
C007425,3,0,0.14743277673655594,27.696676769187025,-29.08894744240325,0,0,Montreal
C010909,3,0,0.02910542935515704,27.41594500846438,-30.198529642606953,0,1,Cote-Nord
C005330,3,0,0.002483019272778263,26.336310888825704,-31.093199823876947,0,1,Gaspesie-Iles-de-la-Madeleine
C012298,3,0,0.060083840969363166,26.808902358916036,-28.99071204102889,0,0,Capitale-Nationale
C008280,3,1,0.9869855095171749,35.37890235891603,-31.944723070584725,1,1,Bas-Saint-Laurent
C013687,3,1,0.949487547960585,31.579268239277358,-29.251753759676326,1,0,Montreal
C008910,3,1,0.9683560123672769,32.45667676918703,-29.742513652640557,1,0,Montreal
C007535,3,0,0.532647274100761,29.689268239277357,-29.585515024399633,0,0,Montreal
C009250,3,0,0.007760939615074871,26.313719418735374,-30.162251531047367,0,1,Bas-Saint-Laurent
C003276,3,0,0.5535800569172364,31.583353538374052,-31.41266271057416,1,1,Cote-Nord
C004343,3,0,0.22044812911859868,29.94926823927736,-30.951340864936142,1,1,Cote-Nord
C007096,3,1,0.879106077512327,29.999268239277356,-28.425226479764774,1,0,Montreal
C006693,3,1,0.8558590008970833,30.346676769187024,-28.93343418781032,1,0,Montreal
C010723,3,0,0.0006044220373932281,24.214451179458017,-30.093832614559595,0,0,Capitale-Nationale
C001298,3,0,0.002743954961363356,25.53704264954835,-30.214446405235524,0,0,Montreal
C005675,3,0,0.25131590001570503,27.884085299096697,-28.750134162270715,0,0,Montreal
C012995,3,0,0.2634984955978159,29.944451179458017,-30.759928355428862,1,1,Bas-Saint-Laurent
C001563,3,1,0.5082201068609012,30.583719418735374,-30.557630690922416,1,1,Gaspesie-Iles-de-la-Madeleine
C002157,3,0,0.014194175097308361,26.21704264954835,-29.581433660475398,0,0,Capitale-Nationale
C004001,3,0,0.003680391712261506,26.461493829006365,-30.905203536746967,0,1,Gaspesie-Iles-de-la-Madeleine
C000182,3,0,0.3826908779759744,31.183719418735375,-31.563063687836966,1,1,Gaspesie-Iles-de-la-Madeleine
C002787,3,0,0.3066227591580704,30.30926823927736,-30.956624069881496,1,1,Bas-Saint-Laurent
C005739,3,0,0.0018664585712914604,26.904451179458015,-31.888284163160105,0,1,Bas-Saint-Laurent
C009744,3,1,0.7344520863018171,31.60335353837405,-30.796233851225633,1,1,Bas-Saint-Laurent
C002264,3,0,0.08492319511923636,27.826676769187024,-29.712726472263704,0,0,Montreal
C008304,3,0,0.7012188690439936,30.324085299096694,-29.64725355864423,1,0,Capitale-Nationale
C006893,3,1,0.48541812379025745,29.181493829006367,-29.227782305305347,0,0,Montreal
C004021,3,0,0.00209118729220601,25.338902358916037,-30.232359011549192,0,1,Cote-Nord
C006137,3,0,0.42223348789109183,31.071127948645046,-31.319938118274656,1,1,Bas-Saint-Laurent
C005964,3,0,0.3511723242229538,28.621859709367687,-29.1089023075631,0,0,Capitale-Nationale
C011358,3,0,0.00859436407765949,26.095945008464383,-29.862884044958115,0,0,Capitale-Nationale
C009874,3,0,0.013571051770162764,28.128902358916037,-31.529411261891866,0,1,Bas-Saint-Laurent
C013695,3,0,0.99938436019781,34.92594500846439,-29.061162066905766,1,0,Montreal
C013757,3,0,0.09623076593079612,27.911493829006364,-29.68850595299365,0,0,Montreal
C001007,3,1,0.9721552948190827,31.998902358916034,-29.180156208986002,1,0,Montreal
C003508,3,0,0.006551032353081453,25.974451179458015,-29.958411236150198,0,0,Capitale-Nationale
C000110,3,1,0.8452993282748534,31.181859709367686,-29.83455812869346,1,0,Montreal
C010168,3,0,0.004895971057292264,26.496310888825704,-30.712629159271575,0,1,Gaspesie-Iles-de-la-Madeleine
C009141,3,1,0.9402498040351744,32.698536478554715,-30.5120273618165,1,1,Gaspesie-Iles-de-la-Madeleine
C004126,3,1,0.7792967523468078,32.04076206828372,-31.039866741622443,1,1,Bas-Saint-Laurent
C013316,3,1,0.6099670296452683,31.331127948645044,-30.976353363045387,1,1,Gaspesie-Iles-de-la-Madeleine
C013595,3,1,0.9996907819748888,35.17594500846439,-28.76459133224215,1,0,Montreal
C004191,3,0,0.0003263988650470848,24.476676769187023,-30.84511643645053,0,1,Cote-Nord
C005679,3,0,0.0016285799985289848,24.66963411963868,-29.76181988133778,0,0,Montreal
C013227,3,0,0.029196503578129494,27.14704264954835,-29.927074185767246,0,0,Montreal
C004209,3,0,0.025979642319238907,27.674085299096696,-30.549356140951485,0,1,Cote-Nord
C010438,3,0,0.31907034215509333,28.856676769187025,-29.458089601238264,0,0,Montreal
C001259,3,0,0.6390925458632439,30.76853647855471,-30.31518231360572,1,1,Gaspesie-Iles-de-la-Madeleine
C012795,3,0,0.16025450290664536,27.486676769187024,-28.800765437978434,0,0,Capitale-Nationale
C010750,3,0,0.24422843845645287,30.30926823927736,-31.205487996870474,1,1,Gaspesie-Iles-de-la-Madeleine
C005897,3,0,0.11920767953077716,30.589268239277356,-32.17597426703278,1,1,Gaspesie-Iles-de-la-Madeleine
C001000,3,0,0.39055640254229496,29.666676769187024,-30.019706239301996,0,0,Capitale-Nationale
C002074,3,0,0.07327500419395784,26.984085299096694,-28.997214451360133,0,0,Montreal
C004684,3,1,0.6998210236735488,32.098902358916035,-31.42735686769815,1,1,Gaspesie-Iles-de-la-Madeleine
C011013,3,1,0.8730733146404145,30.856676769187025,-29.326732306240736,1,0,Montreal
C005712,3,1,0.8034869748985944,30.021493829006367,-28.904243209113453,1,0,Montreal
C007959,3,0,0.6816579933610197,31.631493829006367,-31.027419763250993,1,1,Gaspesie-Iles-de-la-Madeleine
C003488,3,1,0.8071672296534664,30.247042649548348,-29.11116742968875,1,0,Montreal
C006886,3,0,0.0008536077922606923,24.82594500846438,-30.431257621848342,0,1,Gaspesie-Iles-de-la-Madeleine
C000666,3,1,0.3691516445607441,28.064451179458015,-28.48958536178336,0,0,Montreal
C005870,3,1,0.9632980878396832,31.994085299096696,-29.401718581569636,1,0,Montreal
C011053,3,0,0.00806446555522482,25.339268239277356,-29.157120713137388,0,0,Capitale-Nationale
C002554,3,0,0.16328280158640804,27.831859709367688,-29.128229857273393,0,0,Capitale-Nationale
C002358,3,0,0.09285875766458807,26.604451179458017,-28.412717060079398,0,0,Montreal
C000401,3,0,0.10080687871324892,27.749268239277356,-29.48539501896997,0,0,Capitale-Nationale
C008834,3,0,0.08350245394547602,29.434085299096694,-31.334750981890558,0,1,Cote-Nord
C003321,3,1,0.8257421315316426,30.176310888825704,-28.942026884986184,1,0,Montreal
C011615,3,0,0.141051041764283,27.354451179458017,-28.787745430291704,0,0,Capitale-Nationale
C007090,3,0,0.017286193567551164,27.8663108888257,-31.07185481427249,0,1,Bas-Saint-Laurent
C012106,3,1,0.8608559635188138,30.674085299096696,-29.228232070130222,1,0,Capitale-Nationale
C006377,3,0,0.009363231688952138,26.336310888825704,-30.034655322045293,0,0,Montreal
C003494,3,1,0.32763565071151174,28.223719418735374,-28.794072402167245,0,0,Montreal
C007788,3,0,0.11821475381068301,29.583353538374052,-31.17758939860275,0,1,Cote-Nord
C010712,3,1,0.9775628561566017,31.204085299096693,-28.209629634890547,1,0,Capitale-Nationale
C007994,3,1,0.9119429973974834,30.746310888825704,-28.891732322006877,1,0,Montreal
C009355,3,1,0.9311691526900802,31.476676769187023,-29.410112790690256,1,0,Montreal
C001914,3,0,0.0035321508061460756,24.371859709367687,-28.848304688394723,0,0,Montreal
C013842,3,0,0.004264702784139418,27.736676769187024,-32.06301521828633,0,1,Gaspesie-Iles-de-la-Madeleine
C001975,3,1,0.7680947805156337,30.414085299096694,-29.463956591028893,1,0,Capitale-Nationale
C002630,3,0,0.0014878219711687278,26.714085299096695,-31.878099823585128,0,1,Bas-Saint-Laurent
C008931,3,1,0.865517367969791,30.844085299096694,-29.3669139009562,1,0,Montreal
C009198,3,1,0.890692251993889,30.884817059819337,-29.220458257444953,1,0,Montreal
C002423,3,0,0.19744595531864342,28.134085299096697,-29.24665664484456,0,0,Montreal
C010328,3,1,0.6940878164926197,29.55853647855471,-28.908527302160433,0,0,Montreal
C002075,3,1,0.3631034787116675,31.024085299096694,-31.46989579842232,1,1,Cote-Nord
C005468,3,0,0.09073960345428413,28.606310888825703,-30.43474351031109,0,0,Capitale-Nationale
C012123,3,1,0.9338241355754869,30.999268239277356,-28.89923719519285,1,0,Montreal
C009547,3,0,0.025134778459467138,26.749268239277356,-29.651456399954924,0,0,Montreal
C002226,3,1,0.7079596038657829,32.2640852990967,-31.56155933531838,1,1,Gaspesie-Iles-de-la-Madeleine
C009435,3,1,0.4843023166402775,29.101859709367687,-29.151692432777505,0,0,Montreal
C009030,3,0,0.17176561509598323,29.413353538374054,-30.661457281612268,0,1,Gaspesie-Iles-de-la-Madeleine
C006368,3,0,0.3483541805058749,28.871859709367687,-29.368733258520233,0,0,Montreal
C003865,3,1,0.8979232143566086,31.22890235891603,-29.50382883020606,1,0,Montreal
C001132,3,0,0.23694959991578018,30.206310888825705,-31.134139714092203,1,1,Gaspesie-Iles-de-la-Madeleine
C004796,3,0,0.004318660604101728,26.431493829006367,-30.747814376371124,0,1,Cote-Nord
C005029,3,0,0.11130649769865188,27.669268239277358,-29.317468519160983,0,0,Capitale-Nationale
C003125,3,1,0.9423940373648996,31.92594500846438,-29.708633828692413,1,0,Montreal
C006926,3,0,0.011446124121959526,25.623719418735373,-29.161036941070556,0,0,Capitale-Nationale
C001737,3,1,0.8675142378606047,32.47149382900636,-30.980625388883745,1,1,Bas-Saint-Laurent
C008228,3,0,0.44202329566140947,29.614451179458015,-29.79927062228152,0,0,Montreal
C008449,3,1,0.9016476525978508,32.20149382900637,-30.443647592229066,1,1,Bas-Saint-Laurent
C006178,3,0,0.586985585128026,29.724451179458015,-29.44556718085302,0,0,Montreal
C012301,3,0,2.401106509280048e-06,20.888902358916035,-31.154788526329007,0,1,Bas-Saint-Laurent
C001587,3,0,0.00012061266333049783,24.573353538374054,-31.731785779578406,0,1,Cote-Nord
C010183,3,1,0.837623623606447,32.09853647855471,-30.796890850029467,1,1,Gaspesie-Iles-de-la-Madeleine
C003730,3,1,0.9658331006812113,31.789634119638677,-29.138399530355144,1,0,Montreal
C012525,3,0,0.0049286890315876145,26.373719418735373,-30.58472743344456,0,1,Bas-Saint-Laurent
C010035,3,0,0.014820458886292616,25.866676769187023,-29.196308284617068,0,0,Montreal
C002661,3,0,0.17367466557232908,28.78704264954835,-30.024546487512268,0,0,Montreal
C007510,3,1,0.6710242483264537,31.951127948645045,-31.385596265703317,1,1,Cote-Nord
C002480,3,0,0.27790736284412604,30.19853647855471,-30.956099148103466,1,1,Cote-Nord
C007539,3,0,0.26560539304270964,28.874451179458017,-29.68133706270414,0,0,Montreal
C012856,3,0,0.004306158397805674,25.481859709367686,-29.800490300404213,0,0,Montreal
C013000,3,0,0.07372676806284352,29.456310888825705,-31.464176821455588,0,1,Gaspesie-Iles-de-la-Madeleine
C013547,3,1,0.1707800494728052,28.431493829006367,-29.685106445849797,0,0,Montreal
C007038,3,0,0.002109563303927891,25.846310888825702,-30.732811749605045,0,1,Gaspesie-Iles-de-la-Madeleine
C008989,3,0,0.9749154444496566,31.661493829006364,-28.757677941189804,1,0,Capitale-Nationale
C007918,3,0,0.19098235556635845,28.926676769187026,-30.07201861084568,0,0,Capitale-Nationale
C001332,3,0,0.2870254014302852,28.291859709367685,-29.013728196941127,0,0,Montreal
C008194,3,0,0.00044660941255238943,23.471493829006366,-29.591065293587192,0,0,Montreal
C003348,3,1,0.9778177604956327,32.20926823927736,-29.2055407915204,1,0,Montreal
C005464,3,0,0.6978699224510152,32.7563108888257,-32.09212046592194,1,1,Bas-Saint-Laurent
C002907,3,1,0.8627102354128511,29.934085299096694,-28.475881237261262,1,0,Montreal
C002549,3,1,0.9817207737934721,33.178902358916034,-30.018475952504783,1,0,Montreal
C013527,3,1,0.9974063667065911,36.418902358916036,-31.69668003560901,1,1,Bas-Saint-Laurent
C008494,3,0,0.03792619724155653,27.081859709367688,-29.64718439562413,0,0,Montreal
C002589,3,0,0.0001728915254201806,23.393719418735373,-30.26643307597638,0,1,Gaspesie-Iles-de-la-Madeleine
C007319,3,0,0.0013987963944069946,25.511859709367688,-30.724896858813562,0,0,Capitale-Nationale
C007958,3,0,0.38153552308449296,29.71704264954835,-30.10026923586154,0,0,Montreal
C007643,3,0,0.7906953612015432,31.828902358916032,-30.7744155481571,1,1,Cote-Nord
C012597,3,1,0.9658018192688631,33.039268239277355,-30.388785382472598,1,1,Bas-Saint-Laurent
C012920,3,1,0.9767887320913015,32.571493829006364,-29.604577864193534,1,0,Capitale-Nationale
C008275,3,0,0.06473017219826065,28.401859709367688,-30.52064233273469,0,1,Cote-Nord
C010677,3,1,0.9807192263567519,34.21112794864504,-31.093832280617807,1,1,Cote-Nord
C011782,3,1,0.9535479078014829,31.86890235891603,-29.471519165935547,1,0,Montreal
C008581,3,0,0.19358409653521183,30.241127948645044,-31.373179168703707,1,1,Gaspesie-Iles-de-la-Madeleine
C000746,3,1,0.82928432038731,31.63704264954835,-30.38306935690346,1,0,Capitale-Nationale
C002242,3,0,0.000313822579084628,24.198902358916037,-30.59852542111564,0,1,Gaspesie-Iles-de-la-Madeleine
C007729,3,0,0.17388937560181744,29.81185970936769,-31.048177152601305,0,1,Gaspesie-Iles-de-la-Madeleine
C007099,3,0,0.5431969855061458,29.499268239277356,-29.361840699753806,0,0,Montreal
C004264,3,1,0.9727142409924013,31.976676769187023,-29.141386690835308,1,0,Montreal
C010534,3,0,0.05077153123023199,28.833719418735374,-31.156958575139097,0,1,Bas-Saint-Laurent
C001491,3,0,0.014849561103965616,27.181493829006367,-30.50954553128748,0,0,Montreal
C005459,3,0,0.0009206659014344218,25.511493829006366,-31.05675420637139,0,1,Bas-Saint-Laurent
C004914,3,0,0.1924133148362404,28.97890235891603,-30.116917401379247,0,0,Capitale-Nationale
C012367,3,1,0.8300218943907194,31.096676769187024,-29.838562986692285,1,0,Montreal
C003685,3,0,0.018266623207958604,25.768902358916037,-28.92988614533312,0,0,Montreal
C007691,3,0,0.030006373460895346,26.716676769187025,-29.474338876617622,0,0,Capitale-Nationale
C001801,3,1,0.8104959169560654,31.828902358916032,-30.675947289323904,1,1,Bas-Saint-Laurent
C009663,3,0,0.0008088564918007715,22.856676769187025,-28.504748195665062,0,0,Montreal
C011359,3,0,0.14406191455963924,29.53926823927736,-30.95301953885598,0,1,Bas-Saint-Laurent
C009591,3,1,0.7428386078985267,31.895579128103062,-31.05399107216821,1,1,Gaspesie-Iles-de-la-Madeleine
C007072,3,0,0.00011332759303858839,24.66853647855471,-31.876402784958795,0,1,Bas-Saint-Laurent
C013945,3,1,0.2884701104374319,29.326310888825702,-30.04258680397687,0,0,Montreal
C007253,3,0,0.09967395106863766,27.22890235891603,-28.974994965003532,0,0,Montreal
C000711,3,0,0.1509935560579144,30.71557912810306,-32.08559564685162,1,1,Bas-Saint-Laurent
C000231,3,0,0.034072446434141444,27.157042649548348,-29.810551098350718,0,0,Montreal
C003485,3,1,0.39896688303181066,28.724085299096696,-29.049186216308645,0,0,Capitale-Nationale
C004224,3,1,0.9855135008329889,33.68667676918703,-30.33869427672629,1,0,Montreal
C007708,3,0,0.10672128868762172,27.05481705981934,-28.740474929812702,0,0,Montreal
C013682,3,1,0.5342389442242406,32.3040852990967,-32.19525824107342,1,1,Gaspesie-Iles-de-la-Madeleine
C007954,3,0,0.011169251604160067,28.018902358916037,-31.575868980682063,0,1,Gaspesie-Iles-de-la-Madeleine
C010829,3,0,0.26144296869586203,30.83076206828372,-31.654663684402326,1,1,Bas-Saint-Laurent
C005822,3,1,0.45657589544988747,29.494451179458018,-29.632604926526017,0,0,Capitale-Nationale
C010137,3,0,0.03600591042290616,27.856676769187025,-30.46480619060705,0,0,Montreal
C007395,3,1,0.8543245607932874,33.10890235891603,-31.705484583721066,1,1,Gaspesie-Iles-de-la-Madeleine
C012733,3,0,0.5275620912921045,31.261127948645044,-31.17357133685493,1,1,Gaspesie-Iles-de-la-Madeleine
C005136,3,1,0.9840481839625129,32.6163108888257,-29.345954606384275,1,0,Montreal
C002543,3,1,0.9853312226402611,33.066676769187026,-29.728761437927027,1,0,Montreal
C000174,3,0,0.16732032002881073,28.808902358916036,-30.082055702440883,0,0,Montreal
C009808,3,1,0.3692409736022679,28.551493829006365,-28.976323700497456,0,0,Montreal
C012157,3,1,0.9171163202678579,31.096310888825702,-29.189208771804918,1,0,Capitale-Nationale
C013940,3,1,0.974418365102945,31.291859709367685,-28.40401625697099,1,0,Montreal
C010368,3,1,0.586167705285819,29.22890235891603,-28.952694114153978,0,0,Capitale-Nationale
C013614,3,0,0.01400124315061086,25.981493829006364,-29.35689781670364,0,0,Montreal
C001958,3,1,0.9409815348425941,31.878902358916037,-29.68200005494458,1,0,Capitale-Nationale
C006330,3,0,0.001138111722636332,23.371493829006365,-28.748364197033634,0,0,Capitale-Nationale
C005514,3,0,0.0006599639682519063,26.00963411963868,-31.819224195911165,0,1,Cote-Nord
C013998,3,1,0.998126478382646,35.93371941873537,-30.952888654591522,1,1,Bas-Saint-Laurent
C000076,3,0,0.07385111003971341,29.596310888825702,-31.602733400689075,0,1,Gaspesie-Iles-de-la-Madeleine
C011079,3,0,0.162030083773152,30.266310888825704,-31.569978239696162,1,1,Bas-Saint-Laurent
C000768,3,0,0.014649381349280345,26.134451179458015,-29.473431868720333,0,0,Montreal
C001764,3,1,0.9924016515680273,31.784451179458017,-27.918991427108892,1,0,Montreal
C006122,3,0,0.011342733060046932,27.689268239277357,-31.233867694171387,0,1,Cote-Nord
C003541,3,0,0.37207416949339,28.681493829006367,-29.096687748372517,0,0,Montreal
C003164,3,1,0.9728641675361827,34.41445117945802,-31.57466748539737,1,1,Gaspesie-Iles-de-la-Madeleine
C008512,3,0,0.00015131577551620763,24.144085299096695,-31.12256885554982,0,1,Gaspesie-Iles-de-la-Madeleine
C009124,3,1,0.9965238250855062,35.57112794864504,-31.081964736901803,1,1,Cote-Nord
C013458,3,0,0.38480683272800437,28.836310888825704,-29.208556459908255,0,0,Montreal
C011679,3,0,0.0009782843350822628,26.353719418735373,-31.850773925861983,0,1,Bas-Saint-Laurent
C006319,3,0,0.7454323267731723,30.766676769187026,-29.914280845946198,1,1,Gaspesie-Iles-de-la-Madeleine
C003510,3,0,0.015916980574250696,27.861493829006367,-31.13361264890608,0,1,Bas-Saint-Laurent
C006276,3,1,0.9916182700226903,32.62631088882571,-28.83932593113268,1,0,Montreal
C001813,3,1,0.8770641403658354,32.401859709367685,-30.8429512712985,1,1,Cote-Nord
C003121,3,1,0.9911847559493049,32.73667676918703,-28.990046976603814,1,0,Montreal
C008658,3,0,0.009007942303505777,26.443719418735373,-30.17303897025949,0,1,Gaspesie-Iles-de-la-Madeleine
C012825,3,0,0.13769290905206852,27.791859709367685,-29.247366662280932,0,0,Montreal
C009270,3,0,0.029784931204181863,27.001859709367686,-29.765579579475613,0,0,Montreal
C010793,3,1,0.9830592563824945,31.56704264954835,-28.3452044687265,1,0,Montreal
C011436,3,1,0.7277587686890361,31.751493829006364,-30.97138714793298,1,1,Bas-Saint-Laurent
C006793,3,0,0.006917283176696222,26.55926823927736,-30.49977602260309,0,0,Montreal
C010839,3,0,0.0004950195926664564,23.37926823927736,-29.417153147356185,0,0,Montreal
C012462,3,1,0.7384644289934226,30.613719418735375,-29.7901982437446,1,0,Montreal
C011978,3,1,0.9473627485148148,31.139268239277357,-28.846221395045376,1,0,Capitale-Nationale
C011737,3,0,0.8079184033757854,29.929268239277356,-28.789558442360597,1,0,Montreal
C012175,3,1,0.9268412226289768,33.65926823927736,-31.64478016862976,1,1,Gaspesie-Iles-de-la-Madeleine
C002707,3,0,0.0011326516644070107,26.294085299096697,-31.6747753376917,0,1,Gaspesie-Iles-de-la-Madeleine
C000272,3,0,0.035185141011870744,26.599268239277357,-29.226367402031244,0,0,Montreal
C010777,3,1,0.9333367304865829,31.291859709367685,-29.19806487072871,1,0,Montreal
C001463,3,1,0.527774510056156,28.444085299096695,-28.355852509205548,0,0,Montreal
C002176,3,1,0.8212205744605227,32.7640852990967,-31.55448098647227,1,1,Gaspesie-Iles-de-la-Madeleine
C009821,3,0,0.7334806681108735,30.461493829006365,-29.65832117001147,1,0,Montreal
C007468,3,0,0.18288186352386385,28.566676769187023,-29.754308148574836,0,0,Montreal
C013703,3,0,0.09290398900093395,27.56185970936769,-29.36969967489717,0,0,Capitale-Nationale
C012860,3,1,0.9555699483303882,32.39890235891603,-29.964529254860718,1,0,Montreal
C000239,3,1,0.9193074572866405,31.266676769187026,-29.33642541785904,1,0,Capitale-Nationale
C008560,3,0,0.002065320733969228,26.475945008464382,-31.379296880813314,0,1,Bas-Saint-Laurent
C009444,3,0,0.002180901247411918,26.316310888825704,-31.176369695943933,0,1,Bas-Saint-Laurent
C007611,3,0,0.00044246661177123293,24.63185970936769,-30.7588282095139,0,0,Capitale-Nationale
C008767,3,0,0.26282682249329736,29.046676769187023,-29.86490208331855,0,0,Capitale-Nationale
C011587,3,1,0.9986208876884535,33.79149382900636,-28.567197301030372,1,0,Montreal
C004637,3,0,0.0019243623747890943,26.8663108888257,-31.825858890059237,0,1,Gaspesie-Iles-de-la-Madeleine
C010748,3,1,0.5179901612506741,30.296676769187023,-30.239560625418072,1,0,Capitale-Nationale
C009392,3,0,0.49292519185084976,28.539634119638677,-28.56208740832274,0,0,Capitale-Nationale
C004505,3,0,0.03425369462251457,26.31185970936769,-28.9610101276323,0,0,Montreal
C002465,3,0,0.0035701405558641788,24.944451179458017,-29.412378438206805,0,0,Montreal
C009399,3,1,0.9988257263902532,36.501493829006364,-31.14946823070963,1,1,Cote-Nord
C003636,3,1,0.9705711085333831,32.52853647855471,-29.75498467186109,1,0,Montreal
C002602,3,1,0.9768412620107217,32.13445117945802,-29.165695020022838,1,0,Montreal
C002523,3,0,0.0031007140176770465,26.834451179458018,-31.41459564780209,0,1,Gaspesie-Iles-de-la-Madeleine
C003972,3,1,0.9801346629900041,31.818902358916034,-28.725776081557335,1,0,Montreal
C004901,3,0,0.04743666021756661,27.846310888825702,-30.22623443742097,0,1,Bas-Saint-Laurent
C009223,3,0,0.11532050035412378,28.516676769187026,-30.133178266580632,0,0,Montreal
C002717,3,0,0.7222058800777178,29.908902358916038,-29.150891925694143,1,0,Montreal
C009242,3,0,0.007956527657776614,26.296676769187023,-30.125306054145245,0,0,Montreal
C013253,3,0,0.12305588801428485,27.331859709367688,-28.889885335673075,0,0,Montreal
C004799,3,1,0.9908188237081507,33.1940852990967,-29.480017107132518,1,0,Montreal
C004811,3,1,0.993438958411063,32.46222558972901,-28.47948478244412,1,0,Montreal
C006442,3,1,0.9790667192889034,32.29926823927735,-29.248550893786344,1,0,Montreal
C001494,3,1,0.20172660689218486,28.441493829006365,-29.532805602718973,0,0,Capitale-Nationale
C002583,3,0,2.749882365311869e-05,20.974085299096696,-29.30554365980071,0,0,Capitale-Nationale
C005220,3,0,0.00021900298223752318,23.334085299096696,-30.019192826964826,0,1,Bas-Saint-Laurent
C013094,3,1,0.9634855475913136,33.33631088882571,-30.73972716598559,1,1,Cote-Nord
C007874,3,1,0.6002406113102913,29.906676769187026,-29.58419704401345,1,0,Montreal
C004956,3,1,0.9736673929786929,32.681859709367686,-29.817582754646214,1,0,Montreal
C012384,3,0,0.0017591028699292155,24.75704264954835,-29.787959367298864,0,0,Montreal
C008725,3,1,0.9402632360452935,31.103719418735373,-28.91702059626325,1,0,Montreal
C013441,3,0,0.19854612207232064,29.736676769187024,-30.843751406173013,0,0,Montreal
C012055,3,1,0.9985390369634345,36.405945008464386,-31.227455944034507,1,1,Cote-Nord
C001785,3,0,0.05358428849392255,28.491493829006366,-30.76959992354495,0,1,Gaspesie-Iles-de-la-Madeleine
C004957,3,0,2.1166966394717106e-05,22.926676769187026,-31.465766491556245,0,1,Bas-Saint-Laurent
C002057,3,0,0.002370147537576134,24.728536478554712,-29.52242522909485,0,0,Montreal
C007419,3,0,0.27601460653718907,29.778902358916035,-30.543963832095834,0,0,Capitale-Nationale
C010369,3,1,0.9946877173397789,33.698536478554715,-29.547296396175355,1,0,Montreal
C001200,3,0,0.0354699178337085,26.133719418735375,-28.75418893957992,0,0,Capitale-Nationale
C013895,3,0,0.8525747985933043,30.876676769187025,-29.48435828094278,1,0,Montreal
C002933,3,0,0.021890105474204734,28.046676769187023,-31.06115910096117,0,1,Cote-Nord
C000713,3,0,0.002604568210980562,26.381493829006367,-31.100369584748496,0,1,Bas-Saint-Laurent
C011477,3,1,0.6000401112499475,29.941493829006365,-29.619676976978752,1,0,Capitale-Nationale
C002173,3,0,0.004342884289467261,26.696310888825703,-31.008174491858753,0,1,Bas-Saint-Laurent
C007596,3,0,0.017512734099464723,27.877804717832067,-31.07283591601913,0,1,Cote-Nord
C013910,3,0,0.028299471906149416,26.729268239277356,-29.53479030980468,0,0,Montreal
C010103,3,0,0.1081663902805301,28.886676769187023,-30.560379256621065,0,1,Cote-Nord
C010052,3,1,0.8654220311846568,29.931859709367686,-28.45533793940509,1,0,Capitale-Nationale
C004971,3,1,0.9415847996458576,31.041859709367685,-28.836297662738538,1,0,Montreal
C007081,3,0,0.0006964590404614802,25.62853647855471,-31.395395384188806,0,1,Gaspesie-Iles-de-la-Madeleine
C013714,3,0,0.05527397902905257,26.961859709367687,-29.213916808991694,0,0,Capitale-Nationale
C000422,3,1,0.9840955585191123,34.81853647855471,-31.545782300833668,1,1,Cote-Nord
C007710,3,1,0.9769027483370921,32.09445117945802,-29.12353588667202,1,0,Montreal
C004643,3,0,0.08873153283448985,27.518902358916037,-29.36683969593887,0,0,Montreal
C013396,3,0,0.3855333208794011,28.734451179458016,-29.104262880340354,0,0,Montreal
C008503,3,0,0.01540101618996638,25.806310888825703,-29.10498953116724,0,0,Montreal
C008713,3,1,0.8494913011267956,31.304085299096695,-29.931064123204052,1,1,Gaspesie-Iles-de-la-Madeleine
C009261,3,0,0.1071389969777462,28.209268239277357,-29.89145583080128,0,0,Montreal
C013259,3,0,0.15680730736245282,28.946310888825703,-30.28090195383884,0,0,Montreal
C012889,3,0,0.018551033784575083,25.321493829006364,-28.469990165989284,0,0,Capitale-Nationale
C007961,3,0,0.0666247992483941,27.914451179458016,-30.008736691951597,0,0,Montreal
C012615,3,0,0.0056670119736422905,27.066310888825704,-31.165984193389292,0,1,Cote-Nord
C002449,3,0,0.8817629625321514,30.544085299096697,-28.950019025974942,1,0,Capitale-Nationale
C004805,3,1,0.6531491998614403,32.09594500846438,-31.59381188586099,1,1,Gaspesie-Iles-de-la-Madeleine
C010950,3,0,0.021782442915993554,27.079268239277358,-30.09774957449851,0,0,Montreal
C002137,3,1,0.7148401631179697,31.653719418735374,-30.924604248574834,1,1,Cote-Nord
C013660,3,1,0.32327301971941613,30.37853647855471,-30.964655706535247,1,1,Bas-Saint-Laurent
C012304,3,0,0.01790836305775885,28.21926823927736,-31.396256359108293,0,1,Cote-Nord
C004526,3,0,0.6253270324519219,29.499268239277356,-29.092886794934937,0,0,Montreal
C008621,3,1,0.8947319451179284,32.408536478554716,-30.710711321399625,1,1,Bas-Saint-Laurent
C008828,3,0,0.005598958070239572,24.19926823927736,-28.308580928306746,0,0,Montreal
C000152,3,0,0.2020023376848917,29.661493829006364,-30.7514478361678,0,1,Gaspesie-Iles-de-la-Madeleine
C007060,3,1,0.27859316791988054,28.174451179458018,-28.929304562350108,0,0,Montreal
C006273,3,1,0.4678799958488754,29.30926823927736,-29.41134112261721,0,0,Capitale-Nationale
C007640,3,0,0.0003655204471091147,25.53853647855471,-31.81713385536719,0,1,Gaspesie-Iles-de-la-Madeleine
C011943,3,0,0.01384208979444144,27.841127948645045,-31.225729951890496,0,1,Gaspesie-Iles-de-la-Madeleine
C008256,3,1,0.1498712797544969,27.818902358916034,-29.195885759762138,0,0,Capitale-Nationale
C007605,3,0,0.9469295896473086,30.934451179458016,-28.648269205733985,1,0,Montreal
C013406,3,0,0.027264909959698578,26.704085299096693,-29.53999882876927,0,0,Montreal
C007882,3,1,0.9593101009250932,32.22149382900636,-29.71425546072713,1,0,Montreal
C003560,3,0,0.054150235559302415,27.38185970936769,-29.6511557424851,0,0,Montreal
C008250,3,0,0.007213297916917876,27.878902358916037,-31.78592886429039,0,1,Cote-Nord
C005974,3,0,0.028809898866756733,26.726676769187023,-29.517599762076543,0,0,Montreal
C013246,3,0,0.0004999299488948464,25.523353538374053,-31.553403466616913,0,1,Cote-Nord
C005087,3,1,0.7099172931168497,29.726676769187023,-29.016623700965777,0,0,Montreal
C004846,3,0,0.005917121158287487,25.55704264954835,-29.622252223028397,0,0,Montreal
C004618,3,1,0.0921015300174291,29.696676769187025,-31.51210079246336,0,1,Gaspesie-Iles-de-la-Madeleine
C012232,3,0,0.05716901562554923,27.834085299096696,-30.057804982602736,0,0,Montreal
C002834,3,0,0.0008218635249563853,24.196676769187025,-29.832081346189174,0,0,Capitale-Nationale
C005775,3,1,0.2793161950316548,29.571493829006364,-30.323495308126034,0,0,Montreal
C013520,3,1,0.6634279095117164,31.691493829006365,-31.153106061311405,1,1,Cote-Nord
C005523,3,0,0.016712723235563345,27.291493829006367,-30.524267207614315,0,1,Bas-Saint-Laurent
C005088,3,1,0.9895362021117597,33.03185970936769,-29.422565273882544,1,0,Capitale-Nationale
C000717,3,1,0.9443546409482533,31.746676769187026,-29.500244359758494,1,0,Capitale-Nationale
C005754,3,0,0.016574960208686325,26.21963411963868,-29.459085507413967,0,0,Montreal
C013163,3,1,0.9995731471889195,35.75112794864504,-29.59564460072872,1,1,Cote-Nord
C007677,3,0,0.001068476909382131,26.10926823927736,-31.536284439323524,0,1,Bas-Saint-Laurent
C009264,3,0,0.045393018146858984,25.994085299096696,-28.410646846369584,0,0,Montreal
C006730,3,0,0.025895721290617478,28.066676769187023,-30.944582908127046,0,1,Gaspesie-Iles-de-la-Madeleine
C003443,3,0,0.0114961896475017,26.091493829006364,-29.625308520127017,0,0,Montreal
C008118,3,1,0.9166425163271692,33.886310888825705,-31.984141137458998,1,1,Cote-Nord
C002540,3,0,0.00026809695835026346,25.743719418735374,-32.26831811132457,0,1,Cote-Nord
C000193,3,1,0.0813751517006091,27.284085299096695,-29.20706413409864,0,0,Montreal
C013563,3,0,0.4338215697234654,30.022225589729008,-30.233481208479883,1,0,Capitale-Nationale
C002043,3,0,0.1638264307112987,27.871493829006365,-29.164711303578226,0,0,Capitale-Nationale
C003673,3,1,0.8482317608557666,30.626676769187025,-29.261444538479957,1,0,Montreal
C010691,3,0,0.0026644430176964023,23.856676769187025,-28.557473058141905,0,0,Montreal
C005764,3,0,0.6004540287135697,31.156676769187026,-30.8334913428249,1,1,Gaspesie-Iles-de-la-Madeleine
C004995,3,1,0.5245089797161092,29.21335353837405,-29.135512299922308,0,0,Capitale-Nationale
C002213,3,0,0.0025998611389780085,25.903719418735374,-30.624034025248328,0,1,Cote-Nord
C013022,3,0,0.5653368497344267,29.576676769187024,-29.36813890040291,0,0,Capitale-Nationale
C013184,3,0,0.5677239295264693,29.891493829006365,-29.6752440443132,0,0,Capitale-Nationale
C006302,3,1,0.6471055768745421,29.389268239277357,-28.908215251572692,0,0,Montreal
C006006,3,0,0.7354030090388219,29.821859709367686,-29.010867331784752,0,0,Montreal
C006188,3,1,0.995715082737917,34.39853647855472,-30.075965790380618,1,1,Bas-Saint-Laurent
C004881,3,0,0.007089731150897384,25.346676769187024,-29.267510541470724,0,0,Montreal
C009566,3,0,0.16529083632750646,28.26926823927736,-29.55403480405259,0,0,Montreal
C001289,3,0,0.014213642465364992,25.899268239277358,-29.262556216822908,0,0,Capitale-Nationale
C011755,3,0,0.05965771976098236,26.781127948645043,-28.96894395425643,0,0,Montreal
C005314,3,0,0.12431986405819126,27.606676769187025,-29.155450461464746,0,0,Montreal
C004629,3,1,0.23309152901840352,31.201127948645045,-32.145982222803795,1,1,Bas-Saint-Laurent
C003858,3,1,0.9996970489974748,35.76667676918703,-29.339073430767893,1,0,Montreal
C006572,3,1,0.9222935183724138,31.181493829006367,-29.21875362569861,1,0,Montreal
C010680,3,1,0.8008075470187712,29.421493829006366,-28.317637743444227,0,0,Capitale-Nationale
C011367,3,1,0.989313741238921,34.14112794864504,-30.548702204549098,1,1,Cote-Nord
C008230,3,1,0.865868651403627,30.401493829006366,-28.921925410786415,1,0,Capitale-Nationale
C001724,3,0,0.05154382039326063,30.001493829006364,-32.312110082863704,1,1,Gaspesie-Iles-de-la-Madeleine
C012842,3,0,0.025535791454947637,28.39853647855471,-31.287840287782892,0,1,Cote-Nord
C003024,3,0,0.05493007142827401,26.724451179458015,-28.981748709304526,0,0,Montreal
C010319,3,0,0.0459807254184993,26.711859709367687,-29.117726749504666,0,0,Montreal
C011980,3,0,0.9264531786764643,31.06185970936769,-29.05190089675435,1,0,Montreal
C009827,3,1,0.9777555158915875,30.578902358916032,-27.57744854179901,1,0,Capitale-Nationale
C013567,3,0,0.03717676830466278,27.408902358916038,-29.990678944759395,0,0,Capitale-Nationale
C005219,3,0,6.803799077703889e-06,21.999268239277356,-31.438814196592382,0,1,Bas-Saint-Laurent
C012240,3,1,0.9792192225813195,32.848902358916035,-29.792260415626945,1,0,Montreal
C005570,3,1,0.3151943129736245,29.696676769187025,-30.312289666705837,0,0,Capitale-Nationale
C011195,3,0,0.010053029127748617,28.371493829006365,-32.012890046839004,0,1,Cote-Nord
C009886,3,1,0.09545166328021099,27.421493829006366,-29.205639017421035,0,0,Montreal
C007044,3,0,0.003846730128094827,24.952225589729007,-29.3607324375521,0,0,Capitale-Nationale
C011764,3,0,0.0007328597168432574,24.92853647855471,-30.654947947367766,0,1,Gaspesie-Iles-de-la-Madeleine
C009695,3,0,0.11947803361044491,27.676676769187026,-29.261341970297604,0,0,Capitale-Nationale
C012410,3,0,0.12297587458488907,28.716676769187025,-30.275290813970585,0,1,Cote-Nord
C008833,3,0,0.178711690147808,30.043353538374053,-31.253323933505353,1,1,Bas-Saint-Laurent
C008071,3,1,0.9915181116945162,32.91445117945802,-29.136970630219203,1,0,Montreal
C007970,3,1,0.2935772815063949,30.47890235891603,-31.17553991947861,1,1,Gaspesie-Iles-de-la-Madeleine
C011473,3,0,0.168042290940894,29.786310888825703,-31.055360091255572,0,1,Gaspesie-Iles-de-la-Madeleine
C011520,3,1,0.8250313271009261,32.273719418735375,-31.04334825600057,1,1,Cote-Nord
C004674,3,0,2.747009774611073e-05,21.26222558972901,-29.594513180082224,0,0,Montreal
C009496,3,1,0.9751844183301926,33.69149382900636,-30.77890607647768,1,1,Cote-Nord
C007717,3,0,0.023913073039075545,28.384085299096697,-31.326798536028342,0,1,Gaspesie-Iles-de-la-Madeleine
C006891,3,1,0.2641764801463433,28.284085299096695,-29.09679307247449,0,0,Montreal
C007553,3,1,0.8880000426833905,32.61594500846439,-30.97329155944726,1,1,Bas-Saint-Laurent
C007760,3,0,0.005575396263865121,26.011493829006366,-30.124171063330987,0,0,Capitale-Nationale
C010641,3,0,0.004899720633469494,27.21853647855471,-31.43424438945746,0,1,Gaspesie-Iles-de-la-Madeleine
C008872,3,0,0.11835624927765645,29.12853647855471,-30.721695974223053,0,1,Bas-Saint-Laurent
C008589,3,0,0.005492109339650707,27.485579128103062,-31.610263831863996,0,1,Gaspesie-Iles-de-la-Madeleine
C009735,3,0,0.029222927351026443,27.90076206828372,-30.680054308387025,0,1,Bas-Saint-Laurent
C007229,3,0,0.008268661211047558,27.247042649548348,-31.04489341117327,0,1,Bas-Saint-Laurent
C004993,3,0,0.0028537188164539326,26.376676769187025,-31.02287504842201,0,1,Bas-Saint-Laurent
C010678,3,0,0.24349483165757438,27.739268239277358,-28.63864441961157,0,0,Capitale-Nationale
C010570,3,0,0.020037889443231163,27.808902358916036,-30.895027403439883,0,1,Bas-Saint-Laurent
C013153,3,1,0.7359679351956512,30.501493829006364,-29.68819653643658,1,0,Montreal
C006874,3,0,0.05757952950514136,29.11890235891603,-31.33659992212987,0,1,Gaspesie-Iles-de-la-Madeleine
C001884,3,1,0.9982335784500067,36.0763108888257,-31.04869392992559,1,1,Cote-Nord
C000376,3,0,0.020948794455781197,28.528902358916035,-31.579019380096163,0,1,Cote-Nord
C004156,3,1,0.9709906326344933,32.24445117945802,-29.459165213132238,1,0,Capitale-Nationale
C000892,3,0,0.11936927700453424,28.411859709367686,-29.997345402973192,0,0,Capitale-Nationale
C012416,3,0,0.7421046352069381,30.544085299096697,-29.70554269329221,1,0,Montreal
C012473,3,1,0.8863926111740151,32.026310888825705,-30.39640045936737,1,1,Cote-Nord
C011355,3,0,0.5391833806142093,30.006676769187024,-29.88207344296791,1,0,Montreal
C012027,3,0,0.0004188721785388987,24.91594500846438,-31.086408329492382,0,1,Gaspesie-Iles-de-la-Madeleine
C011448,3,1,0.9999874431555738,38.611859709367685,-29.65848395553359,1,0,Montreal
C010933,3,1,0.9560248234756503,33.63667676918703,-31.19376168820574,1,1,Bas-Saint-Laurent
C002348,3,1,0.953845400783528,31.871493829006365,-29.468765831412984,1,0,Capitale-Nationale
C012609,3,0,0.3307908843623595,29.678902358916034,-30.237919637209206,0,0,Montreal
C009716,3,0,0.04363205369113277,27.981493829006364,-30.430908276172772,0,1,Cote-Nord
C004372,3,1,0.5882208903519712,32.00890235891603,-31.72597398525662,1,1,Bas-Saint-Laurent
C004317,3,0,0.003318621387738004,24.734451179458016,-29.26053880155546,0,0,Montreal
C009895,3,1,0.9329801787150479,32.324085299096694,-30.234825676682288,1,0,Montreal
C000455,3,0,0.018579685666650303,28.25076206828372,-31.398010835608694,0,1,Cote-Nord
C000658,3,1,0.8098308106399607,29.902225589729007,-28.752701475927037,1,0,Capitale-Nationale
C006357,3,1,0.7246867308542349,30.084085299096696,-29.31623716950474,1,0,Montreal
C012962,3,0,0.02374638282802062,25.756676769187024,-28.70507517642209,0,0,Montreal
C004829,3,0,0.27859754046647683,28.638902358916035,-29.39373848112591,0,0,Montreal
C010113,3,1,0.8470759946027012,30.996676769187026,-29.63854518908304,1,0,Capitale-Nationale
C002528,3,0,0.0874927048149444,28.158536478554712,-30.01870635927358,0,1,Bas-Saint-Laurent
C011937,3,0,0.3413883743367176,30.731493829006364,-31.252828429504085,1,1,Cote-Nord
C011696,3,0,0.038475788747504264,26.30704264954835,-28.86049969054385,0,0,Montreal
C011706,3,1,0.9859232768552029,34.15112794864505,-30.780050232821168,1,1,Bas-Saint-Laurent
C010612,3,1,0.9997915343131643,36.913719418735376,-30.189481698701957,1,1,Gaspesie-Iles-de-la-Madeleine
C007784,3,1,0.9928023665616168,33.24185970936769,-29.333095919290116,1,0,Montreal
C008730,3,0,0.0888164483060862,27.274451179458016,-29.12155569614506,0,0,Montreal
C010459,3,0,0.015680510758535025,26.614451179458015,-29.898635726125935,0,0,Capitale-Nationale
C009055,3,0,0.4364585945731763,29.434817059819338,-29.63756087125573,0,0,Montreal
C000535,3,1,0.6936994205433838,31.106676769187025,-30.458118320060244,1,1,Cote-Nord
C000311,3,0,0.02013905598220753,26.976676769187023,-30.058724441850995,0,0,Montreal
C011886,3,0,0.006258379843898764,26.076676769187024,-30.097128596152185,0,0,Montreal
C012516,3,1,0.9974655666815385,35.08371941873537,-30.34313135693493,1,1,Cote-Nord
C006717,3,0,0.3551589188047178,30.014085299096696,-30.48728234319583,1,1,Bas-Saint-Laurent
C001418,3,1,0.1284267489188946,30.106676769187025,-31.625935576446217,1,1,Bas-Saint-Laurent
C013170,3,0,1.961304763031819e-05,23.574085299096694,-32.17366820367485,0,1,Bas-Saint-Laurent
C001708,3,1,0.9363116918415368,31.606676769187025,-29.474137264188762,1,0,Capitale-Nationale
C002287,3,0,0.0033036569066696316,24.056676769187025,-28.586361898525883,0,0,Montreal
C012385,3,1,0.07749674698436915,27.60926823927736,-29.574333091869452,0,0,Montreal
C010211,3,0,0.007295041012103272,26.893719418735373,-30.79174045818965,0,1,Bas-Saint-Laurent
C010726,3,0,0.16617591986031743,29.660762068283724,-30.94045000283369,0,1,Gaspesie-Iles-de-la-Madeleine
C009880,3,0,0.006028099251212419,26.906310888825704,-30.95668970012478,0,1,Bas-Saint-Laurent
C005965,3,0,0.010420177980728116,25.31185970936769,-28.92450331517499,0,0,Capitale-Nationale
C004120,3,1,0.9812851772929347,32.85963411963868,-29.71824420463358,1,0,Montreal
C013038,3,1,0.4354900795236354,29.099268239277357,-29.305136856610424,0,0,Montreal
C009724,3,0,0.0004532386430298238,24.214451179458017,-30.32232755469838,0,0,Montreal
C012406,3,0,0.5492821287984627,29.934085299096694,-29.777179823427414,1,0,Montreal
C006839,3,1,0.8135312464100349,30.59704264954835,-29.428311462107047,1,0,Montreal
C002145,3,0,0.19340234637759515,29.84557912810306,-30.978554359627893,0,1,Cote-Nord
C005178,3,0,0.03934577811663389,26.524451179458016,-29.059450673923603,0,0,Montreal
C002552,3,0,0.0027486795184307245,26.491493829006366,-31.167528970091332,0,1,Gaspesie-Iles-de-la-Madeleine
C002129,3,1,0.6544924168363306,30.086676769187026,-29.5798353566531,1,0,Capitale-Nationale
C010366,3,0,0.06493086204210112,29.68298765801273,-31.799144054616246,0,1,Gaspesie-Iles-de-la-Madeleine
C001229,3,0,0.30226495237717277,29.041859709367685,-29.70554269329221,0,0,Capitale-Nationale
C002606,3,1,0.771854129660168,30.006676769187024,-29.03970797787882,1,0,Montreal
C013811,3,0,0.002911733650121117,25.07963411963868,-29.709819117200567,0,0,Montreal
C007811,3,1,0.4625584880719427,29.179268239277356,-29.29831111995943,0,0,Montreal
C006087,3,0,0.0005827147626940327,23.529268239277357,-29.437684357228132,0,0,Capitale-Nationale
C005436,3,1,0.24272352101221017,27.81185970936769,-28.714561499826353,0,0,Montreal
C007018,3,0,0.05638185830865486,26.983719418735372,-29.219100989217026,0,0,Capitale-Nationale
C004662,3,1,0.24467545604941954,31.546310888825705,-32.44061045097965,1,1,Bas-Saint-Laurent
C013854,3,1,0.9890018867436557,32.33149382900636,-28.762139567507305,1,0,Montreal
C004371,3,0,0.2263994641169036,28.364451179458015,-29.3393094764936,0,0,Montreal
C001719,3,0,0.12206538166877114,29.775945008464383,-31.34127811317816,0,1,Gaspesie-Iles-de-la-Madeleine
C001238,3,1,0.9697481057400095,32.39445117945802,-29.643455088376523,1,0,Montreal
C010732,3,0,0.5036749617088528,30.784085299096695,-30.772422657070923,1,1,Gaspesie-Iles-de-la-Madeleine
C001270,3,1,0.214538452575043,29.80817059819339,-30.83779359485031,0,1,Cote-Nord
C008426,3,1,0.7738761881799708,29.754085299096694,-28.777977799353202,0,0,Montreal
C008450,3,0,0.0010666495575945435,26.196310888825703,-31.624686556466056,0,1,Bas-Saint-Laurent
C004742,3,1,0.999568467114593,35.69371941873538,-29.546891075891466,1,0,Montreal
C011999,3,0,9.0355787977578e-06,20.661859709367686,-29.876333400945434,0,0,Capitale-Nationale
C007347,3,1,0.969702608441084,32.1240852990967,-29.374318724136575,1,0,Montreal
C011521,3,1,0.8773504243161779,30.62926823927736,-29.06825117961333,1,0,Montreal
C010826,3,1,0.7646268236317639,30.546676769187023,-29.611914643861674,1,0,Capitale-Nationale
C007146,3,0,0.35673366592110317,28.604085299096695,-29.07183253632545,0,0,Montreal
C000165,3,0,0.002117940878067293,25.4363108888257,-30.31966066492135,0,1,Bas-Saint-Laurent
C000342,3,0,0.08511260896929086,27.759268239277358,-29.643386128702765,0,0,Capitale-Nationale
C008356,3,1,0.6003605098387409,30.071859709367686,-29.7489835346866,1,0,Montreal
C004769,3,0,3.04409497199802e-05,23.04890235891603,-31.29971579080337,0,1,Cote-Nord
C008185,3,1,0.6579976371943658,31.016310888825704,-30.497141850293016,1,1,Gaspesie-Iles-de-la-Madeleine
C011682,3,0,0.09989715768960361,27.471493829006366,-29.21561505712282,0,0,Montreal
C013269,3,0,0.00017386383257924395,24.903719418735374,-31.771983044780313,0,1,Gaspesie-Iles-de-la-Madeleine
C011357,3,0,0.7286924492323967,30.091127948645045,-29.30727843437565,1,0,Montreal
C003628,3,0,0.00026798669153268686,24.814085299096696,-31.339010455477677,0,1,Bas-Saint-Laurent
C004644,3,1,0.49283055881730325,31.450762068283723,-31.473515734328252,1,1,Gaspesie-Iles-de-la-Madeleine
C012725,3,0,0.1104289947073819,27.486310888825702,-29.14157361823295,0,0,Montreal
C011811,3,1,0.9143664446461748,33.878536478554715,-31.999711634756522,1,1,Gaspesie-Iles-de-la-Madeleine
C008578,3,0,0.07217284841028579,29.044085299096697,-31.070181485053514,0,1,Cote-Nord
C009905,3,1,0.9812256601210836,33.649268239277355,-30.51044553280544,1,0,Montreal
C002244,3,1,0.9914234141011962,33.888902358916035,-30.12030623990457,1,0,Montreal
C004771,3,1,0.8736994226473465,30.39704264954835,-28.862606189429908,1,0,Montreal
C013752,3,0,0.0010970165990643228,24.409268239277356,-29.815348411992456,0,0,Capitale-Nationale
C006277,3,0,0.04809910322851729,26.87926823927736,-29.2476372479397,0,0,Capitale-Nationale
C003697,3,0,0.0047711437066749835,25.074451179458016,-29.31135902996353,0,0,Capitale-Nationale
C004149,3,1,0.594142088551974,28.616676769187023,-28.31431089100264,0,0,Capitale-Nationale
C006958,3,1,0.9999175220687597,37.62890235891603,-30.168916419629156,1,0,Montreal
C008140,3,0,0.31941801948110343,29.404085299096696,-30.004228906888994,0,0,Montreal
C012490,3,1,0.8549176457387644,30.531493829006365,-29.12428884935605,1,0,Montreal
C007785,3,0,0.39735524822373897,29.421493829006366,-29.751930605211854,0,0,Montreal
C011609,3,1,0.8796395842100121,32.49076206828372,-30.912730072280343,1,1,Cote-Nord
C009424,3,0,0.01676300854118522,26.428902358916034,-29.659251649800392,0,0,Montreal
C013328,3,0,2.4731715725602687e-05,23.091493829006364,-31.507096749600898,0,1,Bas-Saint-Laurent
C007590,3,0,0.11020152015074769,30.253719418735372,-31.91082096109468,1,1,Cote-Nord
C006778,3,1,0.3604465979871648,27.461493829006365,-27.916433627978073,0,0,Montreal
C013052,3,0,0.15323063567434597,30.293719418735375,-31.649974549430485,1,1,Bas-Saint-Laurent
C005773,3,1,0.9741683039977962,31.13704264954835,-28.25712038515622,1,0,Montreal
C000359,3,1,0.8966642348526147,30.659268239277356,-28.945033187353765,1,0,Montreal
C003512,3,0,0.10487886812359495,28.73963411963868,-30.44074290811249,0,0,Montreal
C007301,3,1,0.9730356090646934,31.886676769187023,-29.041724935664806,1,0,Montreal
C004759,3,1,0.7839473954392127,30.158536478554712,-29.13602407917168,1,0,Montreal
C003729,3,0,0.3655259793495699,29.434451179458016,-29.871962740298425,0,0,Montreal
C010657,3,1,0.18135653462689647,28.233353538374054,-29.42910940886223,0,0,Montreal
C003842,3,0,0.019492117289263797,28.546676769187023,-31.65515233437698,0,1,Cote-Nord
C004249,3,0,0.0037249253488260865,25.731127948645046,-30.16525982783753,0,0,Capitale-Nationale
C006692,3,0,0.001450646063777829,26.358902358916033,-31.543022093038644,0,1,Cote-Nord
C013453,3,0,0.035729948827089304,26.721493829006366,-29.3359544235662,0,0,Montreal
C002207,3,1,0.988230613336734,32.73926823927736,-29.22430608715093,1,0,Capitale-Nationale
C007020,3,0,0.0002628577005189453,24.503719418735372,-31.043980141254586,0,1,Cote-Nord
C002736,3,0,0.6193892089426486,28.871859709367687,-28.485522519236298,0,0,Montreal
C013964,3,0,0.43644299582803703,28.931493829006367,-29.13428795560152,0,0,Capitale-Nationale
C011282,3,0,0.00215234797988466,24.34704264954835,-29.21757989841026,0,0,Montreal
C006078,3,1,0.9995400086467086,34.356676769187025,-28.26053883764226,1,0,Montreal
C001302,3,0,0.16040251562237115,30.353719418735373,-31.666935808950416,1,1,Gaspesie-Iles-de-la-Madeleine
C003136,3,0,0.06941112852224575,27.28926823927736,-29.34867714549854,0,0,Montreal
C013306,3,0,0.0019173403281116837,24.274085299096694,-29.23653920772379,0,0,Capitale-Nationale
C004157,3,0,0.689358917405855,29.668902358916036,-29.0364873904581,0,0,Montreal
C009528,3,1,0.999151596259619,34.577042649548346,-28.966874283841058,1,0,Montreal
C002767,3,0,0.24083065914720406,29.009268239277358,-29.920161935063188,0,0,Montreal
C012411,3,0,0.006222820281035943,25.546676769187023,-29.5716777046581,0,0,Montreal
C007158,3,0,0.035070211474996914,27.349268239277357,-29.97905762994761,0,0,Capitale-Nationale
C002516,3,1,0.57823972752058,29.168902358916036,-28.918552986611854,0,0,Montreal
C008473,3,0,0.006083370225677994,25.216676769187025,-29.259770278513027,0,0,Montreal
C001646,3,1,0.9322805118890911,31.271493829006367,-29.191069019896148,1,0,Capitale-Nationale
C013489,3,0,0.0006030228247465351,23.589634119638678,-29.470855416494707,0,0,Montreal
C009935,3,0,0.03491131900406805,27.791127948645045,-30.424650661271144,0,1,Bas-Saint-Laurent
C011264,3,0,0.33149331038991076,27.724085299096696,-28.280586472307,0,0,Capitale-Nationale
C011538,3,0,0.0001142261253014232,22.31704264954835,-29.5186427058826,0,0,Montreal
C012068,3,0,0.0033102083572302808,26.136310888825705,-30.664419034699126,0,1,Bas-Saint-Laurent
C013451,3,0,5.940298948533349e-06,21.534451179458017,-31.08167546836875,0,1,Gaspesie-Iles-de-la-Madeleine
C004355,3,0,0.04157921002662511,26.806676769187025,-29.29602631676202,0,0,Montreal
C012270,3,1,0.9222844180798061,31.943719418735373,-29.981079950797024,1,1,Gaspesie-Iles-de-la-Madeleine
C013888,3,1,0.9985222230277382,34.81704264954835,-29.647645552482288,1,0,Capitale-Nationale
C008251,3,1,0.5680350724555382,29.896676769187025,-29.679421037249014,0,0,Montreal
C008932,3,1,0.9962294362809079,33.174085299096696,-28.749651203588027,1,0,Capitale-Nationale
C000397,3,0,0.40201511270469603,28.941859709367687,-29.256888129132086,0,0,Capitale-Nationale
C008696,3,0,0.0015280954762022865,25.404085299096696,-30.546877767426235,0,0,Capitale-Nationale
C008459,3,1,0.2468995238033375,28.099268239277357,-28.984049200157973,0,0,Montreal
C013946,3,1,0.9970855370471328,35.26371941873538,-30.63427990788771,1,0,Montreal
C004426,3,1,0.6725065482362567,30.046676769187023,-29.47581160269985,1,0,Montreal
C012434,3,1,0.990537133002013,33.26076206828372,-29.570895191045715,1,0,Montreal
C002148,3,0,0.048592074278525445,28.871127948645043,-31.230996051692685,0,1,Bas-Saint-Laurent
C005056,3,0,0.002827986021665527,26.69594500846438,-31.349350263809416,0,1,Bas-Saint-Laurent
C008810,3,0,0.15880094317682475,30.393353538374054,-31.7160432712048,1,1,Bas-Saint-Laurent
C010741,3,1,0.8110832389944721,31.301493829006365,-30.14550137551055,1,0,Montreal
C001920,3,0,0.06286416219527019,27.349268239277357,-29.492839230675425,0,0,Capitale-Nationale
C005731,3,1,0.3550047048320406,28.461493829006365,-28.93522515073832,0,0,Capitale-Nationale
C007309,3,0,0.002394089608047469,24.014451179458018,-28.8003468516992,0,0,Montreal
C010223,3,1,0.8150248083466912,30.884451179458015,-29.70788451434712,1,0,Montreal
C007743,3,0,0.13384287712136464,27.621859709367687,-29.103400513774655,0,0,Capitale-Nationale
C013978,3,1,0.6963015569416924,32.51631088882571,-31.858013221294886,1,1,Cote-Nord
C003950,3,0,0.0013448938877253323,25.618536478554713,-30.86279357695658,0,1,Gaspesie-Iles-de-la-Madeleine
C000621,3,0,0.018930718679362118,27.01926823927736,-30.151383568655913,0,0,Montreal
C006490,3,0,0.08231061799793275,29.206310888825705,-31.119413046356208,0,1,Gaspesie-Iles-de-la-Madeleine
C002347,3,1,0.9987416892329904,34.018536478554715,-28.721415760827927,1,0,Montreal
C006189,3,0,0.02972618651973704,26.861493829006367,-29.6268280418834,0,0,Capitale-Nationale
C013216,3,1,0.9870312418839701,33.091127948645045,-29.654119118311307,1,0,Montreal
C012699,3,0,0.030990044950114662,27.121493829006365,-29.85275982515267,0,0,Capitale-Nationale
C007109,3,0,0.0005738622750794171,23.79704264954835,-29.717611019572274,0,0,Capitale-Nationale
C002613,3,0,0.10734663074673072,27.028902358916035,-28.709369378369818,0,0,Capitale-Nationale
C011065,3,1,0.9937187039560181,33.55371941873537,-29.536185654431637,1,0,Montreal
C006391,3,0,0.0004959285434122207,25.101859709367687,-31.138288450754484,0,1,Gaspesie-Iles-de-la-Madeleine
C009533,3,0,0.15186200464929706,29.718902358916033,-31.083556874327087,0,1,Gaspesie-Iles-de-la-Madeleine
C013508,3,1,0.9124734643580048,31.06185970936769,-29.20202595676512,1,0,Capitale-Nationale
C010072,3,0,0.6382476216296397,32.56298765801273,-32.112538276349895,1,1,Cote-Nord
C008098,3,1,0.7723215257859614,29.674451179458018,-28.70537508353641,0,0,Montreal
C007841,3,0,0.001755264957090473,27.174085299096696,-32.20673789078543,0,1,Cote-Nord
C010083,3,1,0.9976222913425801,33.834451179458014,-29.043095383788675,1,0,Montreal
C012851,3,0,0.0009039593513637859,26.184451179458016,-31.7442536835632,0,1,Cote-Nord
C012944,3,0,0.0019084167151156204,24.954085299096693,-29.920247397789602,0,0,Montreal
C011726,3,0,0.10440106897561462,28.084451179458018,-29.78960597892849,0,0,Montreal
C003784,3,0,0.00860767437028007,26.93853647855471,-30.70423710171803,0,1,Bas-Saint-Laurent
C006121,3,0,0.00017227672970715417,24.596310888825702,-31.471851259041472,0,1,Gaspesie-Iles-de-la-Madeleine
C012991,3,0,0.0001071270889691018,21.882225589729007,-29.13473726347671,0,0,Montreal
C013298,3,1,0.7670543963455989,30.221127948645044,-29.275625888222212,1,0,Montreal
C011173,3,0,0.00033824801126960594,24.243719418735374,-30.58385867430217,0,1,Cote-Nord
C012956,3,0,0.00497992743967737,26.248902358916034,-30.45166425175759,0,0,Montreal
C012730,3,1,0.9953883426266268,33.028902358916035,-28.764893768156732,1,0,Capitale-Nationale
C011944,3,1,0.2334653867650632,30.39817059819339,-31.34136654420794,1,1,Bas-Saint-Laurent
C002399,3,0,0.049655958348167765,28.878902358916037,-31.220700009799575,0,1,Bas-Saint-Laurent
C006043,3,1,0.7329987155317411,29.831859709367688,-29.030641900820722,0,0,Capitale-Nationale
C006737,3,0,0.0006404062512845915,25.57853647855471,-31.412008662114555,0,1,Gaspesie-Iles-de-la-Madeleine
C009710,3,1,0.5957393244617205,29.196676769187025,-28.889052492014805,0,0,Capitale-Nationale
C011820,3,1,0.9316457844442655,30.231127948645046,-28.15864502426592,1,0,Capitale-Nationale
C002574,3,0,0.23976141625681732,28.599268239277357,-29.514808823510467,0,0,Montreal
C012420,3,0,0.0008597948185253365,23.303719418735373,-28.90329743446906,0,0,Capitale-Nationale
C000248,3,0,0.0003286998712346083,26.214085299096695,-32.576949754216635,0,1,Cote-Nord
C013413,3,0,0.008503970806332035,27.534085299096695,-31.309485330341243,0,1,Cote-Nord
C002285,3,0,0.026227489239137716,29.426310888825704,-32.29384690720383,0,1,Gaspesie-Iles-de-la-Madeleine
C003334,3,1,0.9915233724545093,32.97667676918702,-29.198699781775833,1,0,Capitale-Nationale
C006890,3,0,0.07890166539461076,29.256310888825702,-31.2059125628308,0,1,Bas-Saint-Laurent
C012834,3,0,0.00455815644571068,25.974451179458015,-30.247760302173617,0,0,Montreal
C006463,3,1,0.9999948639938123,39.784085299096695,-30.121437833945066,1,0,Montreal
C010238,3,1,0.9944141021638814,33.61667676918703,-29.50550086652387,1,0,Capitale-Nationale
C004952,3,1,0.9069912104188628,31.486676769187024,-29.679822930157357,1,0,Montreal
C006266,3,0,0.16123993753670252,27.654085299096696,-28.962378759928907,0,0,Montreal
C002617,3,0,0.0013748762658341049,25.6163108888257,-30.84305143024041,0,1,Gaspesie-Iles-de-la-Madeleine
C002618,3,0,0.0011301887720346407,24.883719418735375,-30.26613843598981,0,1,Cote-Nord
C006729,3,0,0.2671660944425878,30.258902358916032,-31.059452195761523,1,1,Cote-Nord
C012824,3,0,0.032450039569657974,28.43853647855471,-31.132082870161117,0,1,Gaspesie-Iles-de-la-Madeleine
C013027,3,0,0.05000929005709776,28.31817059819339,-30.654047907208103,0,1,Bas-Saint-Laurent
C006044,3,0,0.033305445552323065,29.244085299096696,-31.916287046208144,0,1,Bas-Saint-Laurent
C008451,3,0,0.46811778886031497,28.526676769187024,-28.62799191630391,0,0,Montreal
C012983,3,0,0.012421146032189264,27.770762068283723,-31.2424392680559,0,1,Gaspesie-Iles-de-la-Madeleine
C009403,3,1,0.28657336117215215,28.104085299096695,-28.827707116317775,0,0,Capitale-Nationale
C004545,3,0,0.010197114597868028,27.234085299096694,-30.864075728289546,0,1,Bas-Saint-Laurent
C003105,3,1,0.33677469078102135,29.04890235891603,-29.586570379083703,0,0,Capitale-Nationale
C004549,3,0,0.47196669501163924,29.05704264954835,-29.146099286905674,0,0,Montreal
C008821,3,0,0.24991478589130253,28.20704264954835,-29.079010375253112,0,0,Montreal
C011577,3,1,0.6926985602422886,29.53926823927736,-28.89444345527313,0,0,Montreal
C012714,3,1,0.9943486760537233,32.784085299096695,-28.68220013739628,1,0,Montreal
C011412,3,1,0.9982125888817263,34.056310888825706,-29.038082301590713,1,0,Montreal
C007887,3,1,0.892426543229379,33.564085299096696,-31.885494546724654,1,1,Cote-Nord
C000787,3,0,0.5257508006314325,32.07371941873537,-31.991927299379462,1,1,Bas-Saint-Laurent
C010530,3,1,0.9968154046474439,33.934451179458016,-29.375550778787016,1,0,Montreal
C011364,3,1,0.5298699332137804,30.661493829006364,-30.566589067279708,1,1,Gaspesie-Iles-de-la-Madeleine
C013559,3,1,0.8919480692649897,31.53222558972901,-29.8575813120876,1,0,Capitale-Nationale
C010141,3,0,0.002534933577868105,24.574451179458016,-29.314882259189726,0,0,Capitale-Nationale
C010601,3,0,0.15906767441312694,29.804451179458017,-31.125557832863784,0,1,Bas-Saint-Laurent
C000761,3,0,0.01805894427123513,28.386310888825705,-31.55653423994492,0,1,Bas-Saint-Laurent
C004925,3,0,0.3696560191832485,29.138902358916035,-29.562318724345776,0,0,Montreal
C013545,3,0,0.09982524999921809,29.615945008464383,-31.36070090281667,0,1,Bas-Saint-Laurent
C000081,3,0,0.26879555686160783,31.009268239277358,-31.803227922878154,1,1,Cote-Nord
C012103,3,0,0.0023801331237555184,24.354085299096695,-29.14463060619712,0,0,Montreal
C005590,3,1,0.9986393136789415,34.2663108888257,-29.031328232270354,1,0,Capitale-Nationale
C006945,3,0,0.02086740873907349,26.08222558972901,-29.135496794629262,0,0,Montreal
C002482,3,1,0.3003819632012734,30.714085299096695,-31.384864323771044,1,1,Cote-Nord
C008846,3,0,0.42056101859613076,28.66704264954835,-28.921294871768687,0,0,Montreal
C012005,3,1,0.9819350246096855,33.316676769187026,-30.146723207705968,1,0,Montreal
C007702,3,0,0.22085400484357057,29.739268239277358,-30.73946832316976,0,1,Bas-Saint-Laurent
C005430,3,1,0.94863360329564,33.158536478554716,-30.845036180310938,1,1,Bas-Saint-Laurent
C007470,3,0,0.0024205102642182916,24.984451179458016,-29.761618327971597,0,0,Montreal
C008226,3,0,0.004217892597898078,26.52853647855471,-30.863668558042832,0,1,Bas-Saint-Laurent
C012576,3,0,0.013328874837569499,27.171493829006366,-30.586483128323234,0,1,Gaspesie-Iles-de-la-Madeleine
C002293,3,0,0.2673016893826742,32.03335353837405,-32.83335400780582,1,1,Cote-Nord
C006592,3,1,0.7987356563367424,32.86335353837405,-31.769762351042278,1,1,Gaspesie-Iles-de-la-Madeleine
C008858,3,1,0.3507159200531148,30.568902358916034,-31.0575346231816,1,1,Gaspesie-Iles-de-la-Madeleine
C009798,3,0,0.32023067832758034,28.346676769187024,-28.94385655473837,0,0,Montreal
C002786,3,1,0.9995430308012492,34.79926823927736,-28.69789824358566,1,0,Montreal
C008804,3,1,0.8331853200117636,32.01076206828372,-30.734725913103645,1,1,Gaspesie-Iles-de-la-Madeleine
C000362,3,1,0.9279880059708276,31.916676769187024,-29.888672861427004,1,0,Capitale-Nationale
C001596,3,0,0.10838134387624108,29.138536478554713,-30.81047265970236,0,1,Cote-Nord
C004711,3,1,0.5736184430736959,29.504085299096694,-29.26874780322652,0,0,Montreal
C004897,3,1,0.6554059953408827,32.32076206828372,-31.810713413773374,1,1,Bas-Saint-Laurent
C013921,3,1,0.9910828871223646,32.90149382900636,-29.164061193222192,1,0,Montreal
C003794,3,1,0.6215152603856616,31.82853647855471,-31.435036598379202,1,1,Gaspesie-Iles-de-la-Madeleine
C000283,3,1,0.9934420736423459,32.86926823927735,-28.88614815624283,1,0,Montreal
C005353,3,1,0.9568556867510679,30.664085299096694,-28.205347710996463,1,0,Montreal
C000702,3,0,0.007973085167882627,25.46481705981934,-29.291783815909326,0,0,Montreal
C011743,3,0,0.0008995565810265407,25.39594500846438,-30.959624594929483,0,1,Gaspesie-Iles-de-la-Madeleine
C011608,3,0,0.07313337610958076,27.381493829006367,-29.396279154726205,0,0,Montreal
C000735,3,0,0.04259203838061623,28.46594500846438,-30.935361596558337,0,1,Cote-Nord
C005062,3,0,0.004124619839185325,26.464085299096695,-30.817032862929352,0,1,Bas-Saint-Laurent
C007981,3,0,0.04718645067966976,28.856310888825703,-31.24063859669471,0,1,Gaspesie-Iles-de-la-Madeleine
C003204,3,0,0.3144608131061259,28.22890235891603,-28.84721301991404,0,0,Montreal
C008926,3,0,0.31275515056757375,28.209268239277357,-28.83386542892553,0,0,Capitale-Nationale
C009873,3,1,0.3515342515828933,30.491859709367688,-30.97764238017666,1,1,Bas-Saint-Laurent
C004144,3,0,0.10937108882148465,29.340762068283723,-31.004604845370757,0,1,Bas-Saint-Laurent
C009033,3,1,0.9047531896091825,31.651859709367688,-29.865830349648487,1,0,Capitale-Nationale
C008367,3,0,0.01549295239646667,25.991493829006366,-29.285376447371085,0,0,Montreal
C010778,3,0,0.0018854547159965636,24.599268239277357,-29.575052292534686,0,0,Capitale-Nationale
C009251,3,1,0.6184123745439052,29.568902358916034,-29.185850947838308,0,0,Montreal
C011928,3,1,0.8052336313812554,31.585945008464382,-30.459888391050942,1,1,Gaspesie-Iles-de-la-Madeleine
C007054,3,1,0.6759034424766936,30.666676769187024,-30.083542158046804,1,0,Montreal
C007542,3,0,0.03481621710362731,26.946676769187025,-29.582441828852875,0,0,Capitale-Nationale
C001080,3,0,0.8161602586283091,30.424085299096696,-29.241529089055692,1,0,Montreal
C006284,3,0,0.020013276249703022,25.55704264954835,-28.64416274299053,0,0,Montreal
C011512,3,1,0.9928578315885667,32.84926823927736,-28.934322725291626,1,0,Montreal
C007546,3,0,0.47246226332837243,31.565945008464382,-31.653424095893943,1,1,Cote-Nord
C006428,3,1,0.8240379267513822,31.998902358916034,-30.773978746700784,1,1,Gaspesie-Iles-de-la-Madeleine
C004206,3,1,0.9944734241505003,35.25853647855472,-31.138842625111124,1,1,Gaspesie-Iles-de-la-Madeleine
C007641,3,0,0.0034816580533256463,24.881493829006367,-29.3694022388931,0,0,Montreal
C012614,3,1,0.5160960099233567,28.13185970936769,-28.08076162385553,0,0,Montreal
C005551,3,0,0.0006374940276346219,25.54890235891603,-31.385992907718823,0,1,Gaspesie-Iles-de-la-Madeleine
C006404,3,0,0.009274924992290635,27.103719418735373,-30.809652534959543,0,1,Gaspesie-Iles-de-la-Madeleine
C009423,3,0,0.04270589544191889,26.699634119638677,-29.166838342593152,0,0,Capitale-Nationale
C010167,3,0,0.8015455944501285,31.863353538374053,-30.755821540071775,1,1,Bas-Saint-Laurent
C006007,3,1,0.9993101723700158,36.38853647855471,-30.614081946127808,1,1,Cote-Nord
C013232,3,0,0.04947606841982931,28.554085299096695,-30.898912496806442,0,1,Bas-Saint-Laurent
C001370,3,1,0.9118638856516933,31.034451179458017,-29.1806538976867,1,0,Montreal
C011519,3,1,0.9358043641847701,31.461859709367687,-29.336044986037606,1,0,Montreal
C013405,3,0,0.0035542320238259564,26.839268239277356,-31.310751322489942,0,1,Bas-Saint-Laurent
C007880,3,0,0.25453733520628513,28.611493829006367,-29.464016596011735,0,0,Montreal
C010605,3,0,0.0019873853537383944,24.789634119638677,-29.723565480942874,0,0,Montreal
C000643,3,1,0.1665001761828336,28.464085299096695,-29.741918065400256,0,0,Montreal
C001056,3,0,0.009408636310830004,28.126676769187025,-31.821146884701456,0,1,Bas-Saint-Laurent
C012823,3,0,0.0034238258065187846,26.861493829006367,-31.36273728377658,0,1,Bas-Saint-Laurent
C005948,3,1,0.5060430796667105,30.773353538374053,-30.754174988149597,1,1,Cote-Nord
C004104,3,0,0.06564392301596854,29.638536478554713,-31.74542245120738,0,1,Cote-Nord
C000966,3,0,0.032408658122050425,28.921493829006366,-31.616086532444367,0,1,Gaspesie-Iles-de-la-Madeleine
C005790,3,0,0.41149802175314387,29.66704264954835,-29.95089180816862,0,0,Montreal
C009043,3,0,0.04743869349391167,28.333719418735374,-30.713607268342106,0,1,Gaspesie-Iles-de-la-Madeleine
C003967,3,0,0.0014843599924335962,25.571127948645046,-30.73699345169983,0,1,Gaspesie-Iles-de-la-Madeleine
C006103,3,1,0.9861972233915816,32.066310888825704,-28.679420784393063,1,0,Montreal
C008342,3,1,0.970890423490589,32.009268239277354,-29.226800031251045,1,0,Capitale-Nationale
C012105,3,0,0.018473414534384686,25.919268239277358,-29.071153820663415,0,0,Montreal
C009944,3,0,0.005217611753807514,26.426676769187026,-30.592258631302975,0,0,Capitale-Nationale
C009606,3,0,0.04241316330960111,28.031859709367687,-30.50476347162966,0,1,Bas-Saint-Laurent
C012693,3,1,0.7886344402837013,30.096310888825702,-29.05166840101749,1,0,Montreal
C008645,3,0,0.004526628425079591,25.553719418735373,-29.832560352470402,0,0,Montreal
C013522,3,0,0.12768083489182241,27.391859709367687,-28.916418616179303,0,0,Montreal
C011545,3,1,0.6682856244027385,32.05112794864504,-31.49541807918517,1,1,Bas-Saint-Laurent
C008673,3,1,0.7684477107512352,30.418902358916036,-29.467200860839874,1,0,Capitale-Nationale
C010558,3,0,0.00042506323115031535,23.614085299096693,-29.772903266503764,0,0,Montreal
C003724,3,1,0.9839564702920767,33.19926823927736,-29.93353426209277,1,0,Montreal
C009687,3,1,0.19421134673087936,29.43704264954835,-30.565910005113665,0,0,Montreal
C008468,3,1,0.9966519264277001,36.51112794864505,-31.992073739692568,1,1,Bas-Saint-Laurent
C013339,3,0,0.00032060200887023985,24.35926823927736,-30.741929429403953,0,1,Cote-Nord
C001744,3,0,0.565764241019787,30.041493829006367,-29.831575921333595,1,0,Capitale-Nationale
C011596,3,1,0.8896599761551007,31.659268239277356,-30.00328670060053,1,0,Capitale-Nationale
C008344,3,0,3.152370394527945e-05,22.80926823927736,-31.032351673505694,0,1,Bas-Saint-Laurent
C012922,3,1,0.9836579184433116,32.651859709367685,-29.400994537909323,1,0,Montreal
C000305,3,0,0.2941592724260358,27.501859709367686,-28.19627214601089,0,0,Capitale-Nationale
C013759,3,0,0.0002929207432830872,23.403719418735374,-29.85804273529169,0,0,Montreal
C009755,3,1,0.917908545091699,31.958902358916035,-30.043495476403166,1,0,Montreal
C011080,3,0,0.025444452534790832,25.994451179458018,-28.886672244281204,0,0,Montreal
C011692,3,1,0.6022917127439976,29.326676769187024,-28.997409473710334,0,0,Montreal
C004745,3,1,0.9242112251703014,31.676676769187026,-29.692463502622967,1,0,Capitale-Nationale
C005351,3,0,0.00015498629378999352,25.064085299096696,-32.02355058265468,0,1,Gaspesie-Iles-de-la-Madeleine
C008217,3,0,0.01715746042912812,27.116676769187023,-30.32825509241784,0,0,Capitale-Nationale
C003006,3,0,9.535673505217073e-07,20.521859709367686,-31.520405217759908,0,1,Bas-Saint-Laurent
C004645,3,0,0.004621040679604667,24.391493829006365,-28.653882314572662,0,0,Capitale-Nationale
C013057,3,1,0.945272912024129,30.806310888825703,-28.54590579669383,1,0,Montreal
C008899,3,1,0.988347057546505,32.12963411963867,-28.606689929774696,1,0,Montreal
C003143,3,0,4.4195322874102156e-05,23.335945008464382,-31.290954836465055,0,1,Gaspesie-Iles-de-la-Madeleine
C001143,3,0,2.908564836608638e-05,23.273353538374053,-31.560301225164103,0,1,Cote-Nord
C004088,3,0,0.0145095338696562,28.19704264954835,-31.54374607610326,0,1,Gaspesie-Iles-de-la-Madeleine
C000119,3,0,0.0899781615887814,28.064451179458015,-29.90023358319292,0,0,Montreal
C009598,3,0,0.0011551514940828526,24.394085299096695,-29.759151851527673,0,0,Montreal
C000323,3,1,0.2426944367605921,30.301493829006365,-31.20432116045766,1,1,Gaspesie-Iles-de-la-Madeleine
C006821,3,1,0.8420716290581343,30.224451179458015,-28.896567512866454,1,0,Montreal
C011108,3,1,0.9457246557433237,31.56185970936769,-29.29449951333597,1,0,Montreal
C001175,3,1,0.8647562568813987,30.138902358916035,-28.66690639928591,1,0,Montreal
C005930,3,0,0.0012668470065894132,25.386310888825705,-30.678060859262487,0,1,Bas-Saint-Laurent
C011310,3,1,0.9924869294289929,33.44149382900636,-29.56701139157362,1,0,Montreal
C001811,3,0,0.0014187901278092795,26.908902358916038,-32.110663834948156,0,1,Cote-Nord
C006090,3,0,0.013287715522796827,28.588536478554712,-32.00601257805501,0,1,Bas-Saint-Laurent
C006541,3,0,0.13655454257068647,29.18890235891603,-30.652042385309578,0,1,Cote-Nord
C008124,3,1,0.7585528385355728,31.728536478554712,-30.82031567614507,1,1,Gaspesie-Iles-de-la-Madeleine
C001747,3,1,0.9764104483973076,33.041859709367685,-30.088076721249642,1,0,Montreal
C010710,3,1,0.2637601265357247,28.64481705981934,-29.459224995652974,0,0,Montreal
C012277,3,0,0.004323384659839474,27.59817059819339,-31.913620010498075,0,1,Gaspesie-Iles-de-la-Madeleine
C001172,3,0,0.00018455515491790724,25.681493829006367,-32.50240381185776,0,1,Cote-Nord
C000425,3,0,0.6272104062291199,29.896676769187025,-29.483911317716753,0,0,Montreal
C002522,3,0,0.0001419985368821081,23.063719418735374,-30.092630782840462,0,1,Bas-Saint-Laurent
C013655,3,0,0.007272524351102915,25.646676769187025,-29.547168386537592,0,0,Montreal
C000920,3,0,0.19292053829953965,30.161493829006364,-31.296921755231544,1,1,Cote-Nord
C008470,3,1,0.9928620388014973,33.13445117945802,-29.21903481752563,1,0,Montreal
C000340,3,0,0.0005438739396054533,25.779268239277357,-31.742442172427655,0,1,Cote-Nord
C001407,3,0,0.0016203449128349523,24.598902358916035,-29.695116605671327,0,0,Montreal
C012691,3,0,0.012411000970662911,25.606676769187025,-29.07901037525311,0,0,Capitale-Nationale
C004443,3,0,0.09601826327406887,27.574085299096694,-29.353037853492577,0,0,Capitale-Nationale
C005188,3,1,0.49687280475928247,32.305945008464384,-32.31586924178444,1,1,Gaspesie-Iles-de-la-Madeleine
C004230,3,0,0.008525794896731708,27.816310888825704,-31.58966000429249,0,1,Gaspesie-Iles-de-la-Madeleine
C012949,3,1,0.20236540796007704,30.051127948645043,-31.139296217634588,1,1,Gaspesie-Iles-de-la-Madeleine
C002272,3,0,0.002693351137284501,27.613719418735375,-32.30593131998249,0,1,Cote-Nord
C011576,3,1,0.9975363452437211,33.21890235891603,-28.455786445219303,1,0,Montreal
C011802,3,0,0.009373009755665017,27.56704264954835,-31.264551163045525,0,1,Gaspesie-Iles-de-la-Madeleine
C007308,3,1,0.9956969211385858,33.36667676918703,-29.0474761444909,1,0,Capitale-Nationale
C013532,3,0,0.48512691971559807,29.663719418735372,-29.710932828986234,0,0,Capitale-Nationale
C001257,3,0,0.39305824735320055,28.931859709367686,-29.27655958069094,0,0,Montreal
C009034,3,0,0.0006089981514100409,24.7303961879224,-30.603789957122565,0,1,Cote-Nord
C001967,3,1,0.9959367521004359,33.916310888825706,-29.551420830113752,1,0,Capitale-Nationale
C000333,3,1,0.48448427828899066,31.19594500846438,-31.24519971634845,1,1,Bas-Saint-Laurent
C006239,3,0,3.326623643488787e-05,21.371859709367687,-29.55225586890363,0,0,Montreal
C009464,3,1,0.5697146887792911,28.689268239277357,-28.466579168802618,0,0,Montreal
C003233,3,1,0.4500362686463216,29.831859709367688,-29.990949757634,0,0,Capitale-Nationale
C013836,3,0,0.02348240659392818,26.06185970936769,-29.019341494317473,0,0,Montreal
C006650,3,1,0.23825269498854643,30.581493829006366,-31.50361546198196,1,1,Gaspesie-Iles-de-la-Madeleine
C002477,3,0,0.002753138282290062,26.516310888825704,-31.191056560557215,0,1,Gaspesie-Iles-de-la-Madeleine
C005806,3,1,0.8766891375019837,32.60371941873537,-31.047566682544964,1,1,Gaspesie-Iles-de-la-Madeleine
C002856,3,0,0.4099405321843213,29.556310888825703,-29.845265503606527,0,0,Montreal
C007220,3,1,0.9652641939615046,33.35112794864504,-30.713462316490226,1,1,Bas-Saint-Laurent
C000829,3,1,0.9365483920729989,31.528902358916035,-29.393208225544285,1,0,Montreal
C001059,3,1,0.554908062228356,31.64853647855471,-31.47358105165097,1,1,Bas-Saint-Laurent
C000696,3,1,0.9882929334362616,32.388902358916035,-28.86967803475456,1,0,Montreal
C008955,3,0,0.4955854336975289,29.151859709367688,-29.165869628738136,0,0,Capitale-Nationale
C012925,3,1,0.9913099138787717,32.649268239277355,-28.89119334443938,1,0,Montreal
C012818,3,1,0.9602183715732769,32.604085299096695,-30.07818603513533,1,0,Montreal
C002381,3,0,0.33436576306297827,28.241493829006366,-28.78773358891699,0,0,Montreal
C004101,3,1,0.7406381854390036,29.384817059819337,-28.552342264945032,0,0,Montreal
C010874,3,0,0.8656248555550949,30.839634119638678,-29.361729830678627,1,0,Capitale-Nationale
C009091,3,1,0.988323866765676,33.308536478554714,-29.787188241014057,1,0,Montreal
C001615,3,0,0.784704573602043,29.93890235891603,-28.912838717067928,1,0,Montreal
C001377,3,0,0.21408335993276922,31.156310888825704,-32.18807816433655,1,1,Gaspesie-Iles-de-la-Madeleine
C011199,3,1,0.7243398819471742,29.86890235891603,-29.10243292907379,0,0,Capitale-Nationale
C002806,3,1,0.9525390433303554,33.784085299096695,-31.404588237257016,1,1,Bas-Saint-Laurent
C013092,3,0,0.010073888465687835,25.326676769187024,-28.966411785341922,0,0,Montreal
C010371,3,0,7.358543234117019e-06,22.371493829006365,-31.74885426255146,0,1,Gaspesie-Iles-de-la-Madeleine
C001858,3,0,0.06352981336793306,27.929268239277356,-30.06391887600177,0,1,Bas-Saint-Laurent
C008942,3,1,0.5692882911529217,31.71076206828372,-31.489452824702717,1,1,Bas-Saint-Laurent
C004112,3,1,0.552231361991914,29.456676769187023,-29.29031446826486,0,0,Capitale-Nationale
C009503,3,1,0.5948944960389715,31.591127948645045,-31.286285828760814,1,1,Cote-Nord
C003162,3,0,0.001911160300349432,24.481493829006364,-29.446513996931316,0,0,Capitale-Nationale
C011988,3,0,0.05604827695382169,27.274085299096694,-29.5144551804347,0,0,Montreal
C012285,3,0,0.00031099099933616306,24.976676769187023,-31.38349305099603,0,1,Bas-Saint-Laurent
C002045,3,0,0.0009293674908995653,25.771493829006367,-31.30928403700117,0,1,Cote-Nord
C000093,3,1,0.8579217603729772,31.336676769187026,-29.910088612966458,1,0,Montreal
C012648,3,0,0.15768800999538668,30.466676769187025,-31.795995263432914,1,1,Cote-Nord
C010508,3,1,0.22731925553300655,28.981127948645046,-29.95182569387215,0,0,Montreal
C011685,3,0,0.3691875732252929,29.016676769187026,-29.44168855223854,0,0,Montreal
C000614,3,1,0.3475880545993535,28.894451179458017,-29.39400369067379,0,0,Capitale-Nationale
C011591,3,0,0.11308043995593535,27.611859709367685,-29.245930126861623,0,0,Montreal
C001222,3,1,0.9929723204511975,33.211493829006365,-29.283636073507235,1,0,Montreal
C001046,3,0,0.0006807080011423112,25.186676769187024,-30.971696976891394,0,1,Bas-Saint-Laurent
C002094,3,0,0.38236513244362236,28.411493829006364,-28.791932241652972,0,0,Capitale-Nationale
C006316,3,0,0.08215749246043229,26.911493829006364,-28.826205669735465,0,0,Montreal
C003599,3,0,0.045776048983843305,27.234085299096694,-29.643661989518577,0,0,Capitale-Nationale
C013505,3,0,0.1592887023708993,27.961493829006365,-29.281290287047653,0,0,Montreal
C005631,3,1,0.9984314820764884,33.8263108888257,-28.704264665367894,1,0,Capitale-Nationale
C005452,3,1,0.8753859957885848,30.1863108888257,-28.639678628421027,1,0,Capitale-Nationale
C000941,3,0,0.003117833911442275,25.93890235891603,-30.514664831748505,0,1,Cote-Nord
C005853,3,0,0.015548637495829175,25.929268239277356,-29.220259543605618,0,0,Montreal
C002447,3,0,0.004412535429368729,25.11704264954835,-29.41622762982986,0,0,Montreal
C008107,3,1,0.6187789436207944,29.701859709367685,-29.31757564861074,0,0,Montreal
C001436,3,1,0.943728581313472,32.44890235891604,-30.21187237620038,1,0,Capitale-Nationale
C009009,3,1,0.5860364256200279,29.084451179458018,-28.808672280546148,0,0,Montreal
C000901,3,0,0.007198971490334967,27.293719418735375,-31.20233466427401,0,1,Bas-Saint-Laurent
C000981,3,0,0.016675323999481306,25.451859709367685,-28.686440634660613,0,0,Montreal
C011552,3,1,0.2229437289635157,29.751127948645046,-30.74172570106129,0,1,Gaspesie-Iles-de-la-Madeleine
C009075,3,0,0.0006183074253932838,23.91963411963868,-29.780984621486176,0,0,Capitale-Nationale
C006782,3,0,0.08716399922011661,26.356676769187025,-28.220118655637993,0,0,Montreal
C001497,3,0,0.04009747289497386,27.311493829006366,-29.83085802648675,0,0,Montreal
C004418,3,0,0.015730854952798294,26.621127948645043,-29.902728782287255,0,1,Cote-Nord
C006179,3,1,0.9991464290909885,35.354085299096695,-29.748738375187454,1,1,Bas-Saint-Laurent
C002508,3,1,0.3320415852308318,29.341493829006364,-29.896032937594388,0,0,Montreal
C003022,3,0,0.9242836398376965,30.471127948645044,-28.486094108980055,1,0,Montreal
C003400,3,1,0.8038500049662254,32.1463108888257,-31.027234894072766,1,1,Gaspesie-Iles-de-la-Madeleine
C001549,3,1,0.819434094062775,29.909268239277356,-28.70928023415166,1,0,Montreal
C008567,3,0,0.03479450060495715,26.348902358916035,-28.98518028600835,0,0,Capitale-Nationale
C010354,3,1,0.4737304371365345,30.146310888825703,-30.229753759077315,1,1,Gaspesie-Iles-de-la-Madeleine
C009708,3,0,0.2901638815960414,30.561493829006366,-31.271234194583595,1,1,Cote-Nord
C006202,3,0,0.05099164328454852,28.278902358916035,-30.59852542111564,0,1,Gaspesie-Iles-de-la-Madeleine
C004900,3,0,0.11415593454166273,29.818536478554712,-31.44413425647574,0,1,Gaspesie-Iles-de-la-Madeleine
C006912,3,0,0.25872113399464125,28.374451179458017,-29.20957419904834,0,0,Capitale-Nationale
C013415,3,0,0.058580407428252664,28.69853647855471,-30.901718703993243,0,1,Cote-Nord
C005999,3,0,0.01591184763564098,27.16704264954835,-30.43942149669863,0,0,Montreal
C009765,3,0,0.27474070149309787,27.964085299096695,-28.734211703425167,0,0,Capitale-Nationale
C010340,3,1,0.8533157432414888,30.521493829006367,-29.124488688755445,1,0,Capitale-Nationale
C001672,3,0,0.036383200410808794,27.094085299096694,-29.693634019606172,0,0,Montreal
C010611,3,1,0.906698289340494,32.39112794864504,-30.58702508677873,1,1,Gaspesie-Iles-de-la-Madeleine
C010907,3,1,0.6775850961243131,32.343719418735375,-31.754486030165584,1,1,Gaspesie-Iles-de-la-Madeleine
C003561,3,0,0.4407801385799792,29.56704264954835,-29.755862174869854,0,0,Montreal
C001442,3,0,0.00023724397506088597,25.216310888825703,-31.837931330925464,0,1,Bas-Saint-Laurent
C012778,3,0,0.010486891854738247,26.841127948645045,-30.448654800090726,0,1,Gaspesie-Iles-de-la-Madeleine
C004442,3,0,0.008913173459334579,24.76222558972901,-28.500011953366208,0,0,Montreal
C013013,3,1,0.5404872292863196,32.066310888825704,-31.937543385625776,1,1,Gaspesie-Iles-de-la-Madeleine
C007634,3,1,0.9989115910486634,34.82667676918703,-29.4143400908142,1,0,Montreal
C004038,3,0,0.1107143978257999,28.671859709367688,-30.3248200411609,0,0,Montreal
C012776,3,0,0.21921084685890238,29.504451179458016,-30.512247421736788,0,0,Capitale-Nationale
C009136,3,1,0.38811756924205876,31.056676769187025,-31.417844512113746,1,1,Cote-Nord
C010592,3,1,0.592569660605448,29.62704264954835,-29.32984709518943,0,0,Capitale-Nationale
C010133,3,1,0.9978948501258347,34.09926823927736,-29.211102314836985,1,0,Montreal
C012898,3,0,0.23194016393943614,29.124451179458017,-30.074424252833722,0,0,Capitale-Nationale
C010885,3,0,0.008601743323044085,28.016310888825704,-31.78256311253011,0,1,Bas-Saint-Laurent
C007508,3,1,0.08173304033966998,27.48222558972901,-29.401413671548347,0,0,Capitale-Nationale
C010626,3,0,0.03630691309825801,27.95704264954835,-30.55831944224305,0,0,Montreal
C003993,3,0,0.5845971872416309,29.566310888825704,-29.2952363652421,0,0,Montreal
C004467,3,0,9.492811898990014e-05,22.754085299096694,-30.102521962931707,0,1,Bas-Saint-Laurent
C003751,3,1,0.6398856770286365,29.948902358916037,-29.49281877677737,1,0,Capitale-Nationale
C000101,3,0,0.0027516143528359955,23.991493829006366,-28.666679984970248,0,0,Montreal
C004540,3,0,0.02334940609080029,26.511859709367688,-29.473955839939332,0,0,Montreal
C013162,3,0,0.33811436928018573,31.273353538374053,-31.806267629510664,1,1,Gaspesie-Iles-de-la-Madeleine
C011329,3,0,0.44171230873488043,30.316310888825704,-30.50213076699874,1,1,Gaspesie-Iles-de-la-Madeleine
C002461,3,0,8.52787744375984e-06,21.901493829006366,-31.16184816099311,0,1,Gaspesie-Iles-de-la-Madeleine
C010789,3,0,0.18421984299354635,27.716676769187025,-28.89722474794768,0,0,Montreal
C003475,3,1,0.9894181241182675,31.704085299096693,-28.10378814234999,1,0,Montreal
C002271,3,1,0.9248862230622985,31.394085299096695,-29.402195147803376,1,0,Montreal
C002831,3,1,0.8424876625379186,32.498902358916034,-31.168534067840014,1,1,Gaspesie-Iles-de-la-Madeleine
C005882,3,0,0.0051866340050314725,27.27853647855471,-31.44886744804814,0,1,Cote-Nord
C010007,3,0,0.00730405346803772,26.406676769187026,-30.30371106262687,0,1,Gaspesie-Iles-de-la-Madeleine
C009951,3,1,0.9879599312847825,32.78371941873537,-29.287014542444403,1,0,Montreal
C007154,3,1,0.9911265780672522,33.152225589729014,-29.41086116624492,1,0,Montreal
C012239,3,0,0.004724556452187054,25.35926823927736,-29.603998071184595,0,0,Montreal
C013766,3,0,0.020595430770872114,27.144085299096695,-30.207985329445286,0,0,Montreal
C013510,3,0,0.06274555503289443,29.335945008464382,-31.48111468921061,0,1,Cote-Nord
C005368,3,0,0.03139701423173598,26.366676769187023,-29.087258556601427,0,0,Montreal
C012202,3,0,0.553456316533391,29.55704264954835,-29.3867490609574,0,0,Montreal
C005319,3,1,0.9967207315849336,34.12149382900636,-29.585910681235845,1,0,Capitale-Nationale
C005653,3,0,0.0003750918356876645,24.76926823927736,-31.027350434204457,0,1,Cote-Nord
C004282,3,0,0.001991089139236318,26.678902358916034,-31.611353588178716,0,1,Gaspesie-Iles-de-la-Madeleine
C006469,3,1,0.9931923343818146,32.86890235891603,-28.91563384669169,1,0,Capitale-Nationale
C007363,3,1,0.9979827229630982,34.4463108888257,-29.524247302272233,1,0,Capitale-Nationale
C011271,3,1,0.9541301008924337,33.10371941873537,-30.695845667272742,1,1,Gaspesie-Iles-de-la-Madeleine
C006008,3,1,0.26413063673627046,28.659268239277356,-29.472163128072193,0,0,Montreal
C003333,3,1,0.9836619777948045,32.12704264954835,-28.875977107232977,1,0,Capitale-Nationale
C007947,3,0,0.00536109328744379,27.483719418735372,-31.627664156619662,0,1,Cote-Nord
C005413,3,1,0.857847602662615,30.956676769187023,-29.530571185756468,1,0,Montreal
C011240,3,0,0.01437141214233565,28.004085299096694,-31.358488487628644,0,1,Gaspesie-Iles-de-la-Madeleine
C013605,3,0,0.2097074173755358,27.766676769187026,-28.81923406698354,0,0,Montreal
C005262,3,0,0.0011392753807047712,25.93890235891603,-31.314961037893664,0,1,Cote-Nord
C009292,3,0,0.0002089189699393927,25.043719418735375,-31.766233563810033,0,1,Gaspesie-Iles-de-la-Madeleine
C002598,3,0,0.0001879890489798782,24.118536478554713,-30.92481766503355,0,1,Bas-Saint-Laurent
C008923,3,0,0.012763322779572912,27.211127948645043,-30.66097011501908,0,1,Gaspesie-Iles-de-la-Madeleine
C004405,3,0,0.02499795378752139,27.4363108888257,-30.342941016732563,0,1,Cote-Nord
C005132,3,0,0.001387304947912601,25.876676769187025,-31.096267700404077,0,1,Cote-Nord
C010037,3,0,0.16895178043323905,28.094085299096694,-29.3579843640927,0,0,Montreal
C003789,3,1,0.9907827781478065,32.11408529909669,-28.40315466887579,1,0,Capitale-Nationale
C001344,3,1,0.99996518033483,36.69371941873538,-28.549533433075897,1,0,Montreal
C002250,3,1,0.74503190662862,30.706676769187023,-29.855954077557275,1,0,Montreal
C005676,3,0,0.10143190851514018,30.28594500846438,-32.016616196981516,1,1,Gaspesie-Iles-de-la-Madeleine
C012800,3,0,2.9582119260670657e-06,21.0263108888257,-31.126655528755336,0,1,Gaspesie-Iles-de-la-Madeleine
C008887,3,0,0.004867038897027256,26.084085299096696,-30.305128875221133,0,0,Montreal
C012020,3,0,0.005372944353236245,26.948902358916037,-31.09108577818237,0,1,Gaspesie-Iles-de-la-Madeleine
C000685,3,0,0.5566177686449683,28.846676769187024,-28.666227275519784,0,0,Montreal
C001315,3,1,0.9978035932558554,34.58149382900636,-29.727068002601463,1,0,Montreal
C001326,3,1,0.6731136585452916,32.03817059819339,-31.465117409994114,1,1,Gaspesie-Iles-de-la-Madeleine
C002887,3,1,0.9509056808673115,32.106676769187025,-29.75538574203075,1,0,Montreal
C008246,3,0,0.06978850581358373,28.844085299096694,-30.898870659317843,0,1,Gaspesie-Iles-de-la-Madeleine
C010630,3,1,0.7695597650047828,31.31185970936769,-30.355191492743636,1,0,Montreal
C013109,3,0,0.0002498139445085235,24.39817059819339,-30.978821402453136,0,1,Cote-Nord
C000969,3,0,0.60344740042791,29.499268239277356,-29.166171281287962,0,0,Capitale-Nationale
C011386,3,1,0.48627462178174613,29.228536478554712,-29.27210469180578,0,0,Capitale-Nationale
C011157,3,0,0.0001987558322285945,24.926310888825704,-31.688398014409696,0,1,Cote-Nord
C007305,3,1,0.03865157129627593,27.464085299096695,-30.013780903020265,0,0,Montreal
C008749,3,1,0.9896952312095233,33.641493829006365,-30.019921660175473,1,0,Capitale-Nationale
C010004,3,0,0.0010523443043052678,26.596310888825702,-32.0354101200843,0,1,Bas-Saint-Laurent
C004934,3,1,0.9850987220317292,33.65667676918703,-30.33142500579405,1,0,Montreal
C010465,3,0,0.0009073019018425956,25.726310888825704,-31.283182518783743,0,1,Bas-Saint-Laurent
C005085,3,1,0.01468521252238729,27.926676769187026,-31.2636904574806,0,1,Gaspesie-Iles-de-la-Madeleine
C011392,3,0,0.0781167299431188,28.638902358916035,-30.59711202882413,0,0,Montreal
C005627,3,0,0.08520044373219093,29.251493829006364,-31.134717223154418,0,1,Gaspesie-Iles-de-la-Madeleine
C006811,3,0,0.10204349068893181,30.3903961879224,-32.115757954702026,1,1,Gaspesie-Iles-de-la-Madeleine
C003446,3,0,0.03807069605774738,26.818902358916034,-29.38109087592906,0,0,Montreal
C002488,3,0,0.2771839672902317,31.41853647855471,-32.17896139760455,1,1,Bas-Saint-Laurent
C010334,3,0,0.1220969596674482,28.384451179458015,-29.949550530807198,0,0,Montreal
C003455,3,1,0.831079926523253,29.744085299096696,-28.480007060366162,0,0,Montreal
C002092,3,0,0.09130142608646827,29.921127948645044,-31.744173117917192,1,1,Cote-Nord
C003971,3,0,0.001469876935339619,26.291493829006367,-31.465149856316877,0,1,Gaspesie-Iles-de-la-Madeleine
C011460,3,0,1.288307175756873e-05,22.018902358916037,-30.95192924219763,0,1,Cote-Nord
C004166,3,0,0.020421567424510432,26.556310888825703,-29.627077686745025,0,0,Montreal
C012785,3,1,0.42083468776463256,29.698902358916037,-29.95226368563388,0,0,Montreal
C010694,3,0,0.1760912355649052,31.063353538374052,-32.287570636937,1,1,Gaspesie-Iles-de-la-Madeleine
C007126,3,0,0.15728477587692155,27.886676769187023,-29.21840635568975,0,0,Montreal
C000501,3,1,0.9939242241236874,32.354085299096695,-28.30999468166619,1,0,Capitale-Nationale
C002537,3,0,0.00026233833417096166,24.496310888825704,-31.038141153123163,0,1,Cote-Nord
C003689,3,0,0.08049764916407999,27.256676769187024,-29.189014813433868,0,0,Montreal
C001431,3,0,0.26304372783008634,29.976676769187023,-30.794014126001024,1,1,Gaspesie-Iles-de-la-Madeleine
C000530,3,0,0.03969065064380949,28.703719418735375,-31.23151031007041,0,1,Cote-Nord
C003514,3,0,0.6151452808991826,29.436676769187024,-29.064591679192976,0,0,Montreal
C009953,3,0,0.001640387736783587,25.746310888825704,-30.832755820240045,0,1,Cote-Nord
C012990,3,1,0.0877667171327116,28.0263108888257,-29.883761675609232,0,0,Montreal
C005406,3,1,0.9944411891419875,35.18853647855472,-31.07348241513398,1,1,Bas-Saint-Laurent
C001331,3,1,0.955921970254574,31.656310888825704,-29.21533460965091,1,0,Montreal
C011429,3,0,0.013510468498198994,26.558902358916036,-29.963009646371248,0,1,Cote-Nord
C006387,3,0,0.02663677575630914,26.853719418735373,-29.708636761743,0,1,Bas-Saint-Laurent
C006663,3,0,0.021230297203517507,28.541493829006367,-31.58079264853869,0,1,Cote-Nord
C011043,3,1,0.43523074665518136,29.096310888825702,-29.303016483363134,0,0,Capitale-Nationale
C004067,3,0,0.007311999927178583,25.749268239277356,-29.645433501500865,0,0,Montreal
C001340,3,0,0.0003690476570453791,25.993719418735374,-32.2646948045981,0,1,Bas-Saint-Laurent
C002603,3,1,0.8965374551019053,32.78557912810306,-31.072429027178643,1,1,Bas-Saint-Laurent
C003787,3,1,0.9354017820559799,30.581859709367688,-28.461346200191354,1,0,Capitale-Nationale
C005080,3,1,0.7606557496463054,29.631493829006367,-28.714136412450166,0,0,Montreal
C012201,3,1,0.8763484371087967,31.534085299096695,-29.980429956981546,1,0,Montreal
C010679,3,1,0.9403200036750293,31.571859709367686,-29.38435869318522,1,0,Montreal
C006864,3,0,0.002012021142224123,26.856310888825703,-31.780448431848427,0,1,Cote-Nord
C008787,3,0,0.7371775771228379,31.321127948645046,-30.502884618685346,1,1,Cote-Nord
C002101,3,0,0.08671879411467749,28.984085299096694,-30.851976694172944,0,1,Gaspesie-Iles-de-la-Madeleine
C008019,3,0,0.015702817938405757,26.909268239277356,-30.192306954111622,0,0,Capitale-Nationale
C007352,3,0,0.0035762727921113567,25.534085299096695,-30.000646114072055,0,0,Montreal
C013317,3,0,0.003913396105658951,27.714451179458017,-32.10927315377817,0,1,Gaspesie-Iles-de-la-Madeleine
C007762,3,1,0.01569105595177305,26.504085299096694,-29.78772798100962,0,0,Montreal
C011614,3,1,0.934553179410123,30.921859709367688,-28.81242063368804,1,0,Capitale-Nationale
C003753,3,0,0.019501528935805472,26.504817059819338,-29.61290202785434,0,0,Capitale-Nationale
C004172,3,0,0.9184805789588708,30.884085299096697,-28.962636387760192,1,0,Montreal
C008455,3,1,0.8722041614113534,30.25963411963868,-28.73589409251719,1,0,Montreal
C007145,3,0,0.0437474521143033,26.838536478554712,-29.285759644920763,0,0,Montreal
C006542,3,0,0.09026474894889483,27.114085299096693,-28.94709488039017,0,0,Capitale-Nationale
C008480,3,0,0.005567981122949182,27.35076206828372,-31.464501084867155,0,1,Bas-Saint-Laurent
C001281,3,0,1.4110273076115906e-06,18.454451179458015,-29.142103393000898,0,0,Montreal
C002314,3,1,0.9730292565785015,33.041859709367685,-30.19709994205318,1,0,Montreal
C012256,3,1,0.9947877881594952,33.98667676918703,-29.8202690841987,1,0,Capitale-Nationale
C009425,3,0,0.0004194681118489705,24.46926823927736,-30.638603153262522,0,1,Gaspesie-Iles-de-la-Madeleine
C010326,3,0,0.03509125108204302,27.07704264954835,-29.70633891826766,0,0,Montreal
C011396,3,0,0.0004816262148629331,24.271493829006367,-30.331150754965744,0,0,Montreal
C002396,3,0,0.08842048011039748,27.671493829006366,-29.52248801638134,0,0,Montreal
C007191,3,0,0.8161236454109068,30.579268239277358,-29.396905611633553,1,0,Montreal
C000230,3,0,0.10035676503823311,26.784451179458017,-28.524525421686405,0,0,Montreal
C002895,3,0,0.15399211932419524,29.62594500846438,-30.977553441080246,0,1,Cote-Nord
C009582,3,0,0.09058657594936902,28.551859709367687,-30.381764950436263,0,0,Capitale-Nationale
C013156,3,0,0.0009032213050554911,24.246676769187026,-29.807127879318845,0,0,Montreal
C008740,3,0,0.0005958941150619655,25.288902358916033,-31.179564127101905,0,1,Cote-Nord
C009597,3,0,0.34748529597681216,31.534085299096695,-32.033997342555985,1,1,Gaspesie-Iles-de-la-Madeleine
C008765,3,0,0.03471400320423676,27.921859709367688,-30.560041397864516,0,1,Bas-Saint-Laurent
C009467,3,1,0.9976338622416898,34.42704264954835,-29.631807360690022,1,0,Montreal
C010500,3,0,0.3742103723647113,30.694085299096695,-31.10203358642835,1,1,Cote-Nord
C008916,3,1,0.9765040042677475,31.948902358916037,-28.991890601120886,1,0,Capitale-Nationale
C003833,3,1,0.5821133192250808,32.38335353837405,-32.120386885801175,1,1,Cote-Nord
C000111,3,0,0.12900967586742657,27.616676769187023,-29.1318118251851,0,0,Montreal
C008901,3,0,0.05166311475997011,28.788902358916033,-31.097584741368998,0,1,Cote-Nord
C007104,3,1,0.9837336344191646,31.718902358916033,-28.464291740262787,1,0,Capitale-Nationale
C004688,3,0,0.2988289611341398,28.814451179458015,-29.49110180608454,0,0,Montreal
C001373,3,0,0.0059604183773558405,25.544451179458015,-29.60384201757968,0,0,Montreal
C000460,3,0,0.027657727509831125,28.254085299096694,-31.078329493229777,0,1,Gaspesie-Iles-de-la-Madeleine
C005690,3,1,0.4048363580801305,30.18853647855471,-30.494264737808894,1,1,Cote-Nord
C005554,3,0,0.008035194257105093,27.464085299096695,-31.28484609311094,0,1,Cote-Nord
C004063,3,0,0.26288270729524743,28.587042649548348,-29.40503913992068,0,0,Montreal
C003760,3,1,0.9937625347998351,32.02445117945802,-28.00132687839617,1,0,Montreal
C009882,3,1,0.998153107082826,34.081859709367684,-29.08965055093313,1,0,Montreal
C006721,3,1,0.3105815380938825,29.091859709367686,-29.724495293594625,0,0,Montreal
C004289,3,1,0.9994057285607677,34.83371941873537,-28.940892991564002,1,0,Capitale-Nationale
C003874,3,1,0.9939010942971972,33.73667676918703,-29.695619158470855,1,0,Montreal
C011575,3,0,0.030567538938928458,28.068536478554712,-30.81103924075722,0,1,Gaspesie-Iles-de-la-Madeleine
C011390,3,0,0.19862767045561264,28.239268239277358,-29.34593635370657,0,0,Montreal
C013380,3,0,0.028102110365655172,27.786676769187025,-30.59791234628418,0,1,Gaspesie-Iles-de-la-Madeleine
C007927,3,0,0.06946189700307313,26.829268239277358,-28.888053788856023,0,0,Montreal
C007180,3,0,0.19730042117320953,28.009268239277358,-29.122568437129,0,0,Montreal
C000748,3,1,0.8253308532711837,30.768902358916037,-29.536883893130526,1,0,Montreal
C003106,3,1,0.7425933042581312,30.247042649548348,-29.406473055372224,1,0,Capitale-Nationale
C004053,3,1,0.999634126632293,35.80667676918703,-29.528845325613226,1,0,Capitale-Nationale
C013976,3,1,0.8503997017207391,32.15335353837405,-30.77468149973559,1,1,Gaspesie-Iles-de-la-Madeleine
C009956,3,0,0.7341583098004294,29.626676769187025,-28.82075171293704,0,0,Montreal
C012762,3,1,0.7098839321270882,29.756676769187024,-29.046752221014035,0,0,Montreal
C007259,3,1,0.6787114703857274,29.02963411963868,-28.43630643853592,0,0,Capitale-Nationale
C013666,3,1,0.761146593732051,32.32594500846438,-31.406447096518736,1,1,Gaspesie-Iles-de-la-Madeleine
C001944,3,0,0.07474319952576239,28.92853647855471,-30.9246682698053,0,1,Cote-Nord
C007638,3,0,0.3149530375837165,29.51926823927736,-30.135768156730656,0,0,Capitale-Nationale
C013361,3,1,0.9872692075407757,32.72890235891603,-29.277009377460992,1,0,Capitale-Nationale
C008026,3,1,0.955382503507584,32.14890235891603,-29.718024990016847,1,0,Capitale-Nationale
C002863,3,0,0.002840191579362032,24.084085299096696,-28.734064030778384,0,0,Montreal
C002643,3,0,0.0014405941477025124,26.453719418735375,-31.64336375510682,0,1,Gaspesie-Iles-de-la-Madeleine
C011237,3,1,0.9983113732040325,34.6163108888257,-29.55289857445048,1,0,Montreal
C000925,3,1,0.54332260350311,29.154085299096696,-29.016256106241396,0,0,Montreal
C011567,3,0,0.017726183989685527,27.164085299096694,-30.349332751781343,0,1,Cote-Nord
C002387,3,0,0.1101459773500723,28.18704264954835,-29.844593682656097,0,0,Montreal
C001594,3,0,0.2305170736239186,28.894085299096695,-29.85040979592633,0,0,Montreal
C004587,3,0,0.014253041422720826,26.041859709367685,-29.40291986582913,0,0,Montreal
C000470,3,0,0.15135535864443997,29.958902358916035,-31.326681953291914,1,1,Cote-Nord
C003688,3,0,0.023643699737639256,28.313353538374052,-31.265273488197046,0,1,Bas-Saint-Laurent
C003069,3,1,0.8468790932795758,30.656310888825704,-29.29938461643737,1,0,Capitale-Nationale
C006037,3,1,0.747174095970613,30.928902358916034,-30.069207862540832,1,1,Gaspesie-Iles-de-la-Madeleine
C009475,3,0,0.008150978690003299,25.389268239277357,-29.19858580037021,0,0,Capitale-Nationale
C000584,3,0,0.16655255776142514,30.564085299096696,-31.841618645936748,1,1,Gaspesie-Iles-de-la-Madeleine
C002225,3,0,0.003378206810666158,25.871493829006365,-30.383415516257244,0,1,Gaspesie-Iles-de-la-Madeleine
C012867,3,1,0.12046650693118008,27.511859709367688,-29.08909700787204,0,0,Montreal
C011267,3,1,0.9759874083013018,32.38445117945802,-29.445113744299753,1,0,Capitale-Nationale
C006410,3,1,0.11215119795767371,27.651859709367688,-29.293307406647973,0,0,Montreal
C006011,3,0,0.14730281243121335,26.898902358916033,-28.291993640823595,0,0,Montreal
C000487,3,1,0.3685323671375141,29.331127948645044,-29.758372620381397,0,0,Capitale-Nationale
C008008,3,0,0.27106072926074737,28.11740852990967,-28.90224882419031,0,0,Capitale-Nationale
C002564,3,1,0.9101298647309803,30.761859709367688,-28.925030051653607,1,0,Montreal
C007194,3,0,0.22791079780915174,30.316676769187023,-31.284705029006933,1,1,Cote-Nord
C002931,3,0,0.22463251692692315,29.02704264954835,-30.009927181211896,0,0,Capitale-Nationale
C009491,3,1,0.4206099515997374,31.491127948645044,-31.745220863982833,1,1,Bas-Saint-Laurent
C000007,3,1,0.8404344678155257,31.075579128103062,-29.757421567208787,1,1,Gaspesie-Iles-de-la-Madeleine
C013852,3,0,0.4519164363392781,30.114085299096693,-30.267150741812962,1,1,Gaspesie-Iles-de-la-Madeleine
C006068,3,0,0.012948470675666521,26.386676769187023,-29.824943973500705,0,0,Capitale-Nationale
C007770,3,0,0.04125392887123115,28.62853647855471,-31.1243863248989,0,1,Bas-Saint-Laurent
C012522,3,0,0.05171966684558258,26.236676769187024,-28.544443865108327,0,0,Montreal
C012802,3,1,0.9500101624161031,32.42853647855471,-30.092334261000623,1,0,Montreal
C004117,3,1,0.5058123515373144,31.158902358916038,-31.140456123648583,1,1,Bas-Saint-Laurent
C006673,3,1,0.3686205614616599,30.701859709367685,-31.12880372599515,1,1,Cote-Nord
C002324,3,0,0.03180223064249311,27.421859709367688,-30.131935621021267,0,0,Montreal
C012857,3,1,0.981693039248374,35.241127948645044,-32.081926802764855,1,1,Gaspesie-Iles-de-la-Madeleine
C004085,3,0,0.13217951511735704,27.741493829006366,-29.234478329846986,0,0,Montreal
C005833,3,0,0.4411752346985898,28.161493829006364,-28.34904180461293,0,0,Capitale-Nationale
C011918,3,1,0.9841058574039812,33.321859709367686,-30.04858331681448,1,0,Montreal
C013674,3,0,0.8554496438936965,30.291493829006367,-28.880880768718743,1,0,Montreal
C011864,3,0,0.08700706111854178,26.986676769187024,-28.851684788947885,0,0,Capitale-Nationale
C006437,3,0,0.004749440202872521,26.738902358916036,-30.979444717439748,0,1,Gaspesie-Iles-de-la-Madeleine
C011464,3,1,0.6860379895594709,30.13185970936769,-29.511712539874924,1,0,Montreal
C009068,3,1,0.9916926007637619,33.104085299096695,-29.309973728864914,1,0,Montreal
C007123,3,1,0.8468030700262763,31.409268239277356,-30.05280699431254,1,0,Capitale-Nationale
C002743,3,1,0.37186074045071826,29.861859709367685,-30.27777846972866,0,0,Montreal
C007286,3,0,0.49412289315637353,30.104085299096695,-30.122737062373965,1,0,Capitale-Nationale
C002636,3,0,0.15954482339328196,27.561493829006366,-28.879773911020255,0,0,Capitale-Nationale
C009483,3,0,0.137862967492493,28.514085299096696,-29.968456520324057,0,0,Capitale-Nationale
C000104,3,1,0.42879115281825075,28.544085299096697,-28.771612136534443,0,0,Capitale-Nationale
C005019,3,0,0.08959319347757819,29.029268239277357,-30.868787882668613,0,1,Gaspesie-Iles-de-la-Madeleine
C009865,3,1,0.6148576127138801,29.484085299096694,-29.112964111209592,0,0,Capitale-Nationale
C013629,3,1,0.6367548678216137,29.321859709367686,-28.876535133465723,0,0,Montreal
C013943,3,1,0.6601081078238015,30.294451179458015,-29.767830543648433,1,0,Capitale-Nationale
C001873,3,1,0.46425899456844993,29.509268239277358,-29.622885526792434,0,0,Montreal
C013428,3,0,0.13842164441404048,29.926676769187026,-31.37732514250078,1,1,Cote-Nord
C013890,3,1,0.7014629585223321,30.068902358916034,-29.39114608957512,1,0,Capitale-Nationale
C013623,3,0,0.002140095173245257,25.951493829006367,-30.826570197296764,0,1,Gaspesie-Iles-de-la-Madeleine
C004193,3,0,0.0754023449657865,27.166676769187024,-29.15527725724908,0,0,Capitale-Nationale
C012365,3,0,0.10636391340249549,26.39704264954835,-28.085679063746184,0,0,Montreal
C002670,3,0,0.001971633023342645,24.591493829006364,-29.531751150213445,0,0,Capitale-Nationale
C006870,3,0,0.0026982934658550776,26.939268239277357,-31.63002169856366,0,1,Bas-Saint-Laurent
C004366,3,0,0.002555702035550944,27.318902358916034,-32.052843392639204,0,1,Bas-Saint-Laurent
C007881,3,1,0.9967207469000018,34.017042649548344,-29.481455784322073,1,0,Montreal
C013128,3,0,0.7850876356492031,32.843719418735375,-31.815855724752932,1,1,Cote-Nord
C013438,3,1,0.9990693587830133,36.6440852990967,-31.10738269693644,1,1,Cote-Nord
C003786,3,1,0.3083899412780893,30.771859709367686,-31.412631557888822,1,1,Gaspesie-Iles-de-la-Madeleine
C006745,3,0,0.009365657277095459,27.551859709367687,-31.249996700225637,0,1,Cote-Nord
C010892,3,0,0.003496634215578928,26.564085299096696,-31.048576462354013,0,1,Cote-Nord
C004198,3,0,0.00034970419000462585,22.151859709367688,-28.46556408299074,0,0,Montreal
C010104,3,1,0.98747883010865,32.8840852990967,-29.418851655993183,1,0,Montreal
C013119,3,0,0.02749035959923556,26.55926823927736,-29.388464572184766,0,0,Montreal
C007464,3,0,0.06421542921208533,28.823719418735372,-30.94927277929486,0,1,Gaspesie-Iles-de-la-Madeleine
C007913,3,1,0.9997615670354323,36.17185970936769,-29.554206397371892,1,0,Montreal
C003367,3,0,0.0063725249433867395,26.01926823927736,-30.025289202287695,0,1,Gaspesie-Iles-de-la-Madeleine
C004765,3,1,0.6142790973354886,29.951493829006367,-29.582310283938746,1,0,Montreal
C009190,3,0,0.8550056559941035,30.694085299096695,-29.286317226451025,1,0,Montreal
C010179,3,0,0.3301038225761651,30.442987658012733,-31.004468621524016,1,1,Bas-Saint-Laurent
C006438,3,0,0.20052982924989055,29.901493829006366,-30.998714966630434,0,1,Gaspesie-Iles-de-la-Madeleine
C011969,3,1,0.9003608473731909,32.9440852990967,-31.197684996866187,1,1,Bas-Saint-Laurent
C006452,3,0,0.16580371298986996,29.796676769187023,-31.078497788215042,0,1,Cote-Nord
C004622,3,1,0.9205969923452206,31.574085299096694,-29.62994070656556,1,0,Montreal
C006768,3,0,0.007137530920422156,27.508902358916032,-31.42436689071516,0,1,Bas-Saint-Laurent
C000551,3,1,0.8361215496030272,31.369268239277357,-30.07635200162728,1,0,Montreal
C001374,3,0,0.24631894023293918,29.158902358916038,-30.046162519942385,0,0,Montreal
C008935,3,0,0.19124976243780475,28.251493829006364,-29.395463318594913,0,0,Montreal
C007983,3,1,0.0652778349526817,28.423719418735374,-30.535353095262742,0,0,Montreal
C002881,3,0,0.3116434946988045,29.62926823927736,-30.257972691518987,0,0,Montreal
C006896,3,0,0.3528182028543132,31.450762068283723,-31.932079874411517,1,1,Bas-Saint-Laurent
C003768,3,0,0.2691936719518816,28.386310888825705,-29.178664293897906,0,0,Montreal
C001507,3,0,4.518945533144087e-06,20.389268239277357,-30.15346537466946,0,1,Cote-Nord
C003350,3,1,0.18040174259145,28.064085299096696,-29.264953859694085,0,0,Capitale-Nationale
C012173,3,1,0.9505826134765653,33.60521324774174,-31.25939552264296,1,1,Bas-Saint-Laurent
C005682,3,1,0.295870757298544,30.393719418735373,-31.08160316136943,1,1,Bas-Saint-Laurent
C005451,3,1,0.9655901616816182,30.491859709367688,-27.84644589788867,1,0,Capitale-Nationale
C011957,3,0,0.1485470554534089,28.342225589729008,-29.727485019464268,0,0,Capitale-Nationale
C009181,3,0,0.009668505205471828,27.246676769187026,-30.919322784381922,0,1,Gaspesie-Iles-de-la-Madeleine
C004235,3,1,0.5619497489905056,31.383353538374053,-31.185741645312234,1,1,Cote-Nord
C007688,3,1,0.995521747578189,33.093719418735375,-28.806315557147784,1,0,Montreal
C013331,3,0,0.04827411526299561,25.601493829006365,-27.966835460680493,0,0,Montreal
C004675,3,0,0.003129297915231232,25.331859709367688,-29.904701252411083,0,0,Montreal
C011439,3,0,0.0035048486425110184,26.324085299096694,-30.806708290732306,0,1,Gaspesie-Iles-de-la-Madeleine
C006642,3,1,0.8576886465189787,31.664085299096694,-30.239013397377132,1,0,Montreal
C008667,3,1,0.7033716777960167,32.396676769187025,-31.71167586274483,1,1,Bas-Saint-Laurent
C010458,3,1,0.6040056353099367,30.331493829006366,-29.996545650826995,1,1,Bas-Saint-Laurent
C007184,3,1,0.9430422966170464,31.136676769187023,-28.909841342922817,1,0,Montreal
C007134,3,0,0.02974213231629714,26.408536478554712,-29.173432184828997,0,0,Capitale-Nationale
C001898,3,0,0.4530015550074932,29.901859709367688,-30.051450127724422,0,0,Montreal
C001661,3,0,0.06141366719503184,27.801859709367687,-29.965178053007023,0,0,Montreal
C002949,3,0,0.01822587730387158,25.979268239277356,-29.142056639415955,0,0,Capitale-Nationale
C002758,3,0,0.0035747724007060026,27.371859709367687,-31.83875464011333,0,1,Gaspesie-Iles-de-la-Madeleine
C010414,3,0,0.19936442967429405,28.324085299096694,-29.42708630989013,0,0,Montreal
C011468,3,0,0.19190145312518997,28.833719418735374,-29.97435050693384,0,1,Bas-Saint-Laurent
C012987,3,1,0.9622131143203088,31.876310888825703,-29.307951730237363,1,0,Montreal
C007372,3,1,0.8039471236052429,29.69926823927736,-28.579703483142577,0,0,Capitale-Nationale
C005026,3,0,0.06904318241014876,29.736676769187024,-31.80061612491668,0,1,Cote-Nord
C000807,3,0,0.2636925372030964,28.279268239277357,-29.093952335707662,0,0,Montreal
C008514,3,0,7.236387906047217e-05,22.958902358916035,-30.522687885011592,0,1,Gaspesie-Iles-de-la-Madeleine
C007707,3,0,0.16035140940205456,28.358902358916033,-29.67241985814127,0,0,Montreal
C005078,3,0,1.0879495842573754e-05,22.303719418735373,-31.37085478570218,0,1,Bas-Saint-Laurent
C004252,3,0,0.004380433458419778,27.21926823927736,-31.524271812442866,0,1,Bas-Saint-Laurent
C012951,3,1,0.9998794159921633,36.13445117945802,-28.975830401824055,1,0,Capitale-Nationale
C009221,3,0,3.0607185931508525e-05,22.6863108888257,-30.932803424166153,0,1,Bas-Saint-Laurent
C001239,3,0,0.18361825467448278,29.811127948645044,-30.994855846547523,0,1,Cote-Nord
C001072,3,0,0.24399028638234732,28.189268239277357,-29.08651196704692,0,0,Montreal
C011646,3,0,0.029835333526338333,26.451859709367685,-29.21419694837208,0,0,Capitale-Nationale
C006441,3,1,0.9642730597190131,31.691493829006365,-29.07696395258933,1,0,Capitale-Nationale
C009084,3,1,0.3314081361972896,28.986676769187024,-29.543482894721937,0,0,Montreal
C006883,3,1,0.9334099628156272,30.80926823927736,-28.714539123314033,1,0,Montreal
C010313,3,1,0.6839729943374309,31.956310888825705,-31.343756476321097,1,1,Gaspesie-Iles-de-la-Madeleine
C005325,3,1,0.9792281959639629,31.936676769187024,-28.87968489477113,1,0,Montreal
C013707,3,0,0.0748383066642829,28.458536478554713,-30.453577830207664,0,1,Bas-Saint-Laurent
C006333,3,1,0.8389765508037716,31.18890235891603,-29.87933821828962,1,0,Montreal
C012564,3,0,0.3323159860668571,29.511493829006366,-30.06505157463936,0,0,Montreal
C005536,3,0,0.0015961222501652812,24.657042649548348,-29.765225852467736,0,0,Montreal
C007997,3,0,0.00822193326395048,25.374085299096695,-29.17646966474292,0,0,Capitale-Nationale
C001042,3,0,0.0009556126760025003,26.126310888825703,-31.641986108357404,0,1,Cote-Nord
C000731,3,0,0.07586704586339527,29.016676769187026,-31.000003909741935,0,1,Gaspesie-Iles-de-la-Madeleine
C010871,3,0,0.0025407027207903425,24.608902358916033,-29.347525303608222,0,0,Capitale-Nationale
C002701,3,0,0.08164483071440719,28.779268239277357,-30.69938923008471,0,1,Cote-Nord
C002754,3,0,0.001092974273604401,25.363353538374053,-30.772365762539472,0,1,Bas-Saint-Laurent
C009609,3,1,0.7653227958438641,30.508902358916032,-29.571069041943648,1,0,Capitale-Nationale
C007108,3,1,0.9841008860347796,34.24149382900636,-30.968469556046216,1,1,Gaspesie-Iles-de-la-Madeleine
C007761,3,0,0.13762580679293823,27.771493829006367,-29.22744924724542,0,0,Montreal
C003128,3,0,0.010391758630641281,26.556676769187025,-30.17150990629588,0,0,Capitale-Nationale
C008958,3,1,0.9507580314411085,31.523719418735375,-29.174934044148298,1,0,Capitale-Nationale
C013951,3,1,0.9048752881624925,31.101127948645043,-29.313973840292352,1,0,Montreal
C004103,3,0,0.011101755043202087,26.869268239277357,-30.431097954762702,0,0,Montreal
C010117,3,0,0.5494170764792898,31.58076206828372,-31.423424125418556,1,1,Cote-Nord
C011296,3,1,0.3990087305728816,30.448902358916037,-30.773864822814684,1,1,Cote-Nord
C007843,3,0,0.1698494390600046,30.321493829006364,-31.580331364199775,1,1,Gaspesie-Iles-de-la-Madeleine
C000178,3,1,0.0622688050125246,26.064451179458015,-28.216075487248585,0,0,Montreal
C011554,3,0,5.717653265820291e-05,23.659268239277356,-31.40995523741967,0,1,Gaspesie-Iles-de-la-Madeleine
C000494,3,0,0.053869852834264466,27.294085299096697,-29.56773512176368,0,1,Gaspesie-Iles-de-la-Madeleine
C010303,3,0,0.43245095637830916,28.981859709367686,-29.19754415136206,0,0,Capitale-Nationale
C007663,3,1,0.3867988680737554,28.124451179458017,-28.490027133988395,0,0,Montreal
C013122,3,1,0.614166383631016,29.401493829006366,-29.032687674058828,0,0,Montreal
C011061,3,1,0.9369996384600048,31.888902358916035,-29.74716371217096,1,0,Capitale-Nationale
C002959,3,1,0.5129700230494563,31.560762068283722,-31.51959267250137,1,1,Cote-Nord
C007780,3,1,0.902765149223409,31.018902358916037,-29.251007408477594,1,0,Montreal
C013891,3,0,0.3922696752792678,31.841493829006364,-32.18881711972501,1,1,Bas-Saint-Laurent
C001400,3,1,0.9990465913028708,34.02667676918703,-28.509167893600377,1,0,Montreal
C010901,3,1,0.6480868605695463,29.684451179458016,-29.19998684202609,0,0,Montreal
C004353,3,0,0.011644632511567856,26.476310888825704,-29.999827719506776,0,0,Montreal
C007328,3,1,0.6446563667938896,30.57853647855471,-30.105979244334826,1,1,Gaspesie-Iles-de-la-Madeleine
C012735,3,0,0.003180502504384653,27.461127948645043,-32.02105190455994,0,1,Bas-Saint-Laurent
C010858,3,0,0.000354872790380283,23.054451179458017,-29.356511300230967,0,0,Capitale-Nationale
C008079,3,0,0.008145531632553483,25.946310888825703,-29.756163170505694,0,0,Montreal
C009313,3,0,0.575570807490446,30.993719418735374,-30.752045074968812,1,1,Cote-Nord
C006678,3,1,0.746703664969217,29.279268239277357,-28.421548264347503,0,0,Montreal
C011078,3,0,0.02069994240933197,26.781493829006365,-29.841293409296377,0,0,Montreal
C002239,3,0,0.00041111765653652926,25.391493829006365,-31.576788526854223,0,1,Cote-Nord
C013907,3,1,0.38398432528348075,30.316310888825704,-30.691314090989724,1,1,Cote-Nord
C003035,3,0,0.01820088376715115,27.223719418735374,-30.387616729199355,0,1,Cote-Nord
C001179,3,1,0.9595629809734219,32.0240852990967,-29.51169178453334,1,0,Montreal
C006587,3,0,0.0008739596300883172,24.124451179458017,-29.711053942570903,0,0,Montreal
C006204,3,1,0.45103108940595926,31.216310888825703,-31.37221268270724,1,1,Gaspesie-Iles-de-la-Madeleine
C011121,3,1,0.9922080374022655,33.079268239277354,-29.233925971088134,1,0,Montreal
C010316,3,1,0.9725846652684754,31.756310888825702,-28.924885177680316,1,0,Montreal
C010532,3,0,0.04151037253004761,27.471127948645044,-29.961849050738273,0,0,Montreal
C004281,3,0,0.0021653827235238593,24.781493829006365,-29.64723050389218,0,0,Montreal
C011752,3,0,0.4745446890883593,31.374085299096695,-31.45493722128192,1,1,Gaspesie-Iles-de-la-Madeleine
C010008,3,0,0.1785526555707435,28.261493829006366,-29.472324168846814,0,0,Capitale-Nationale
C007750,3,0,0.10249077552768794,28.519634119638678,-30.241130633573825,0,0,Montreal
C001537,3,1,0.9913344091734881,33.361859709367685,-29.601525727859503,1,0,Montreal
C000130,3,0,0.007433535926256988,27.529268239277357,-31.41225778433296,0,1,Cote-Nord
C012088,3,0,0.00015524351308651203,24.966310888825703,-31.92446036049847,0,1,Bas-Saint-Laurent
C012797,3,0,0.12656045870530608,28.5263108888257,-30.05888053001083,0,1,Gaspesie-Iles-de-la-Madeleine
C004429,3,0,0.25789496389887795,29.403719418735374,-30.242263686412013,0,0,Montreal
C009793,3,1,0.8152827061564043,31.426676769187026,-30.24875218507572,1,0,Capitale-Nationale
C001790,3,0,0.031079304485882767,27.919268239277358,-30.64817931739027,0,0,Montreal
C009678,3,1,0.9993699478052247,34.391493829006365,-28.545081416780732,1,0,Montreal
C000348,3,0,0.03721296242015477,27.516676769187026,-30.09765150541084,0,0,Montreal
C012547,3,0,0.00010662274492051669,24.546676769187023,-31.80293277751679,0,1,Gaspesie-Iles-de-la-Madeleine
C012566,3,1,0.9721935680164905,31.088902358916037,-28.2690337179405,1,0,Montreal
C008734,3,1,0.996482362692091,34.1563108888257,-29.676587701773453,1,0,Montreal
C010088,3,1,0.8172937890389895,32.3903961879224,-31.201831903832677,1,1,Bas-Saint-Laurent
C011664,3,1,0.9824509717647406,32.55185970936768,-29.358500334093954,1,0,Capitale-Nationale
C001205,3,0,0.2878395307805664,28.259268239277358,-28.977983116041685,0,0,Capitale-Nationale
C001217,3,0,0.08150194357453426,27.884085299096697,-29.80571942116996,0,0,Montreal
C005943,3,1,0.8761323652041422,31.284451179458017,-29.73237662139563,1,0,Capitale-Nationale
C008495,3,1,0.12978024292179116,28.94594500846438,-30.455653195474316,0,1,Bas-Saint-Laurent
C006042,3,1,0.913386841558514,30.774451179458016,-28.905500997141726,1,0,Montreal
C006831,3,1,0.9601387837816084,33.44371941873537,-30.919471561801565,1,1,Gaspesie-Iles-de-la-Madeleine
C006332,3,0,0.006459992765152269,25.791127948645045,-29.786263497516792,0,0,Montreal
C011610,3,0,0.5184318451327989,29.554451179458017,-29.49593149700309,0,0,Montreal
C013169,3,0,0.007161587695256521,28.253719418735372,-32.16649519684437,0,1,Gaspesie-Iles-de-la-Madeleine
C011669,3,1,0.9827231020388272,30.724085299096696,-27.518107121123798,1,0,Montreal
C006573,3,0,0.059651529748894774,28.274085299096694,-30.461988850706824,0,1,Gaspesie-Iles-de-la-Madeleine
C008537,3,1,0.9922460415889149,32.994085299096696,-29.144833622008893,1,0,Montreal
C008350,3,1,0.5969372515435079,30.4363108888257,-30.124738433913794,1,0,Montreal
C007047,3,1,0.9835520638790157,33.9640852990967,-30.718427936175694,1,0,Capitale-Nationale
C001461,3,0,0.24939001826567636,27.38963411963868,-28.263824363043963,0,0,Capitale-Nationale
C006561,3,0,0.008305224495679843,27.04076206828372,-30.83508309701583,0,1,Gaspesie-Iles-de-la-Madeleine
C005883,3,0,0.7614277569975932,33.093719418735375,-32.17299403740738,1,1,Bas-Saint-Laurent
C005466,3,0,0.1207175195158152,28.804085299096695,-30.37944473852271,0,0,Montreal
C004593,3,1,0.9286550235434471,31.173719418735374,-29.137762542390966,1,0,Montreal
C011224,3,1,0.9459485972995458,32.2240852990967,-29.953257017858185,1,0,Montreal
C007910,3,0,0.7428295988456461,31.931859709367686,-31.09030906881989,1,1,Cote-Nord
C003474,3,1,0.8363179741019481,30.544451179458015,-29.250397078513338,1,0,Montreal
C007141,3,0,0.00014759900516975942,24.52853647855471,-31.52675389040871,0,1,Gaspesie-Iles-de-la-Madeleine
C008234,3,0,0.018634976225772447,27.414085299096694,-30.55893191312419,0,1,Gaspesie-Iles-de-la-Madeleine
C002859,3,1,0.8751109547977046,32.80112794864504,-31.25649415380127,1,1,Gaspesie-Iles-de-la-Madeleine
C013023,3,1,0.7834421251067764,30.063719418735374,-29.043571775097554,1,0,Montreal
C006323,3,1,0.9757078227682151,31.711127948645043,-28.781201902496548,1,0,Montreal
C009155,3,0,0.22391248176662754,28.556676769187025,-29.542844861971805,0,0,Montreal
C009303,3,0,0.00037205948597400274,24.693719418735373,-30.958243924623872,0,1,Cote-Nord
C000499,3,0,0.10397456215229471,29.04890235891603,-30.757682667032455,0,0,Montreal
C001669,3,1,0.9693913087961656,32.64185970936769,-29.900458002299033,1,0,Montreal
C007048,3,0,0.00476563651453863,25.31185970936769,-29.549688243992065,0,0,Montreal
C003502,3,0,0.523797332960964,30.396310888825703,-30.320733332619728,1,0,Capitale-Nationale
C001957,3,1,0.03288749275327025,29.37335353837405,-32.05591730304547,0,1,Cote-Nord
C003178,3,1,0.11160305822471163,30.23594500846438,-31.881769478599857,1,1,Bas-Saint-Laurent
C005532,3,0,0.1823699692185729,28.04704264954835,-29.237394684584437,0,0,Capitale-Nationale
C006346,3,0,0.031599578815740874,26.768902358916037,-29.484216048571984,0,0,Capitale-Nationale
C002360,3,0,0.40388023944038065,29.761859709367688,-30.070737433738252,0,0,Montreal
C007567,3,0,0.06047325963243067,26.981127948645046,-29.157483411938,0,0,Montreal
C007218,3,0,0.08412473986758207,27.324451179458016,-29.21868747182244,0,0,Montreal
C009627,3,0,0.25743197753596464,30.67557912810306,-31.516043792344476,1,1,Bas-Saint-Laurent
C007737,3,1,0.9811226027457959,32.6340852990967,-29.499689040404355,1,0,Montreal
C009555,3,0,0.19765854165818142,27.536676769187025,-28.648184185162975,0,0,Montreal
C002138,3,0,0.0036100229706054286,28.123719418735373,-32.582801229566165,0,1,Gaspesie-Iles-de-la-Madeleine
C001413,3,1,0.7134243383962398,29.841859709367686,-29.118246819021728,0,0,Montreal
C003072,3,0,0.024476590686152027,26.224451179458015,-29.148227150684523,0,0,Montreal
C012226,3,0,0.012370265941280708,25.932225589729008,-29.40720018134918,0,0,Montreal
C000963,3,0,0.007988048155531072,25.704451179458015,-29.529918454954483,0,0,Montreal
C005666,3,1,0.2845650724423785,30.056310888825703,-30.78774236875162,1,1,Cote-Nord
C009928,3,0,9.208669631481761e-05,23.09853647855471,-30.471085527438007,0,1,Gaspesie-Iles-de-la-Madeleine
C010743,3,1,0.5839887187721277,30.206310888825705,-29.937223816196525,1,0,Capitale-Nationale
C003193,3,0,0.2118224971714499,29.64594500846438,-30.688414395343198,0,1,Cote-Nord
C007819,3,0,0.0030055975815103785,26.631127948645045,-31.236066379318917,0,1,Gaspesie-Iles-de-la-Madeleine
C013299,3,0,0.02670212059405919,28.158902358916038,-31.011822539319855,0,1,Cote-Nord
C002481,3,0,0.003462408983292885,27.011493829006366,-31.503816050334414,0,1,Cote-Nord
C012862,3,0,5.408757463859954e-05,23.193719418735373,-30.988471947006964,0,1,Cote-Nord
C006900,3,1,0.9297211611366207,31.174085299096696,-29.125272973179303,1,0,Capitale-Nationale
C008691,3,0,0.0003430810263455363,22.646676769187025,-28.975556428492926,0,0,Montreal
C010603,3,1,0.998125536907288,34.2263108888257,-29.24587945482618,1,0,Montreal
C008359,3,0,0.0001849390431572822,24.694085299096695,-31.51334642152702,0,1,Gaspesie-Iles-de-la-Madeleine
C006630,3,0,0.05155326692023619,27.756310888825702,-30.06677385156998,0,0,Capitale-Nationale
C013125,3,0,0.001446016266044896,24.154085299096696,-29.340744837699027,0,0,Montreal
C011835,3,0,0.00011451024035303529,23.819268239277356,-31.01889716577312,0,1,Bas-Saint-Laurent
C011712,3,0,0.0009083266775497006,25.356310888825703,-30.91228611721836,0,1,Gaspesie-Iles-de-la-Madeleine
C000624,3,1,0.7430274091638222,30.376676769187025,-29.53430440775039,1,0,Montreal
C013078,3,0,0.28444485670140923,30.765213247741737,-31.497113261745632,1,1,Gaspesie-Iles-de-la-Madeleine
C013046,3,0,0.012806661705757737,27.76817059819339,-31.215288541571404,0,1,Cote-Nord
C003691,3,1,0.9397024013597582,32.1240852990967,-29.945273600129624,1,0,Capitale-Nationale
C001865,3,1,0.29760974330707624,29.011859709367688,-29.69313223941347,0,0,Montreal
C001706,3,1,0.9792250382784442,32.27853647855471,-29.221667759906566,1,0,Montreal
C003262,3,1,0.9251472152339187,32.40076206828372,-30.405886601868335,1,1,Cote-Nord
C008722,3,1,0.708015654419541,29.894085299096695,-29.191344240818957,0,0,Montreal
C011381,3,1,0.9230456104542961,30.761859709367688,-28.790756665042142,1,0,Montreal
C010876,3,0,0.0007832234566565048,25.886310888825705,-31.559951967764455,0,1,Gaspesie-Iles-de-la-Madeleine
C003860,3,1,0.5467431042562948,30.026676769187024,-29.877903854372118,1,0,Capitale-Nationale
C002873,3,1,0.4997993886112472,29.504451179458016,-29.50508781651524,0,0,Capitale-Nationale
C005656,3,0,0.001963068182621544,26.80594500846438,-31.749663076097775,0,1,Cote-Nord
C005266,3,0,0.023158162936197938,26.911859709367686,-29.880636036236123,0,0,Montreal
C009249,3,1,0.7064895750601657,29.35926823927736,-28.662374901303657,0,0,Montreal
C002065,3,0,0.04429111127847542,26.592225589729008,-29.029198936486768,0,0,Capitale-Nationale
C009135,3,1,0.9984811285241485,36.61557912810306,-31.467975814962244,1,1,Bas-Saint-Laurent
C008241,3,1,0.46482008011307796,29.03926823927736,-29.151095929351314,0,0,Montreal
C004574,3,0,0.0028480529905714536,24.119268239277357,-28.76704776559602,0,0,Capitale-Nationale
C003303,3,1,0.9522800616033849,32.63149382900637,-30.25652994678308,1,0,Capitale-Nationale
C004734,3,0,0.870164278244136,30.794451179458015,-29.285132653637525,1,0,Capitale-Nationale
C008349,3,1,0.35769356377762396,28.911493829006364,-29.375924361113753,0,0,Montreal
C003708,3,1,0.4398416925400295,30.703353538374053,-30.89519426364784,1,1,Gaspesie-Iles-de-la-Madeleine
C011861,3,1,0.994544340496439,34.07594500846438,-29.94594826055463,1,1,Gaspesie-Iles-de-la-Madeleine
C003558,3,0,0.0013634511367429608,26.406310888825704,-31.639680912284767,0,1,Gaspesie-Iles-de-la-Madeleine
C000486,3,0,0.34448246043585234,31.766310888825704,-32.27675141026701,1,1,Cote-Nord
C002844,3,0,0.32254489025352756,30.67298765801273,-31.261749038615246,1,1,Cote-Nord
C004358,3,1,0.9889165576585662,32.308902358916036,-28.74574818019733,1,0,Montreal
C002186,3,1,0.8384650323965682,30.171493829006366,-28.86492983235769,1,0,Montreal
C011962,3,0,0.006410359415382976,24.43704264954835,-28.438336988457408,0,0,Capitale-Nationale
C004626,3,0,0.2075883496100604,28.579268239277358,-29.64200770879304,0,0,Montreal
C000408,3,0,0.002301600621642927,25.421859709367688,-30.23908634770505,0,0,Capitale-Nationale
C009179,3,1,0.9435459149848142,32.216676769187025,-29.982371607045884,1,0,Capitale-Nationale
C013902,3,0,0.07758689071049676,28.281493829006365,-30.24555884461821,0,0,Capitale-Nationale
C003759,3,1,0.9873940819304999,31.791493829006367,-28.331680032451764,1,0,Montreal
C012457,3,1,0.680033908894216,28.726676769187023,-28.12853245384813,0,0,Montreal
C006251,3,1,0.9208458850511743,31.28926823927736,-29.342418412993425,1,0,Montreal
C010759,3,0,0.16201149457670783,27.4363108888257,-28.74008686548541,0,0,Montreal
C003341,3,0,0.012189685097465439,28.845945008464383,-32.332731625266334,0,1,Bas-Saint-Laurent
C009474,3,1,0.9043627976778394,31.544085299096697,-29.761643520420282,1,0,Montreal
C009690,3,1,0.8894667388291984,32.37149382900636,-30.717072839125358,1,1,Bas-Saint-Laurent
C007255,3,1,0.5748051757608494,31.626310888825703,-31.387122479883796,1,1,Gaspesie-Iles-de-la-Madeleine
C012840,3,0,0.002371559541531937,23.891493829006365,-28.684908950436927,0,0,Capitale-Nationale
C009229,3,1,0.9883248044517268,32.21890235891603,-28.697489652116346,1,0,Montreal
C013434,3,0,0.08157912872523954,27.661493829006364,-29.582310283938746,0,0,Montreal
C002476,3,0,0.049084437396896066,29.779268239277357,-32.13072721732942,0,1,Cote-Nord
C007813,3,0,0.0005790989828983356,25.408902358916038,-31.32225959837198,0,1,Gaspesie-Iles-de-la-Madeleine
C006056,3,0,0.7297917849087295,30.351859709367687,-29.563592922085213,1,0,Capitale-Nationale
C002992,3,0,0.32538535477964925,29.344085299096694,-29.922557034183423,0,0,Montreal
C007850,3,0,0.0005234794500192892,25.85704264954835,-31.850555186205092,0,1,Cote-Nord
C006010,3,0,0.18764356067708013,28.233353538374054,-29.39595541713377,0,1,Bas-Saint-Laurent
C008815,3,0,0.01893281432708455,27.633719418735375,-30.765745231377103,0,1,Cote-Nord
C013347,3,1,0.2355007061591434,28.864085299096693,-29.79828534193513,0,0,Montreal
C007435,3,1,0.8054110778260781,30.433719418735375,-29.306764839643684,1,0,Capitale-Nationale
C001304,3,0,0.0397987785280083,26.61963411963868,-29.145177260029957,0,0,Montreal
C007768,3,0,0.3951607359580909,29.72963411963868,-30.067348455232494,0,0,Montreal
C007777,3,0,0.11660719705776403,29.337042649548348,-30.94358633762357,0,1,Cote-Nord
C003041,3,0,0.040427695340715254,28.656310888825704,-31.168895063259594,0,1,Gaspesie-Iles-de-la-Madeleine
C009358,3,0,0.0017154348366202768,24.119268239277357,-29.170162905348146,0,0,Montreal
C011125,3,0,0.010964862477344007,28.03557912810306,-31.60736230764608,0,1,Gaspesie-Iles-de-la-Madeleine
C004780,3,0,0.07392533474773047,27.11963411963868,-29.125196061464205,0,0,Montreal
C002995,3,0,0.007515155753762789,26.621859709367687,-30.496120317774732,0,0,Montreal
C009339,3,0,0.00029222171642386983,25.223719418735374,-31.6799388554199,0,1,Bas-Saint-Laurent
C010397,3,1,0.9963903957525333,35.88817059819339,-31.428996426270977,1,1,Gaspesie-Iles-de-la-Madeleine
C009731,3,0,0.008961036089711003,28.20704264954835,-31.94054179249229,0,1,Cote-Nord
C004046,3,0,0.2112035956905093,27.841859709367686,-28.887273290183316,0,0,Montreal
C003312,3,0,0.0010931976520674332,25.504451179458016,-30.91330109623912,0,1,Gaspesie-Iles-de-la-Madeleine
C007661,3,0,0.3233502248818327,28.754451179458016,-29.34029043671247,0,0,Montreal
C003364,3,0,0.20013362329832074,30.451859709367685,-31.55104302238828,1,1,Bas-Saint-Laurent
C010323,3,0,0.48680351511429104,29.186676769187024,-29.228565330387685,0,0,Capitale-Nationale
C000020,3,0,0.15113569133772142,29.221127948645044,-30.590265159793987,0,1,Gaspesie-Iles-de-la-Madeleine
C009306,3,1,0.7500106662795373,32.07076206828372,-31.199109818034646,1,1,Cote-Nord
C002928,3,0,0.02410604205913687,26.634085299096697,-29.570265177870965,0,0,Capitale-Nationale
C005462,3,0,0.009642249405284168,26.444085299096695,-30.11890975749631,0,0,Capitale-Nationale
C000756,3,0,0.0044095871684054185,26.01926823927736,-30.318985841554788,0,0,Capitale-Nationale
C006209,3,1,0.9985023240155719,34.571493829006364,-29.412724395511905,1,0,Montreal
C005149,3,0,0.08587444475374657,29.086310888825704,-30.962698051971632,0,1,Cote-Nord
C003241,3,0,2.671565859293011e-06,20.441493829006365,-30.622699259567966,0,1,Gaspesie-Iles-de-la-Madeleine
C001451,3,0,0.4060235386926991,28.998902358916034,-29.300723338498955,0,0,Montreal
C005957,3,0,0.029181001699547567,27.053719418735373,-29.83418497553215,0,0,Montreal
C013562,3,0,0.12782068923012688,27.504451179458016,-29.02801434112386,0,0,Montreal
C006996,3,1,0.6022891892840361,30.869268239277357,-30.54000930176931,1,1,Gaspesie-Iles-de-la-Madeleine
C000907,3,1,0.8296813595434555,31.163719418735372,-29.907519053761757,1,0,Montreal
C008249,3,0,0.025138622679256827,27.351493829006365,-30.253557528899588,0,1,Bas-Saint-Laurent
C008151,3,0,0.00426787365600859,25.111859709367685,-29.437605967708862,0,0,Montreal
C008584,3,0,0.000818614116040431,25.734085299096694,-31.372635431235828,0,1,Gaspesie-Iles-de-la-Madeleine
C001450,3,0,0.4050335155248501,31.953719418735375,-32.25879853585183,1,1,Cote-Nord
C003318,3,0,0.13580904215138634,27.151127948645044,-28.619295841658868,0,0,Capitale-Nationale
C010251,3,0,0.00603300135720211,27.119268239277357,-31.168998223365485,0,1,Cote-Nord
C005894,3,0,0.02178640687850676,27.831493829006366,-30.849827585017007,0,0,Montreal
C012107,3,0,0.00590744836775531,25.752225589729008,-29.81874087746035,0,0,Capitale-Nationale
C010483,3,0,0.04425910507267669,28.11076206828372,-30.54833550726451,0,1,Gaspesie-Iles-de-la-Madeleine
C013898,3,0,0.0029325499594039374,26.591493829006364,-31.21601054364933,0,1,Gaspesie-Iles-de-la-Madeleine
C001940,3,1,0.9680970646123279,31.88185970936769,-29.174374636876376,1,0,Capitale-Nationale
C012200,3,0,0.027353843527642963,29.073353538374054,-31.906610897927056,0,1,Gaspesie-Iles-de-la-Madeleine
C011374,3,0,0.0022409415691388526,26.781493829006365,-31.619958595809724,0,1,Cote-Nord
C012478,3,0,1.5498139226443555e-05,22.914085299096694,-31.700490560069298,0,1,Bas-Saint-Laurent
C004676,3,0,0.01167575503214469,26.943719418735373,-30.46509365840858,0,1,Cote-Nord
C007530,3,1,0.9205614720982985,33.61335353837405,-31.66959438607465,1,1,Cote-Nord
C003415,3,1,0.9614235437054516,33.32112794864504,-30.769827029240428,1,1,Bas-Saint-Laurent
C010644,3,0,0.060976368695707654,27.50853647855471,-29.677893816021076,0,1,Bas-Saint-Laurent
C004586,3,0,0.274465624506054,28.616676769187023,-29.387898766919722,0,0,Capitale-Nationale
C002861,3,0,0.08105758241032221,27.191493829006365,-29.117849099941484,0,0,Capitale-Nationale
C001019,3,0,0.7534201143280048,30.53926823927736,-29.65312284975046,1,0,Montreal
C005015,3,0,0.002674792155698242,24.48704264954835,-29.184755090731713,0,0,Montreal
C004351,3,0,0.014621115993132705,26.884085299096697,-30.22462100049129,0,1,Cote-Nord
C007052,3,0,0.0007221249094613996,25.551127948645043,-31.28925505961586,0,1,Cote-Nord
C008237,3,1,0.9333557050820909,34.15149382900636,-32.05745700936325,1,1,Gaspesie-Iles-de-la-Madeleine
C009171,3,1,0.976842527532111,32.65890235891604,-29.690101816291747,1,0,Montreal
C002054,3,0,0.010845502214167888,24.88185970936769,-28.462422383454488,0,0,Montreal
C013701,3,0,0.009844842400056657,25.944451179458017,-29.602616538541657,0,0,Montreal
C010971,3,0,0.1023533284079808,30.238902358916036,-31.96158504130744,1,1,Bas-Saint-Laurent
C009095,3,0,0.0007984535950201835,25.721493829006366,-31.37984343391604,0,1,Bas-Saint-Laurent
C003453,3,0,0.0020591279988472076,25.014451179458018,-29.92019042200957,0,0,Montreal
C008671,3,0,0.0038861932633402056,25.004451179458016,-29.404828966283283,0,0,Montreal
C001103,3,1,0.5303980910331949,32.01149382900636,-31.91490685657209,1,1,Cote-Nord
C009226,3,1,0.994511120999402,33.38926823927736,-29.264114177691944,1,0,Montreal
C005835,3,0,0.8571080872415383,30.88704264954835,-29.46573792677583,1,0,Montreal
C010531,3,1,0.40194767127090586,29.584085299096696,-29.89933629697777,0,0,Montreal
C001716,3,0,0.3939545414874344,28.924451179458018,-29.26617151233156,0,0,Montreal
C010471,3,1,0.9998724374496092,38.75853647855472,-31.644556420970986,1,1,Gaspesie-Iles-de-la-Madeleine
C002164,3,1,0.9394928529361555,31.301493829006365,-29.125611439212438,1,0,Montreal
C005308,3,0,0.1857706519074522,29.10926823927736,-30.281655732710025,0,0,Montreal
C005955,3,1,0.9360899022144473,31.781859709367687,-29.652266210836615,1,0,Montreal
C000216,3,0,0.0072012296698897105,26.076310888825702,-29.98467550352867,0,0,Montreal
C007138,3,0,0.25280330335287216,30.794085299096697,-31.653874717546742,1,1,Bas-Saint-Laurent
C007796,3,0,8.376649298857219e-05,23.06185970936769,-30.50954553128748,0,0,Montreal
C005326,3,0,0.04856918377241245,27.261493829006366,-29.621754845231916,0,0,Montreal
C013171,3,0,0.050021570133564675,27.528902358916035,-29.86457461932083,0,0,Montreal
C002757,3,1,0.9999959297324974,38.306310888825706,-28.4591506291097,1,0,Montreal
C007306,3,0,0.08966627884249519,27.69222558972901,-29.531034614512524,0,0,Capitale-Nationale
C010515,3,1,0.9492871058211678,31.701493829006367,-29.377288855448953,1,0,Capitale-Nationale
C004052,3,0,0.5177668647488993,31.374085299096695,-31.317678690391446,1,1,Gaspesie-Iles-de-la-Madeleine
C005708,3,1,0.9834050054255666,33.746310888825704,-30.507834042337784,1,1,Cote-Nord
C006082,3,0,0.09721868956267829,27.864085299096693,-29.632126327854504,0,0,Montreal
C009811,3,0,0.20937205347510734,30.126310888825703,-31.180474559146965,1,1,Gaspesie-Iles-de-la-Madeleine
C002344,3,1,0.7878303932680957,30.581859709367688,-29.541038814331618,1,0,Capitale-Nationale
C011119,3,1,0.9974215903036194,34.06222558972901,-29.335320664219907,1,0,Capitale-Nationale
C006694,3,0,0.12383252732500302,28.613719418735375,-30.16605066218264,0,1,Bas-Saint-Laurent
C006698,3,0,7.5624133961575e-05,24.621127948645043,-32.149948458436825,0,1,Gaspesie-Iles-de-la-Madeleine
C001048,3,0,0.0007868943606912011,23.838902358916037,-29.50883074543195,0,0,Montreal
C007985,3,1,0.9934923410665786,32.98926823927736,-29.000003286714872,1,0,Capitale-Nationale
C005248,3,0,0.005966980685645355,25.588902358916037,-29.64741495344635,0,0,Montreal
C010518,3,0,0.004333618761281813,24.52853647855471,-28.842101927008482,0,0,Montreal
C004917,3,0,0.08857499987529058,28.14853647855471,-29.998010921624,0,0,Montreal
C005475,3,0,0.24567220377813964,28.75704264954835,-29.647069132163566,0,0,Montreal
C010256,3,0,3.62251511407183e-05,22.96335353837405,-31.076143654045342,0,1,Gaspesie-Iles-de-la-Madeleine
C010795,3,0,0.005557514908638548,26.313719418735374,-30.428959499610368,0,1,Gaspesie-Iles-de-la-Madeleine
C005544,3,0,0.6467515015476301,30.014085299096696,-29.534262164045977,1,0,Montreal
C011169,3,1,0.9700997679307136,31.51926823927736,-28.75870795971649,1,0,Capitale-Nationale
C012888,3,0,0.0016223866928936344,24.901859709367688,-29.99707324427105,0,0,Montreal
C007216,3,0,0.06626765879139865,27.436676769187024,-29.535530077318544,0,0,Capitale-Nationale
C010642,3,0,0.15230641486963964,28.274451179458016,-29.636371535856803,0,0,Capitale-Nationale
C001390,3,0,0.06350198320379775,28.755945008464384,-30.890966846273,0,1,Bas-Saint-Laurent
C012263,3,1,0.9996072293451163,34.2340852990967,-28.012555816458264,1,0,Capitale-Nationale
C010560,3,1,0.9441589069273524,32.86594500846439,-30.622462862806557,1,1,Bas-Saint-Laurent
C002769,3,0,0.016152613365687473,28.029268239277357,-31.28953820026875,0,1,Cote-Nord
C008023,3,1,0.8992320852785743,30.738902358916036,-29.002434487524134,1,0,Montreal
C000733,3,1,0.9875013966237343,34.43667676918703,-30.969993837743843,1,1,Gaspesie-Iles-de-la-Madeleine
C005123,3,0,0.06590911299633656,27.151859709367688,-29.25532185103915,0,0,Montreal
C010977,3,0,0.07077260758787161,29.036310888825703,-31.079147131759786,0,1,Bas-Saint-Laurent
C012512,3,0,0.020620515292891047,28.718902358916033,-31.7818163587475,0,1,Bas-Saint-Laurent
C004960,3,1,0.8716298623297942,32.39112794864504,-30.871467811686077,1,1,Bas-Saint-Laurent
C010198,3,0,4.3196019856206365e-05,23.238902358916036,-31.21205785672868,0,1,Cote-Nord
C006876,3,1,0.9038963670038741,31.221493829006366,-29.443321273870456,1,0,Montreal
C012115,3,0,0.0026347096398307286,26.510762068283718,-31.22048526195823,0,1,Gaspesie-Iles-de-la-Madeleine
C010404,3,0,0.023278960111402756,26.644451179458017,-29.609001780239826,0,0,Capitale-Nationale
C008059,3,0,0.00034443761673872504,25.75853647855471,-32.084284147253655,0,1,Gaspesie-Iles-de-la-Madeleine
C013272,3,0,0.21525883660649278,30.173719418735374,-31.199954899704856,1,1,Cote-Nord
C009213,3,0,0.08090801443585226,28.43076206828372,-30.35871174412005,0,1,Bas-Saint-Laurent
C005042,3,0,0.1666873854707729,28.996310888825704,-30.273073890526355,0,1,Gaspesie-Iles-de-la-Madeleine
C002206,3,0,0.3481735215762492,28.633719418735375,-29.131224441994707,0,0,Montreal
C008207,3,0,0.19635563395111347,28.03926823927736,-29.15730993457131,0,0,Capitale-Nationale
C010760,3,1,0.958617686664942,31.911859709367686,-29.418581289074602,1,0,Montreal
C005779,3,1,0.992778430885149,32.066676769187026,-28.16056607900151,1,0,Capitale-Nationale
C009488,3,1,0.9861173156978864,32.488902358916036,-29.106656318074155,1,0,Montreal
C005952,3,1,0.984641975432907,33.09926823927736,-29.798337180038594,1,0,Montreal
C001359,3,0,0.003469538547981808,26.681127948645045,-31.17181251624375,0,1,Cote-Nord
C002591,3,1,0.9355561051234335,31.076676769187024,-28.954134774685897,1,0,Montreal
C003716,3,0,0.006866966159746314,25.944085299096695,-29.890425432266984,0,0,Montreal
C004792,3,1,0.4044780829145659,31.133719418735375,-31.44062756021324,1,1,Bas-Saint-Laurent
C010330,3,1,0.9725486681244283,31.264085299096696,-28.433729988840433,1,0,Montreal
C013975,3,1,0.4112716358330227,28.806676769187025,-29.091267658095514,0,0,Capitale-Nationale
C000341,3,1,0.9243119992376707,32.251493829006364,-30.26613843598981,1,1,Gaspesie-Iles-de-la-Madeleine
C001887,3,0,0.0896037996363484,28.506310888825702,-30.345727374730572,0,0,Montreal
C010769,3,1,0.999877564900826,37.62631088882571,-30.47977812399232,1,1,Gaspesie-Iles-de-la-Madeleine
C010321,3,0,0.1332079274696067,27.806676769187025,-29.29257165541694,0,0,Capitale-Nationale
C006080,3,1,0.9928830825272494,33.474451179458015,-29.556675576977728,1,0,Capitale-Nationale
C010972,3,0,0.15517590449278956,30.086310888825704,-31.430732845367704,1,1,Gaspesie-Iles-de-la-Madeleine
C006052,3,0,0.02320327549350731,28.403719418735374,-31.37091510633828,0,1,Gaspesie-Iles-de-la-Madeleine
C003816,3,0,0.2777335888477517,28.267042649548348,-29.025292469322768,0,0,Montreal
C006975,3,1,0.9999941168130662,38.26890235891603,-28.71401338697956,1,0,Montreal
C002869,3,0,0.0016518764725077786,25.026676769187024,-30.10757542910692,0,1,Bas-Saint-Laurent
C012268,3,1,0.8820189771347287,31.658902358916038,-30.062886047212835,1,0,Montreal
C003221,3,1,0.9939405623321944,32.931493829006364,-28.88525386357378,1,0,Capitale-Nationale
C007517,3,0,0.05919525101819122,28.981859709367686,-31.176240008183225,0,1,Cote-Nord
C005859,3,1,0.9730975940640249,32.98667676918703,-30.139848518572393,1,0,Capitale-Nationale
C010469,3,1,0.9275679914950304,33.1240852990967,-31.101054501985068,1,1,Gaspesie-Iles-de-la-Madeleine
C009418,3,0,0.0025897731794735507,26.50853647855471,-31.231943528821333,0,1,Bas-Saint-Laurent
C013433,3,1,0.9906442007224903,33.90149382900636,-30.202513425768878,1,0,Montreal
C002610,3,0,0.10434301246228572,29.271127948645045,-30.976775485436246,0,1,Bas-Saint-Laurent
C002296,3,1,0.9968973558132864,33.841127948645045,-29.261478729686402,1,0,Capitale-Nationale
C012574,3,1,0.9696511307963607,32.228536478554716,-29.480158877271275,1,0,Capitale-Nationale
C001063,3,0,0.2927831699054048,30.001127948645046,-30.70080579696788,1,1,Bas-Saint-Laurent
C009638,3,0,0.011886634854636327,28.351493829006365,-31.85849728851501,0,1,Gaspesie-Iles-de-la-Madeleine
C007834,3,0,0.00178600490403268,24.554085299096695,-29.572939420297367,0,0,Montreal
C000848,3,0,0.13898367408290657,28.001493829006364,-29.448409716406218,0,0,Montreal
C003036,3,0,0.5674879330773507,29.591859709367686,-29.37637280276025,0,0,Capitale-Nationale
C011221,3,0,0.006837038351579916,25.371859709367687,-29.321688998993064,0,0,Montreal
C007774,3,1,0.31443868525895224,28.69704264954835,-29.315434748139932,0,0,Montreal
C000034,3,0,0.8802642165125628,32.01149382900636,-30.428770595760422,1,1,Gaspesie-Iles-de-la-Madeleine
C009674,3,1,0.9960139365072093,33.004085299096694,-28.62391810866128,1,0,Montreal
C011023,3,0,0.7061362328503793,29.866676769187023,-29.171134849745272,0,0,Montreal
C009186,3,0,0.7975519149386564,30.85926823927736,-29.77150627803742,1,0,Capitale-Nationale
C009167,3,0,0.00040563947236182696,25.721127948645044,-31.917069809642957,0,1,Gaspesie-Iles-de-la-Madeleine
C004542,3,0,0.6324531994809418,29.85926823927736,-29.42866171941702,0,0,Montreal
C001844,3,1,0.9004058438849456,30.81185970936769,-29.06506139550546,1,0,Montreal
C012340,3,0,0.03536295319521234,27.026676769187024,-29.649630407645677,0,0,Montreal
C004941,3,0,0.0031740992643626725,27.0263108888257,-31.587838828551742,0,1,Bas-Saint-Laurent
C000336,3,1,0.9402631689282476,32.8663108888257,-30.67961301437417,1,1,Cote-Nord
C007271,3,1,0.856762313827667,31.791127948645045,-30.372060850956526,1,1,Gaspesie-Iles-de-la-Madeleine
C009407,3,0,0.02130074064671574,27.271859709367686,-30.30847333033853,0,0,Capitale-Nationale
C013776,3,1,0.6807615285251828,30.644451179458017,-30.043652208774045,1,0,Capitale-Nationale
C006420,3,1,0.5989168735875913,31.47890235891603,-31.160797000737773,1,1,Cote-Nord
C001869,3,0,0.007121886534567288,26.19926823927736,-30.11648612949742,0,0,Montreal
C007340,3,1,0.9181723925335744,31.164085299096694,-29.24589634528351,1,0,Montreal
C011002,3,1,0.8118844608335547,31.098902358916035,-29.93875461686296,1,0,Capitale-Nationale
C007413,3,0,0.0024612591694971493,25.053719418735373,-29.81760906407615,0,0,Montreal
C006989,3,1,0.9974719216976777,34.02926823927736,-29.286683270348334,1,0,Montreal
C008351,3,0,0.07549843715711455,29.114085299096693,-31.101592906468436,0,1,Cote-Nord
C000106,3,0,0.015522614680269609,28.516676769187026,-31.809017974563087,0,1,Gaspesie-Iles-de-la-Madeleine
C013601,3,1,0.05810736956701909,25.704451179458015,-27.914464443798014,0,0,Capitale-Nationale
C002954,3,1,0.3039195826960731,29.261127948645044,-29.918596120983185,0,0,Capitale-Nationale
C012306,3,0,0.10163887128614559,27.244085299096696,-28.972956579788967,0,0,Montreal
C005237,3,1,0.6509661320549974,29.944451179458017,-29.449952042396625,1,0,Capitale-Nationale
C013794,3,0,1.8882886596686904e-06,21.354085299096695,-31.81058617851049,0,1,Gaspesie-Iles-de-la-Madeleine
C003827,3,0,0.08372543119744551,27.889268239277357,-29.7876251559793,0,0,Montreal
C006415,3,1,0.8714214481655591,31.324085299096694,-29.80590191235127,1,0,Montreal
C004580,4,0,0.08962714938448864,27.953994425288656,-29.81850291531862,0,0,Montreal
C005236,4,0,0.025683046675600875,26.257988850577316,-29.182321774426057,0,0,Montreal
C004115,4,1,0.6489493313952474,29.994391080461853,-29.500214176791964,1,0,Montreal
C013592,4,0,0.0018973942948065754,24.831983275865973,-29.8711793832968,0,0,Montreal
C006826,4,0,0.12967714790891943,28.255581045981437,-29.78680697077849,0,1,Gaspesie-Iles-de-la-Madeleine
C001202,4,0,0.00010283058620139248,23.701189965519582,-31.086468427525123,0,1,Gaspesie-Iles-de-la-Madeleine
C005377,4,1,0.7655105362967785,32.277988850577316,-31.326403955177895,1,1,Gaspesie-Iles-de-la-Madeleine
C013583,4,0,0.0013711785950067518,24.19079331034639,-29.491656404216073,0,0,Montreal
C003847,4,0,0.38266658760370426,29.051189965519583,-29.435839149805666,0,0,Capitale-Nationale
C012563,4,0,0.018707161201807498,25.81118996551958,-28.996161209429907,0,0,Capitale-Nationale
C004903,4,1,0.7543477895811588,32.01198327586597,-31.10961753222939,1,1,Cote-Nord
C002072,4,1,0.9914465699609624,33.44158662069278,-29.61891716731052,1,0,Montreal
C001156,4,1,0.33426974061153525,30.6091788160969,-31.16328537138588,1,1,Cote-Nord
C001480,4,0,0.28266384878416456,29.551586620692778,-30.300613460358413,0,1,Gaspesie-Iles-de-la-Madeleine
C012853,4,0,0.01433109406640303,26.448385505750508,-29.851259308219344,0,0,Capitale-Nationale
C012044,4,0,0.0022029805868380038,25.09838550575051,-30.017230486150115,0,0,Montreal
C009188,4,1,0.9134074701799985,32.58158662069278,-30.686697924141814,1,1,Cote-Nord
C002421,4,1,0.9551480245844921,32.00838550575051,-29.548456802266102,1,0,Capitale-Nationale
C011638,4,1,0.6238227218219279,29.99798885057732,-29.59117292154623,1,0,Montreal
C005774,4,1,0.9982288958658699,35.857988850577314,-30.763292604587335,1,1,Bas-Saint-Laurent
C011391,4,1,0.9897584442223372,31.961189965519583,-28.28476130800781,1,0,Capitale-Nationale
C012257,4,1,0.9334784448045195,31.06079331034639,-28.936340679297754,1,0,Montreal
C004602,4,1,0.4672812911313314,29.37079331034639,-29.47620564047998,0,0,Montreal
C003710,4,0,4.214313471787904e-05,21.467592195404123,-29.5703575986297,0,0,Montreal
C000906,4,0,0.04488402342157839,27.063994425288655,-29.52332165713839,0,0,Montreal
C006895,4,1,0.3665533031616137,29.39439108046185,-29.83436494415014,0,0,Capitale-Nationale
C005963,4,0,0.06306505625438306,28.801189965519583,-30.971531669891284,0,1,Gaspesie-Iles-de-la-Madeleine
C008505,4,1,0.03927772340173717,28.167988850577316,-30.739335565244282,0,1,Cote-Nord
C012921,4,0,0.009033073682485182,28.014787735635046,-31.79318551740707,0,1,Bas-Saint-Laurent
C002109,4,0,0.032297394055817864,29.537988850577317,-32.272534968171776,0,1,Bas-Saint-Laurent
C008376,4,1,0.4270003866892389,29.857988850577318,-30.094531483541605,0,0,Montreal
C006173,4,1,0.411434554082609,28.63798885057732,-28.925956393721002,0,0,Capitale-Nationale
C004336,4,1,0.8311743210244331,31.02237993103917,-29.74035892916213,1,0,Capitale-Nationale
C007336,4,0,0.22621947062526468,29.56118996551958,-30.550295380520218,0,1,Cote-Nord
C003253,4,1,0.9337247240159714,31.39478773563505,-29.26713971994466,1,0,Capitale-Nationale
C007133,4,0,0.00023213479202628345,23.71237993103917,-30.44267067749193,0,1,Bas-Saint-Laurent
C000665,4,0,0.0024973036187348687,25.17079331034639,-29.98854241007976,0,0,Montreal
C011677,4,0,0.0004514319005932581,25.364787735635048,-31.559961762223246,0,1,Gaspesie-Iles-de-la-Madeleine
C000436,4,0,0.13440662851762622,29.007988850577316,-30.50602092554587,0,1,Bas-Saint-Laurent
C006920,4,1,0.9987980047164852,36.60237993103917,-31.195465073276686,1,1,Bas-Saint-Laurent
C000843,4,1,0.9184299124938334,31.50838550575051,-29.561029208284936,1,0,Montreal
C011739,4,1,0.9998890768027054,37.374787735635046,-30.05044515516802,1,0,Montreal
C013819,4,1,0.952587115832691,31.471983275865973,-29.058873379185947,1,0,Montreal
C005851,4,1,0.8584395719906172,30.724391080461853,-29.274741961655224,1,0,Capitale-Nationale
C013961,4,1,0.956976770629232,31.321189965519583,-28.826242161545288,1,0,Capitale-Nationale
C013958,4,1,0.9932955021814818,35.638385505750506,-31.618328983971015,1,1,Gaspesie-Iles-de-la-Madeleine
C010059,4,1,0.9959261712840818,34.581189965519584,-30.158311185400073,1,0,Capitale-Nationale
C011592,4,0,0.014723277196691245,27.711189965519583,-31.092029278630513,0,1,Bas-Saint-Laurent
C006612,4,0,0.6421672487514749,32.12277658621236,-31.652439722706116,1,1,Bas-Saint-Laurent
C006494,4,0,6.397474112041757e-05,24.168782160923705,-31.935804854593705,0,1,Bas-Saint-Laurent
C010097,4,1,0.9747862380949299,32.04439108046186,-29.104838765321865,1,0,Montreal
C000098,4,0,0.000339227626079396,23.13798885057732,-29.563082409603396,0,0,Capitale-Nationale
C007396,4,0,0.017081728605859773,25.45158662069278,-28.710996828470556,0,0,Capitale-Nationale
C002018,4,0,0.002375602676797911,24.865581045981436,-29.723611088481967,0,1,Bas-Saint-Laurent
C003533,4,1,0.864031450392659,32.57798885057731,-31.090702081097884,1,1,Gaspesie-Iles-de-la-Madeleine
C001021,4,0,0.29755141654027645,28.170396655173196,-28.86127230474342,0,0,Capitale-Nationale
C006775,4,0,0.030382209224589625,26.717592195404123,-29.50289440694017,0,0,Capitale-Nationale
C009688,4,0,0.09679581866266905,28.913994425288656,-30.71025776714731,0,0,Capitale-Nationale
C005408,4,1,0.13925490540358762,30.035581045981438,-31.500594319592988,1,1,Gaspesie-Iles-de-la-Madeleine
C010873,4,0,1.4426965772921659e-05,21.213994425288657,-30.17896213619413,0,0,Montreal
C005228,4,1,0.9881070676488346,33.054391080461855,-29.499539833772694,1,0,Montreal
C008369,4,1,0.5011821354159418,29.177988850577318,-29.17418571113035,0,0,Montreal
C007354,4,0,0.026671519837352678,28.288782160923706,-31.181924401333802,0,1,Gaspesie-Iles-de-la-Madeleine
C007418,4,1,0.9706567536504054,31.821586620692777,-29.00743784520672,1,0,Montreal
C007671,4,0,0.24003363565176442,28.50478773563505,-29.431731341235004,0,0,Montreal
C008907,4,0,0.00013583426172221187,24.92558104598144,-32.08695591654291,0,1,Cote-Nord
C002332,4,0,0.21220271419681114,28.797988850577315,-29.85297883785072,0,0,Capitale-Nationale
C003894,4,0,0.16870251471082937,29.335581045981435,-30.61830819401942,0,1,Bas-Saint-Laurent
C009211,4,0,0.002785322254184238,25.333597770115464,-30.06332444539348,0,0,Montreal
C009939,4,0,0.3608893246029282,28.657195540230926,-29.116853991567144,0,0,Montreal
C012093,4,1,0.7568801760072169,31.947988850577318,-31.034593224250777,1,1,Cote-Nord
C003393,4,0,8.056675771599841e-05,24.77558104598144,-32.35712223181013,0,1,Cote-Nord
C004825,4,0,0.11587399650455202,28.427195540230926,-30.061596052973083,0,0,Montreal
C010961,4,1,0.9988380241618643,33.861189965519586,-28.427008683234163,1,0,Capitale-Nationale
C004006,4,1,0.7139749732818739,31.3191788160969,-30.583436952674912,1,1,Bas-Saint-Laurent
C005247,4,1,0.9886758570942722,32.58719554023093,-28.99246521169536,1,0,Montreal
C008964,4,0,2.6547217840778655e-05,23.451983275865974,-31.926462633801307,0,1,Cote-Nord
C002944,4,0,0.012126468335302655,25.321189965519583,-28.86021063691789,0,0,Capitale-Nationale
C009149,4,1,0.9956433346229374,35.738782160923705,-31.37011891608351,1,1,Cote-Nord
C001047,4,0,0.04437333748020772,27.31118996551958,-29.78015074846419,0,0,Montreal
C009071,4,1,0.717186063444459,29.89439108046185,-29.145959487092703,0,0,Capitale-Nationale
C003943,4,0,0.7392928478709266,31.715581045981438,-30.877269509123884,1,1,Gaspesie-Iles-de-la-Madeleine
C008771,4,1,0.9085434106589363,30.684391080461854,-28.8377521424632,1,0,Montreal
C010772,4,1,0.7318427933649173,31.772776586212366,-30.965272712649917,1,1,Gaspesie-Iles-de-la-Madeleine
C008166,4,0,0.0002251105820093387,24.277988850577316,-31.0329983093781,0,0,Capitale-Nationale
C003372,4,1,0.027615851858859487,27.051189965519583,-29.91556722858035,0,0,Montreal
C002405,4,0,0.05294018869161851,28.62439108046185,-30.944132174199442,0,1,Bas-Saint-Laurent
C006578,4,0,0.07511815055314591,28.371189965519584,-30.39045069664619,0,0,Montreal
C002398,4,0,0.0001590165808244535,24.79838550575051,-31.833006887327553,0,1,Bas-Saint-Laurent
C002924,4,1,0.9640061715684217,31.597988850577316,-28.953674791620042,1,0,Capitale-Nationale
C007015,4,1,0.9999581015589459,38.304787735635045,-30.197338598329388,1,0,Capitale-Nationale
C011550,4,0,0.002609383547712804,24.56158662069278,-29.34393495110133,0,0,Montreal
C002897,4,0,0.004521454703788905,26.945977701154632,-31.284646966361418,0,1,Gaspesie-Iles-de-la-Madeleine
C011660,4,1,0.8753657363795992,30.500793310346392,-28.933018811192543,1,0,Montreal
C013518,4,0,0.15146386224986522,29.4191788160969,-30.805108635886768,0,1,Bas-Saint-Laurent
C007615,4,0,0.00034166065780200555,24.273994425288656,-30.69333801069407,0,1,Gaspesie-Iles-de-la-Madeleine
C009097,4,0,0.3126873769068348,27.523994425288656,-28.15744370817482,0,0,Montreal
C012744,4,0,0.012076033186910239,28.20838550575051,-31.75079934581912,0,1,Gaspesie-Iles-de-la-Madeleine
C005625,4,0,0.004038281166157571,25.898782160923705,-30.328738572347454,0,1,Gaspesie-Iles-de-la-Madeleine
C004437,4,0,0.2761583381330637,28.584391080461852,-29.359406309100077,0,0,Montreal
C003142,4,1,0.9758777662500361,33.07478773563505,-30.098740542537477,1,0,Capitale-Nationale
C007720,4,1,0.8900030589299583,33.454787735635044,-31.7731944408944,1,1,Cote-Nord
C012154,4,0,0.018669647766949616,25.06798885057732,-28.254605307133836,0,0,Montreal
C005358,4,0,0.0012777976699040496,26.891189965519583,-32.24885715839166,0,1,Cote-Nord
C012806,4,0,0.813705649818713,30.590396655173194,-29.404651205560985,1,0,Montreal
C000294,4,0,0.02942576616124648,25.533994425288657,-28.34581614330852,0,0,Montreal
C007742,4,0,0.01422552840512643,26.47158662069278,-29.880493067007198,0,0,Montreal
C005050,4,0,0.18554401882773264,28.10158662069278,-29.29131934424525,0,0,Montreal
C009123,4,1,0.9999080136094698,35.89439108046185,-28.41947172619414,1,0,Montreal
C006013,4,0,0.02863005900962299,26.937988850577316,-29.7725181739438,0,0,Capitale-Nationale
C000933,4,1,0.9963672865966198,34.42158662069278,-29.906176975891807,1,0,Capitale-Nationale
C009398,4,0,0.07525380735655653,30.031586620692778,-32.049278201157115,1,1,Bas-Saint-Laurent
C007764,4,0,0.2902528566439887,27.88798885057732,-28.607152396569845,0,0,Montreal
C008219,4,1,0.9786527770856965,31.49838550575051,-28.421759968718344,1,0,Montreal
C013491,4,0,0.15102370705597,28.974787735635047,-30.36347533664011,0,1,Cote-Nord
C006872,4,1,0.9951690108307705,34.61759219540412,-30.33243129094714,1,0,Montreal
C013051,4,1,0.981613171703126,32.78158662069278,-29.582461242533512,1,0,Capitale-Nationale
C012580,4,0,0.8235187042470825,30.391189965519583,-29.152280254765557,1,0,Montreal
C005099,4,1,0.2433291623830271,28.23478773563505,-29.147268640756693,0,0,Capitale-Nationale
C002274,4,1,0.36093332761856056,31.68237993103917,-32.141884943633315,1,1,Gaspesie-Iles-de-la-Madeleine
C002339,4,1,0.9019805456887973,33.28838550575051,-31.503316203577825,1,1,Gaspesie-Iles-de-la-Madeleine
C008112,4,0,0.001470949135112376,26.764787735635046,-32.00907918776475,0,1,Gaspesie-Iles-de-la-Madeleine
C009217,4,0,0.001061943317541325,24.86759219540412,-30.374257526223616,0,0,Montreal
C012214,4,1,0.40249677983512244,30.890793310346393,-31.20854736823441,1,1,Bas-Saint-Laurent
C008506,4,0,0.030255805747760996,28.404787735635047,-31.193547986969016,0,1,Gaspesie-Iles-de-la-Madeleine
C011487,4,1,0.9947923242008069,33.207988850577316,-28.983520687148555,1,0,Capitale-Nationale
C011232,4,0,0.00029225808759680616,23.36079331034639,-29.905791700448294,0,0,Capitale-Nationale
C013963,4,1,0.5596358739988077,31.571586620692777,-31.37881016316718,1,1,Cote-Nord
C003378,4,0,0.08951932447503047,27.344787735635048,-29.210359658549454,0,0,Capitale-Nationale
C005926,4,0,2.718733743300583e-05,23.33838550575051,-31.793700963949057,0,1,Bas-Saint-Laurent
C007544,4,0,0.01449671525052174,27.334787735635047,-30.728284652831796,0,1,Cote-Nord
C006160,4,0,0.010654258922468286,28.167988850577316,-31.812307537022026,0,1,Bas-Saint-Laurent
C005036,4,0,0.20462145450405306,28.397592195404123,-29.48954560272638,0,0,Montreal
C007511,4,1,0.6816866783689602,29.215184390808243,-28.602688061694224,0,0,Capitale-Nationale
C008361,4,0,0.27587392384093185,29.241189965519585,-30.01734992217532,0,0,Montreal
C006408,4,1,0.5375971387432841,30.24158662069278,-30.120401431384686,1,0,Montreal
C008353,4,1,0.028809709066695426,26.278782160923704,-29.108131651083752,0,0,Capitale-Nationale
C003251,4,1,0.9515557383955376,32.26798885057732,-29.87305853099212,1,0,Montreal
C003138,4,1,0.48942372874143025,29.543597770115465,-29.57762852457451,0,0,Montreal
C013209,4,0,0.36725749313368866,30.796374356327828,-31.23390995197876,1,1,Gaspesie-Iles-de-la-Madeleine
C005617,4,0,0.18573997942342238,27.890793310346393,-29.079483497082904,0,0,Montreal
C013773,4,1,0.9109842012180939,33.37518439080824,-31.50463105628468,1,1,Gaspesie-Iles-de-la-Madeleine
C011285,4,0,0.0007489188632841987,27.23237993103917,-33.020176573663946,0,1,Bas-Saint-Laurent
C013738,4,0,0.46747360183056064,30.598782160923705,-30.70357314954661,1,1,Gaspesie-Iles-de-la-Madeleine
C001228,4,0,0.45773701876598066,29.207988850577316,-29.344281316533625,0,0,Capitale-Nationale
C001087,4,1,0.999612209920182,35.14838550575051,-28.83093962808139,1,0,Capitale-Nationale
C012684,4,0,0.058064179482124244,27.430396655173194,-29.671468826034264,0,0,Montreal
C005478,4,0,0.2778912579728813,30.06237993103917,-30.830436081303123,1,1,Cote-Nord
C007990,4,0,0.00149378101646698,24.45759219540412,-29.68947702472917,0,0,Capitale-Nationale
C006110,4,1,0.8471031977180078,32.562776586212365,-31.185779470714106,1,1,Bas-Saint-Laurent
C007579,4,0,0.004930797297115033,27.051983275865975,-31.32061616079056,0,1,Cote-Nord
C013996,4,1,0.9852640327313752,32.71079331034639,-29.330657282140766,1,0,Montreal
C013730,4,1,0.3016224269458691,28.647592195404123,-29.322863541688047,0,0,Montreal
C001592,4,1,0.5201448514128041,31.865184390808242,-31.800339847395527,1,1,Gaspesie-Iles-de-la-Madeleine
C005375,4,1,0.4481514130768047,29.95158662069278,-30.118994197234358,1,1,Cote-Nord
C005604,4,1,0.9831377997841815,33.668385505750514,-30.398392199210953,1,1,Bas-Saint-Laurent
C011485,4,1,0.981291671951822,32.857988850577314,-29.67306872869761,1,0,Montreal
C006683,4,0,0.04219230979178229,27.25439108046185,-29.76572242243961,0,0,Montreal
C006595,4,1,0.9783698381632366,32.60838550575051,-29.542582708535395,1,0,Capitale-Nationale
C013465,4,0,0.0003119470759558137,22.701189965519582,-29.193735618558154,0,0,Capitale-Nationale
C002605,4,0,0.03360019491603393,29.44237993103917,-32.14403649446807,0,1,Cote-Nord
C005547,4,1,0.7572371785123778,32.16277658621236,-31.24781977401602,1,1,Gaspesie-Iles-de-la-Madeleine
C007016,4,1,0.824594881242697,31.230793310346392,-29.985913667331353,1,0,Montreal
C010492,4,0,0.49293100887253916,29.777988850577316,-29.800732522750128,0,0,Montreal
C009641,4,1,0.7395171893316307,31.447988850577318,-30.608740883667572,1,1,Gaspesie-Iles-de-la-Madeleine
C013429,4,0,0.0011011946422290946,25.575184390808243,-31.052626243066875,0,1,Cote-Nord
C002639,4,0,0.18164814069367988,29.044787735635047,-30.25542615153673,0,1,Gaspesie-Iles-de-la-Madeleine
C007580,4,0,0.04358724753448788,26.747195540230926,-29.23119371646721,0,0,Capitale-Nationale
C010163,4,0,0.010238896976531162,27.66237993103917,-31.339019577991834,0,1,Bas-Saint-Laurent
C013059,4,0,0.006108733019189321,25.474391080461853,-29.569776734760918,0,0,Montreal
C006664,4,1,0.6179032614137289,30.321189965519583,-29.93460008820255,1,0,Montreal
C012557,4,0,0.06328222639922626,28.925184390808244,-31.09257475187469,0,1,Cote-Nord
C008799,4,1,0.8479083138605067,32.11878216092371,-30.736774586497198,1,1,Gaspesie-Iles-de-la-Madeleine
C002749,4,1,0.9984955182293905,35.01719554023093,-29.7910603727303,1,0,Montreal
C002607,4,0,0.496367451110136,30.701983275865974,-30.713670014218415,1,1,Cote-Nord
C005605,4,0,0.00993309309123269,26.47798885057732,-30.179264709862647,0,0,Montreal
C003921,4,1,0.9155312521235296,31.855184390808244,-29.93845564099877,1,0,Montreal
C003181,4,1,0.9332441516168671,31.56798885057732,-29.44656590805741,1,0,Montreal
C011472,4,0,8.067624786907456e-06,20.79079331034639,-30.223253298226076,0,1,Gaspesie-Iles-de-la-Madeleine
C013140,4,1,0.1932595188255686,27.944787735635046,-29.09409658570179,0,0,Capitale-Nationale
C000956,4,0,0.017627799475129546,27.911983275865975,-31.14563721317469,0,1,Cote-Nord
C012933,4,1,0.9963003349956456,35.887988850577315,-31.387321581322276,1,1,Bas-Saint-Laurent
C004830,4,0,0.00536078082778836,28.195977701154632,-32.397016887795246,0,1,Gaspesie-Iles-de-la-Madeleine
C012067,4,0,0.0006745644831452281,25.047988850577315,-30.91994491857513,0,1,Cote-Nord
C004690,4,0,0.00020052421803371637,24.438782160923704,-31.28683328177665,0,1,Bas-Saint-Laurent
C009219,4,0,0.0021005997720161345,26.27158662069278,-31.228789090323577,0,1,Gaspesie-Iles-de-la-Madeleine
C000459,4,1,0.9786413546653518,31.97158662069278,-28.89540071506715,1,0,Montreal
C007694,4,0,0.010677481949313556,26.12439108046185,-29.76693968273227,0,0,Montreal
C012704,4,1,0.5805291825153581,30.591189965519582,-30.32983812288492,1,0,Montreal
C004597,4,1,0.9875038704031485,32.86759219540412,-29.353024202000544,1,0,Capitale-Nationale
C013917,4,0,0.054862583162633406,26.75478773563505,-29.044206402406672,0,0,Montreal
C005990,4,0,0.7347067827368007,31.07838550575051,-30.25910399945163,1,1,Bas-Saint-Laurent
C006170,4,0,0.06468970775551579,26.897592195404123,-29.04608062561317,0,0,Capitale-Nationale
C011681,4,0,0.004348582980889188,24.753994425288656,-29.124157692566524,0,0,Capitale-Nationale
C009628,4,0,0.050143200910033325,28.85158662069278,-31.217356443621288,0,1,Cote-Nord
C006598,4,0,0.19273275657273442,27.000793310346392,-28.152822385592433,0,0,Capitale-Nationale
C005609,4,1,0.9901207144434189,33.54478773563505,-29.83909947100249,1,0,Capitale-Nationale
C011249,4,0,0.001873141454541589,25.583994425288658,-30.63355696397729,0,0,Montreal
C011975,4,1,0.566534280696799,30.741983275865973,-30.526654064858825,1,1,Bas-Saint-Laurent
C006467,4,0,0.08513786679835139,26.83759219540412,-28.74738680908352,0,0,Montreal
C001385,4,1,0.976456763419663,32.29399442528866,-29.297929568559013,1,0,Capitale-Nationale
C008525,4,0,0.0568714739723896,27.531189965519584,-29.789973059007984,0,0,Montreal
C011845,4,1,0.9323683741827022,33.585581045981435,-31.475396218130847,1,1,Cote-Nord
C011064,4,0,0.23154456418490424,30.03478773563505,-30.99962568287418,1,1,Cote-Nord
C005081,4,1,0.9880467779947661,33.04798885057731,-29.497253636579,1,0,Capitale-Nationale
C010073,4,0,0.0010397514788039542,26.441586620692778,-31.96525554040737,0,1,Gaspesie-Iles-de-la-Madeleine
C007618,4,1,0.44836539847715307,29.63759219540412,-29.80430389218828,0,0,Montreal
C011585,4,1,0.5734718833625705,29.617988850577316,-29.379893532591765,0,0,Capitale-Nationale
C009366,4,0,0.293940834819898,28.994391080461853,-29.699209439277034,0,0,Capitale-Nationale
C009231,4,0,0.46409811582530947,30.711586620692778,-30.827288257227316,1,1,Cote-Nord
C012521,4,1,0.9653593080663708,31.71478773563505,-29.038526272445132,1,0,Capitale-Nationale
C009632,4,0,0.018744497441102626,27.468385505750508,-30.65172251843315,0,1,Cote-Nord
C013139,4,1,0.7877127976202986,31.765184390808244,-30.710600829663708,1,1,Bas-Saint-Laurent
C012573,4,0,0.016850035200713768,25.28079331034639,-28.55137702491519,0,0,Capitale-Nationale
C003813,4,1,0.618991591437269,31.557988850577317,-31.16768945185366,1,1,Bas-Saint-Laurent
C010009,4,1,0.7891354201135201,31.868782160923704,-30.807339310294935,1,1,Gaspesie-Iles-de-la-Madeleine
C001378,4,1,0.9993595043862669,36.1095754712701,-30.195909506257692,1,1,Bas-Saint-Laurent
C007091,4,1,0.9926661252531578,33.72838550575051,-29.7810042442436,1,0,Capitale-Nationale
C006493,4,0,0.5571750475745136,28.821189965519583,-28.636439944768625,0,0,Montreal
C003425,4,1,0.5954133434936032,31.181189965519582,-30.870419310948947,1,1,Gaspesie-Iles-de-la-Madeleine
C011320,4,1,0.9517668809411782,31.698385505750508,-29.29976359720836,1,0,Montreal
C013675,4,0,0.054786707862112295,29.415184390808243,-31.70578073538167,0,1,Cote-Nord
C007888,4,1,0.8361854297852627,30.114391080461854,-28.803300981714816,1,0,Capitale-Nationale
C000831,4,0,0.1433978418052338,30.634391080461853,-32.071944515813286,1,1,Cote-Nord
C007370,4,0,0.0020894136698011447,26.373994425288657,-31.33550037123603,0,1,Gaspesie-Iles-de-la-Madeleine
C006479,4,1,0.19645604964303442,28.551586620692778,-29.684508045994345,0,0,Montreal
C012060,4,0,0.1312255129451336,30.268782160923706,-31.789029418598883,1,1,Cote-Nord
C007951,4,0,0.09794477878191764,28.21439108046185,-30.000139946979374,0,0,Montreal
C005956,4,0,0.15645342259147876,28.53439108046185,-29.889509375498378,0,1,Gaspesie-Iles-de-la-Madeleine
C010958,4,1,0.5261860649127226,29.06079331034639,-28.976471098220912,0,0,Capitale-Nationale
C008279,4,1,0.9242874083592921,31.558385505750508,-29.545981528791064,1,0,Montreal
C002521,4,1,0.8251918742290579,30.915184390808243,-29.666980576368537,1,0,Montreal
C001950,4,0,0.005795789728116042,27.65798885057732,-31.795923578042213,0,1,Gaspesie-Iles-de-la-Madeleine
C000793,4,1,0.5364863342188045,29.67158662069278,-29.55399480326739,0,0,Montreal
C012631,4,0,0.20528195174128702,29.30478773563505,-30.393480971156826,0,1,Gaspesie-Iles-de-la-Madeleine
C009158,4,1,0.9738407597477216,31.99798885057732,-29.088825081387007,1,0,Montreal
C013370,4,0,0.05784656990685239,28.651983275865973,-30.896261180912152,0,1,Bas-Saint-Laurent
C013282,4,0,0.004803072132137312,24.417592195404122,-28.707436943717724,0,0,Montreal
C008654,4,1,0.6104984551273346,31.425184390808244,-31.063728794395363,1,1,Gaspesie-Iles-de-la-Madeleine
C013284,4,0,0.015911227796030197,27.74798885057732,-31.065448504726803,0,1,Gaspesie-Iles-de-la-Madeleine
C002614,4,0,0.4738882533912937,29.224391080461853,-29.308473542125654,0,0,Capitale-Nationale
C007482,4,1,0.997964632955627,34.164787735635045,-29.18215987189625,1,0,Capitale-Nationale
C008456,4,1,0.9762883533014203,32.014787735635046,-29.024594417671732,1,0,Montreal
C001874,4,0,0.000812942269277008,25.08759219540412,-30.80936160492288,0,1,Gaspesie-Iles-de-la-Madeleine
C011311,4,0,0.09646497022715254,26.647592195404123,-28.44690388468855,0,0,Capitale-Nationale
C000441,4,0,0.03799035313715987,28.24838550575051,-30.847612523288333,0,1,Bas-Saint-Laurent
C008797,4,0,0.24957563317915588,29.07478773563505,-29.960215148943767,0,1,Gaspesie-Iles-de-la-Madeleine
C007469,4,0,0.006391154217540774,27.315184390808245,-31.373991055874242,0,1,Bas-Saint-Laurent
C010689,4,0,0.40448399179376743,28.96439108046185,-29.275504520944224,0,0,Montreal
C004983,4,0,0.006962249757919105,25.75439108046185,-29.743897686620233,0,0,Montreal
C000526,4,0,0.1154175688460136,29.955184390808242,-31.5931743759893,1,1,Gaspesie-Iles-de-la-Madeleine
C008670,4,1,0.8962126076710227,30.738385505750507,-29.00446425294895,1,0,Montreal
C004560,4,0,0.8210502838258645,31.481983275865975,-30.256659568777277,1,1,Cote-Nord
C005844,4,1,0.11433389463008174,29.65158662069278,-31.298148627903462,0,1,Bas-Saint-Laurent
C004025,4,0,0.005751869888865851,25.787592195404123,-29.93168050321591,0,0,Montreal
C005485,4,0,0.008157391386279043,28.168782160923705,-32.02990269901632,0,1,Bas-Saint-Laurent
C002009,4,1,0.676593790325429,31.965184390808243,-31.371486010961316,1,1,Cote-Nord
C008176,4,1,0.997650735484515,34.21798885057731,-29.350970628160297,1,0,Montreal
C003250,4,1,0.7432657510726198,30.107988850577318,-29.253015750376004,1,0,Montreal
C012708,4,0,0.00033938994461758234,24.777988850577316,-31.202697521371988,0,1,Bas-Saint-Laurent
C012310,4,0,0.5650112721604098,30.06798885057732,-29.857645703350123,1,0,Montreal
C000378,4,1,0.9988314912830448,34.941189965519584,-29.51152318761771,1,0,Montreal
C010664,4,1,0.9180772724351095,31.711586620692778,-29.76800878621422,1,0,Montreal
C011308,4,0,0.04985859659279335,28.301983275865975,-30.672572086442457,0,1,Cote-Nord
C002696,4,1,0.7258596243099584,30.927988850577318,-30.14483573302562,1,0,Montreal
C006654,4,0,0.9049063259747478,30.99158662069278,-29.179539724174592,1,0,Montreal
C008806,4,1,0.9406782186794933,31.29079331034639,-29.068029757690763,1,0,Montreal
C011305,4,0,0.5666810447462999,29.97158662069278,-29.755776713984574,1,0,Montreal
C003683,4,0,0.30146349334119865,29.701189965519582,-30.377068245246726,0,1,Cote-Nord
C009310,4,1,0.9892337038332453,32.64798885057731,-29.012174811952445,1,0,Montreal
C013430,4,1,0.9994119253132568,35.59518439080824,-29.612799024880243,1,0,Capitale-Nationale
C006882,4,1,0.12633440081888125,27.951189965519582,-29.506503636177637,0,0,Montreal
C004746,4,1,0.6323063670907869,30.494787735635047,-30.058761296148617,1,0,Capitale-Nationale
C004097,4,0,2.4960444122371788e-05,20.93079331034639,-29.454844618402554,0,0,Capitale-Nationale
C008305,4,0,0.19599942085437874,29.707988850577316,-30.84323881887309,0,1,Gaspesie-Iles-de-la-Madeleine
C005332,4,0,0.09420813944711719,28.231586620692777,-30.051945062317106,0,0,Montreal
C012307,4,0,0.24304802390969354,29.79838550575051,-30.712094991521873,0,0,Montreal
C008841,4,0,0.010377967689036264,26.22158662069278,-29.887262396445934,0,0,Capitale-Nationale
C006425,4,1,0.9279142952563997,31.684787735635048,-29.62975219008661,1,0,Montreal
C003487,4,0,0.19172016915398382,28.551189965519583,-29.7084640320824,0,0,Capitale-Nationale
C011193,4,0,0.8743438856024587,30.263994425288658,-28.70372670589185,1,0,Montreal
C007239,4,0,0.02473975836717298,26.62439108046185,-29.57959855316051,0,0,Montreal
C005865,4,0,0.24409135665132148,28.33079331034639,-29.239948246793258,0,0,Montreal
C011806,4,0,0.11462775228766908,29.094391080461854,-30.738621666537025,0,1,Cote-Nord
C013006,4,0,0.0037868522538642042,26.93158662069278,-31.413449222748334,0,1,Gaspesie-Iles-de-la-Madeleine
C003205,4,0,0.02140930631345846,26.83759219540412,-29.911831005686167,0,0,Montreal
C010437,4,0,0.0026018747001834387,25.191586620692778,-29.976258802180556,0,1,Gaspesie-Iles-de-la-Madeleine
C004551,4,0,0.21193134605756986,28.501189965519583,-29.557486155853873,0,0,Montreal
C001731,4,1,0.7532666650026744,29.944391080461852,-29.046710825679284,0,0,Capitale-Nationale
C013357,4,1,0.968546441971884,32.92759219540412,-30.171051838770314,1,0,Capitale-Nationale
C001671,4,0,0.004476986211798041,24.31158662069278,-28.658241186394633,0,0,Capitale-Nationale
C001486,4,1,0.9577526877203223,31.904787735635047,-29.39455038649448,1,0,Montreal
C010604,4,0,0.03777278923926203,28.728782160923704,-31.332810332977438,0,1,Bas-Saint-Laurent
C008604,4,1,0.1386098135473292,28.16558104598144,-29.634931383031258,0,0,Montreal
C001630,4,1,0.5607791157667861,32.03118996551959,-31.834681386545366,1,1,Bas-Saint-Laurent
C005177,4,1,0.925739495807885,30.46439108046185,-28.435149195069684,1,0,Capitale-Nationale
C005651,4,0,0.012332501094936376,27.81838550575051,-31.343687999272493,0,1,Cote-Nord
C011722,4,0,0.0022035737248381963,24.917592195404122,-29.836220176286897,0,0,Capitale-Nationale
C008707,4,1,0.9258611635168248,31.594391080461854,-29.563724669221735,1,0,Montreal
C008826,4,0,0.03197073039420019,27.021189965519582,-29.764183770421514,0,0,Capitale-Nationale
C005230,4,1,0.6996650828399809,29.704787735635048,-29.02459441767173,0,0,Montreal
C003379,4,0,0.07526461752030365,27.24798885057732,-29.26555550102126,0,0,Montreal
C000198,4,0,0.029933127665646903,27.564787735635047,-30.362439417391478,0,0,Montreal
C001588,4,0,7.421526163774166e-07,19.72118996551958,-31.072746485794447,0,1,Cote-Nord
C012164,4,0,0.005223966478996714,27.384787735635047,-31.60673066162475,0,1,Gaspesie-Iles-de-la-Madeleine
C009370,4,0,0.3591867781633364,28.397988850577317,-28.863590377348434,0,0,Montreal
C013908,4,1,0.8880900972894012,29.97158662069278,-28.305591179911332,1,0,Capitale-Nationale
C006553,4,0,0.5298286659089099,31.615581045981436,-31.51950302350348,1,1,Cote-Nord
C007876,4,1,0.8970703737151053,32.945581045981434,-31.204215555333896,1,1,Gaspesie-Iles-de-la-Madeleine
C003406,4,0,0.07301086006988655,29.037988850577317,-31.081965395303605,0,1,Gaspesie-Iles-de-la-Madeleine
C009613,4,0,0.038312236151711976,28.711586620692778,-31.30375861068614,0,1,Bas-Saint-Laurent
C010895,4,0,0.014600455010421245,27.50597770115463,-30.893654855402136,0,1,Bas-Saint-Laurent
C012947,4,1,0.681494828059912,31.180396655173194,-30.56861132241059,1,0,Montreal
C003053,4,1,0.9813935603560303,33.97878216092371,-30.789386260043614,1,1,Cote-Nord
C004801,4,0,0.0015848441829753755,26.588782160923703,-31.772999126889108,0,1,Gaspesie-Iles-de-la-Madeleine
C004499,4,1,0.98895287213722,32.370396655173195,-28.755521473832587,1,0,Montreal
C013919,4,1,0.9796014981345368,31.294391080461853,-28.180422914966975,1,0,Montreal
C010341,4,1,0.9542405515844131,31.60079331034639,-29.157739635312936,1,0,Montreal
C007400,4,1,0.919678731950585,32.01798885057732,-30.05713089975232,1,0,Montreal
C003756,4,1,0.5739283636041113,32.06759219540412,-31.827995685948878,1,1,Bas-Saint-Laurent
C005393,4,0,0.006103209025768386,25.777988850577316,-29.874106608543336,0,0,Montreal
C012595,4,0,0.014782891637056251,27.518782160923706,-30.896322807894148,0,1,Cote-Nord
C006141,4,0,0.31319287051822964,28.851189965519584,-29.482748324179983,0,0,Capitale-Nationale
C003565,4,0,0.0005252394401947393,23.687988850577316,-29.761309654411946,0,0,Montreal
C013628,4,0,0.12039280510044398,29.48478773563505,-31.084297572268255,0,1,Bas-Saint-Laurent
C006439,4,0,0.001966264913642514,25.631983275865974,-30.64244743356482,0,1,Bas-Saint-Laurent
C009614,4,1,0.986546314795843,33.07798885057731,-29.623585374678193,1,0,Montreal
C003520,4,0,0.0055053959079313045,27.621983275865976,-31.801496006720903,0,1,Bas-Saint-Laurent
C002013,4,0,0.00019713512453043886,22.64439108046185,-29.506154600553362,0,0,Montreal
C006104,4,0,0.05494443978161377,26.621189965519584,-28.909339836212204,0,0,Montreal
C002902,4,1,0.7367288205561473,29.674787735635046,-28.847141999647572,0,0,Capitale-Nationale
C009417,4,0,0.00030583982495349584,23.257592195404122,-29.76604526321417,0,0,Capitale-Nationale
C012896,4,1,0.666035877743469,30.477195540230927,-29.921984150458822,1,0,Capitale-Nationale
C007198,4,1,0.8259620677201304,32.12798885057732,-30.8754832059943,1,0,Montreal
C012386,4,0,0.8340475057161347,29.865184390808242,-28.566582130959446,0,0,Montreal
C003893,4,0,0.0016949955583548284,25.765581045981435,-30.895665596895192,0,1,Gaspesie-Iles-de-la-Madeleine
C003071,4,0,0.13256333292552921,30.085581045981435,-31.596430720796874,1,1,Gaspesie-Iles-de-la-Madeleine
C011798,4,0,0.002433315539372068,25.807988850577317,-30.646666452476516,0,1,Bas-Saint-Laurent
C013425,4,1,0.7895117181356998,30.853994425288658,-29.790731558576862,1,0,Capitale-Nationale
C012028,4,1,0.9032928075717214,31.747195540230926,-29.950116533861227,1,0,Capitale-Nationale
C001068,4,0,0.028328883581092406,29.097988850577316,-31.941273126263102,0,1,Gaspesie-Iles-de-la-Madeleine
C003544,4,0,0.06058600132692311,28.444787735635046,-30.649509255037895,0,1,Cote-Nord
C011562,4,0,0.04156702464251744,28.674391080461852,-31.198256050035504,0,1,Cote-Nord
C009019,4,0,0.01656798774789587,25.38759219540412,-28.671983367826144,0,0,Montreal
C009001,4,1,0.9194896735941229,33.252379931039165,-31.29357823728533,1,1,Gaspesie-Iles-de-la-Madeleine
C007933,4,0,0.04453571429010118,27.78439108046185,-30.250277385729063,0,0,Montreal
C001018,4,0,0.0012245411778620849,26.14478773563505,-31.536738011733277,0,1,Cote-Nord
C000448,4,0,0.07700523995473689,29.661983275865975,-31.659645769207966,0,1,Gaspesie-Iles-de-la-Madeleine
C013271,4,1,0.8493283876841785,32.972379931039164,-31.58148152859554,1,1,Cote-Nord
C000571,4,1,0.9956879542166042,34.97838550575051,-30.601406431124513,1,1,Gaspesie-Iles-de-la-Madeleine
C001868,4,0,0.008475593899857579,28.001983275865975,-31.832068433185313,0,1,Bas-Saint-Laurent
C005944,4,0,0.036863012037700794,27.15798885057732,-29.782386030656976,0,0,Capitale-Nationale
C011222,4,0,0.06165200990351264,29.527988850577316,-31.717768724366493,0,1,Cote-Nord
C006483,4,0,0.4893572440074236,29.161189965519583,-29.195434709117883,0,0,Capitale-Nationale
C009824,4,0,0.006397142549298324,26.63838550575051,-30.69643407647739,0,0,Montreal
C011619,4,0,5.271361370032644e-06,21.81118996551958,-31.5859354896408,0,1,Bas-Saint-Laurent
C001670,4,1,0.5126024666129422,30.160793310346392,-30.120240424969673,1,0,Montreal
C008633,4,1,0.5169671045372255,31.698385505750508,-31.64377845371587,1,1,Cote-Nord
C001092,4,1,0.9967822220750542,33.621189965519584,-29.00789370474165,1,0,Montreal
C006394,4,0,0.05204050038975781,29.155184390808245,-31.489475159886204,0,1,Bas-Saint-Laurent
C002738,4,1,0.17722521634144517,28.45759219540412,-29.6923918192381,0,0,Capitale-Nationale
C011238,4,1,0.6778054009139379,29.52759219540412,-28.929435950653406,0,0,Capitale-Nationale
C002990,4,1,0.9861590533049783,34.085581045981435,-30.65431780712821,1,1,Bas-Saint-Laurent
C010730,4,1,0.9929960480088718,33.524787735635044,-29.540118060115766,1,0,Capitale-Nationale
C000706,4,0,0.4578234939428062,28.61759219540412,-28.753604458028672,0,0,Montreal
C002955,4,0,0.017566486261100724,25.794391080461853,-29.030897592020864,0,0,Montreal
C000473,4,0,0.00028660639273600996,24.58838550575051,-31.149094234026265,0,1,Gaspesie-Iles-de-la-Madeleine
C006743,4,0,0.0007153386787035123,24.10158662069278,-29.92630686010638,0,0,Capitale-Nationale
C013538,4,0,0.07750392989320767,27.72838550575051,-29.72042147659921,0,0,Montreal
C009352,4,1,0.7273005075295866,31.251586620692777,-30.462599990807593,1,1,Gaspesie-Iles-de-la-Madeleine
C006591,4,1,0.7831275435102392,30.65079331034639,-29.618092399899957,1,0,Capitale-Nationale
C000922,4,1,0.5664032341577075,31.61158662069278,-31.396686593580153,1,1,Bas-Saint-Laurent
C003271,4,0,0.015485714692803656,26.094787735635048,-29.4343970879172,0,0,Montreal
C007339,4,0,0.061185561369316514,26.49079331034639,-28.68708117343061,0,0,Capitale-Nationale
C011435,4,0,0.05620286088497099,28.14237993103917,-30.41124475373278,0,1,Bas-Saint-Laurent
C012868,4,0,0.1832264052423209,27.447988850577318,-28.650116638528104,0,0,Capitale-Nationale
C013987,4,0,0.2661054221203234,28.927988850577318,-29.743922123742067,0,0,Montreal
C011958,4,0,0.013526189353414535,26.427988850577318,-29.878010384093272,0,0,Capitale-Nationale
C001888,4,0,0.004573627077014949,26.31759219540412,-30.646991830211185,0,0,Montreal
C009569,4,1,0.9979103394071921,34.9291788160969,-29.967768113378057,1,0,Montreal
C011017,4,0,0.42354910358198944,29.48439108046185,-29.732290797913713,0,0,Montreal
C013176,4,0,0.0011210457290608015,26.04118996551958,-31.504246090160063,0,1,Bas-Saint-Laurent
C004341,4,0,0.6419639154528557,30.86158662069278,-30.391961363650406,1,1,Gaspesie-Iles-de-la-Madeleine
C007746,4,1,0.908385592200693,31.354391080461852,-29.509278564409467,1,0,Montreal
C011499,4,0,0.03537385815316432,28.661586620692777,-31.320391886612544,0,1,Gaspesie-Iles-de-la-Madeleine
C007751,4,1,0.9963032530717203,33.861189965519586,-29.359885711792607,1,0,Capitale-Nationale
C001334,4,0,0.31234564604864784,31.43158662069278,-32.06631517650973,1,1,Gaspesie-Iles-de-la-Madeleine
C006028,4,0,0.007224626622839596,24.934391080461854,-28.893932032605406,0,0,Capitale-Nationale
C004920,4,0,0.03119309167964908,27.077988850577317,-29.841433537663526,0,0,Montreal
C012907,4,0,0.00020570699060698682,22.194391080461852,-29.021914285197003,0,0,Capitale-Nationale
C005889,4,1,0.9723329031552307,33.12079331034639,-30.25794952719005,1,0,Montreal
C001799,4,1,0.8273395525085694,30.56759219540412,-29.307355135091917,1,0,Montreal
C013091,4,0,0.20005324832888374,29.868782160923704,-30.98350119210646,0,1,Cote-Nord
C003496,4,1,0.8104594259051892,32.05198327586598,-30.883347205858218,1,0,Montreal
C011850,4,0,0.04057172089393311,29.128782160923706,-31.67297467806834,0,1,Gaspesie-Iles-de-la-Madeleine
C012539,4,1,0.08199430725113332,27.788385505750508,-29.731198188371476,0,1,Gaspesie-Iles-de-la-Madeleine
C005639,4,0,0.0035982859355591606,25.06118996551958,-29.58428608643473,0,0,Capitale-Nationale
C012513,4,1,0.5423386953544428,30.314391080461853,-30.177853273178506,1,0,Capitale-Nationale
C001606,4,1,0.7295302578509242,32.444391080461855,-31.646339028098662,1,1,Bas-Saint-Laurent
C006344,4,0,0.28536643921712695,28.82478773563505,-29.563125217506006,0,0,Capitale-Nationale
C002386,4,0,0.448027929489696,30.22118996551958,-30.388999138640212,1,0,Capitale-Nationale
C008939,4,0,0.21980663355193172,30.758782160923705,-31.777655203647576,1,1,Bas-Saint-Laurent
C013952,4,0,0.5073434141093642,30.77558104598144,-30.751954324567397,1,1,Gaspesie-Iles-de-la-Madeleine
C010061,4,1,0.3033671760734076,28.273994425288656,-28.942614835793925,0,0,Montreal
C012006,4,1,0.8453973025403375,33.011189965519584,-31.64473810601388,1,1,Bas-Saint-Laurent
C012848,4,0,0.00480119316651009,27.507988850577316,-31.798149818991376,0,1,Gaspesie-Iles-de-la-Madeleine
C003223,4,0,0.045919854810833036,28.378385505750508,-30.818489509301504,0,1,Gaspesie-Iles-de-la-Madeleine
C013966,4,1,0.26764600999395133,29.24759219540412,-30.057192388782465,0,0,Montreal
C002372,4,1,0.7737737225544917,32.40198327586597,-31.412909136497703,1,1,Gaspesie-Iles-de-la-Madeleine
C013635,4,0,0.0062334898652340875,25.797988850577315,-29.87701318625994,0,0,Montreal
C008394,4,0,0.3427399543049735,29.587988850577318,-30.111670164745256,0,0,Capitale-Nationale
C010285,4,1,0.8209880275636253,30.43759219540412,-29.212609239539354,1,0,Montreal
C009633,4,1,0.6564090036189549,30.03478773563505,-29.514143149224633,1,0,Montreal
C003695,4,0,0.37987276122689173,31.999575471270095,-32.39375001672097,1,1,Gaspesie-Iles-de-la-Madeleine
C012555,4,0,0.0009004570718218688,26.165184390808243,-31.804650523239957,0,1,Cote-Nord
C004727,4,1,0.9986036263539521,34.41838550575051,-29.132187240612474,1,0,Capitale-Nationale
C003189,4,0,0.0020207520482726643,26.56798885057732,-31.556424569342077,0,1,Gaspesie-Iles-de-la-Madeleine
C000741,4,0,1.0074783617468464e-06,19.628385505750508,-30.734108962462685,0,1,Cote-Nord
C002236,4,1,0.9931978647775886,33.637988850577315,-29.629639817006236,1,0,Capitale-Nationale
C010859,4,1,0.12532484241367042,28.85079331034639,-30.413488890821313,0,0,Montreal
C004333,4,0,0.018468393260930995,28.878782160923706,-32.074280709066954,0,1,Bas-Saint-Laurent
C012729,4,0,0.0004171088352025362,23.36158662069278,-29.620389613137988,0,0,Capitale-Nationale
C000235,4,0,0.00011950987057627136,23.52838550575051,-30.792752361551543,0,1,Bas-Saint-Laurent
C006761,4,0,0.20209923799053436,29.99838550575051,-31.102860890059812,1,1,Gaspesie-Iles-de-la-Madeleine
C000389,4,1,0.8120186305624293,30.808782160923705,-29.631956573107505,1,0,Capitale-Nationale
C004504,4,0,0.13978398643011186,28.23478773563505,-29.696256459673574,0,0,Capitale-Nationale
C009449,4,0,0.17845161254663006,27.86759219540412,-29.09564554969592,0,0,Montreal
C008719,4,1,0.293127903032593,29.65237993103917,-30.360351250420205,0,1,Cote-Nord
C003156,4,0,0.06949307710870531,29.191586620692778,-31.27832639306956,0,1,Gaspesie-Iles-de-la-Madeleine
C000998,4,0,0.1534190219247389,28.141189965519583,-29.514948715170366,0,0,Capitale-Nationale
C003811,4,0,0.012810089243023152,26.557988850577317,-30.052343273802784,0,0,Montreal
C011253,4,0,0.2573563173383303,28.550793310346393,-29.4031465356756,0,0,Capitale-Nationale
C004578,4,0,0.05556382420084921,28.888782160923704,-31.167388721598893,0,1,Cote-Nord
C009247,4,0,0.0015319198745606284,24.05478773563505,-29.266364600410096,0,0,Montreal
C011852,4,0,0.014434308007313549,27.571586620692777,-30.96860436141221,0,1,Bas-Saint-Laurent
C009046,4,0,0.007540863205415305,25.241189965519585,-29.166017883832975,0,0,Montreal
C010542,4,0,0.07611876026980668,29.501189965519583,-31.508937240024494,0,1,Cote-Nord
C000434,4,1,0.9812728657993178,33.431189965519586,-30.24709335018256,1,0,Montreal
C010643,4,0,0.5398197928222603,31.656374356327827,-31.52799538044077,1,1,Gaspesie-Iles-de-la-Madeleine
C003135,4,0,0.04638482009201893,27.757592195404122,-30.18920115698316,0,1,Bas-Saint-Laurent
C011778,4,0,0.2666856109580451,27.485581045981434,-28.299126536270194,0,0,Montreal
C005765,4,0,0.15968727310870137,29.525184390808242,-30.860758355917874,0,1,Bas-Saint-Laurent
C000270,4,1,0.9199101774161079,31.711586620692778,-29.748205375074985,1,0,Montreal
C000435,4,1,0.946204660499471,32.4991788160969,-30.193052339477312,1,0,Capitale-Nationale
C002141,4,0,0.0009483269052720611,23.535184390808244,-29.132952199122833,0,0,Capitale-Nationale
C002257,4,0,0.1427650242989276,29.208782160923704,-30.650486765909488,0,1,Bas-Saint-Laurent
C010332,4,0,0.01894700981886773,27.340793310346392,-30.515321475424525,0,0,Montreal
C001337,4,1,0.992527451089968,33.65478773563505,-29.72258499099984,1,0,Montreal
C005693,4,0,7.69148607650482e-05,23.54838550575051,-31.16723838132662,0,1,Bas-Saint-Laurent
C003285,4,0,0.026907921255909108,29.02838550575051,-31.914234981976378,0,1,Gaspesie-Iles-de-la-Madeleine
C013698,4,0,0.010212337356060395,27.675184390808244,-31.353934660381324,0,1,Gaspesie-Iles-de-la-Madeleine
C008864,4,0,0.29641374756944994,28.125184390808244,-28.820442656894777,0,0,Montreal
C005207,4,0,0.028217103741796524,28.934787735635048,-31.781344379662077,0,1,Bas-Saint-Laurent
C000945,4,0,0.516589704120425,28.723994425288655,-28.67060290393402,0,0,Montreal
C013304,4,1,0.6211030886321397,30.965581045981438,-30.568073042008727,1,1,Gaspesie-Iles-de-la-Madeleine
C004483,4,0,0.12803692943722514,29.320793310346392,-30.863771551283506,0,0,Capitale-Nationale
C001417,4,1,0.30845716367039827,30.621586620692778,-31.270926130839324,1,1,Cote-Nord
C010905,4,1,0.6669192675535427,29.860396655173197,-29.301988901526638,0,0,Montreal
C007894,4,1,0.3743582169947055,30.378782160923706,-30.791838699421074,1,1,Bas-Saint-Laurent
C013018,4,1,0.918681747717664,31.654391080461853,-29.704327301772498,1,0,Montreal
C005951,4,1,0.8347915037292096,31.42759219540412,-30.124658887663756,1,0,Montreal
C006478,4,1,0.9679998387031066,32.01399442528866,-29.27176513103228,1,0,Montreal
C000313,4,0,0.17442974377314457,28.21439108046185,-29.464706433339828,0,0,Capitale-Nationale
C013280,4,0,0.05448395940011427,27.46439108046185,-29.75970180140336,0,0,Montreal
C003682,4,1,0.6458522365185356,32.14878216092371,-31.665517556489366,1,1,Gaspesie-Iles-de-la-Madeleine
C008052,4,0,0.07210134700839906,28.855184390808244,-30.910031869015548,0,1,Cote-Nord
C009452,4,0,0.4664772228020188,29.6991788160969,-29.80718937335797,0,1,Bas-Saint-Laurent
C000534,4,0,0.08635844277162467,27.55478773563505,-29.452059731729435,0,0,Montreal
C007274,4,0,0.013223964004031653,26.634391080461853,-30.102833689321248,0,1,Cote-Nord
C003185,4,1,0.9852150791507563,33.287988850577314,-29.910560255961208,1,0,Capitale-Nationale
C008313,4,1,0.928429585724541,31.575581045981437,-29.51432900684444,1,0,Capitale-Nationale
C006292,4,1,0.9994552101174164,36.89838550575051,-30.85447408061672,1,0,Capitale-Nationale
C007103,4,0,0.12054947222627171,28.19079331034639,-29.789113935644536,0,0,Capitale-Nationale
C002124,4,0,0.969400367163613,32.637988850577315,-29.858602259291903,1,0,Montreal
C002133,4,1,0.22173991685444155,28.010396655173196,-29.020231089041587,0,0,Montreal
C008659,4,0,0.42763228484321447,30.105184390808244,-30.339650212270016,1,1,Gaspesie-Iles-de-la-Madeleine
C004401,4,0,0.029820232505417047,27.852776586212364,-30.653561054226106,0,1,Cote-Nord
C003678,4,1,0.8268826696581183,31.477195540230927,-30.219528214978606,1,0,Capitale-Nationale
C007772,4,0,0.19197910814440025,29.02158662069278,-30.177517431940053,0,0,Montreal
C010745,4,0,0.00955169182447149,25.27158662069278,-29.004663238540946,0,0,Capitale-Nationale
C011925,4,0,0.12990109614938722,28.53079331034639,-30.060424461069875,0,0,Montreal
C009151,4,1,0.9733662591584279,31.06079331034639,-28.166479800622398,1,0,Montreal
C003908,4,1,0.3608834776322088,28.024787735635048,-28.484466576001207,0,0,Montreal
C000987,4,0,0.3891473713847751,29.667988850577316,-30.030642588397924,0,0,Montreal
C002578,4,0,0.3834487481915125,30.555184390808243,-30.937171615045152,1,1,Gaspesie-Iles-de-la-Madeleine
C006888,4,0,0.008357983518184441,25.298782160923704,-29.140201529337673,0,0,Capitale-Nationale
C002963,4,0,0.007067660348873375,25.741189965519585,-29.71852521518761,0,0,Capitale-Nationale
C012036,4,1,0.9899840971407428,32.70198327586597,-29.0074520885118,1,0,Montreal
C010033,4,0,0.09083350278159129,27.730793310346392,-29.58348198534378,0,0,Montreal
C008660,4,0,0.002309947365304649,24.853994425288658,-29.734618851985392,0,0,Montreal
C011915,4,1,0.7854854859778626,32.47478773563505,-31.430876246350692,1,1,Gaspesie-Iles-de-la-Madeleine
C006393,4,1,0.9358636518488074,32.91518439080824,-30.759310692059444,1,1,Gaspesie-Iles-de-la-Madeleine
C012694,4,0,0.0018617039102607265,27.08237993103917,-32.13687781458031,0,1,Bas-Saint-Laurent
C012320,4,0,0.0003188526160492046,24.503173241385557,-30.978102998446907,0,1,Cote-Nord
C006651,4,0,0.5285054732226249,30.22118996551958,-30.129383418642092,1,0,Capitale-Nationale
C007481,4,1,0.5288526529952629,29.274391080461854,-29.181463909870168,0,0,Montreal
C008572,4,1,0.8904025496071031,29.71478773563505,-28.029907127644382,0,0,Capitale-Nationale
C009839,4,1,0.9990722815341776,35.11079331034639,-29.4953378165108,1,0,Montreal
C000142,4,0,0.1571470688892526,27.69079331034639,-29.041691962630527,0,0,Montreal
C012531,4,0,0.00625343883460509,25.267988850577318,-29.344427180921983,0,0,Montreal
C012221,4,1,0.9940212104677459,33.23838550575051,-29.125601391767805,1,0,Montreal
C002149,4,0,0.0010454258635189963,23.550396655173195,-29.06968355752988,0,0,Capitale-Nationale
C001012,4,0,0.009775729211767442,27.155184390808245,-30.86943200329101,0,1,Bas-Saint-Laurent
C012282,4,0,0.4133721074223501,31.411586620692777,-31.69312333382564,1,1,Cote-Nord
C003528,4,0,0.5394171748147917,31.924787735635046,-31.797712234860935,1,1,Cote-Nord
C007570,4,1,0.938404497321121,32.36838550575051,-30.177819685334146,1,0,Montreal
C009625,4,0,0.23478825171013518,28.13798885057732,-29.08823557661217,0,0,Capitale-Nationale
C009338,4,1,0.7776020964177321,30.647988850577317,-29.641217809721162,1,0,Montreal
C006549,4,1,0.9921447050500761,34.988782160923705,-31.09706539769368,1,1,Cote-Nord
C010798,4,0,0.02504482420102012,26.121189965519584,-29.066288730768242,0,0,Capitale-Nationale
C010229,4,1,0.9979911738969024,35.32079331034639,-30.32758719372214,1,0,Montreal
C004910,4,1,0.9873384651332918,32.67759219540412,-29.17373512713764,1,0,Montreal
C002803,4,0,0.018965993943154423,27.71079331034639,-30.884500446679578,0,1,Cote-Nord
C013634,4,1,0.9992875858205269,35.21118996551959,-29.383172464242335,1,0,Montreal
C008809,4,1,0.4900970805191672,31.424787735635046,-31.456651292705452,1,1,Bas-Saint-Laurent
C006580,4,0,0.38709537062850924,29.314787735635047,-29.68439107127434,0,0,Montreal
C006632,4,1,0.5896850334669795,30.17158662069278,-29.879898970823273,1,0,Montreal
C002548,4,0,0.08811060848627654,27.307988850577317,-29.187561585830377,0,0,Capitale-Nationale
C012722,4,1,0.9671458186145437,33.13518439080824,-30.414848529631055,1,1,Bas-Saint-Laurent
C005664,4,1,0.34600640552857703,30.63798885057732,-31.150034081755297,1,1,Gaspesie-Iles-de-la-Madeleine
C012037,4,1,0.9929046138157822,34.485581045981434,-30.51141725554011,1,1,Cote-Nord
C005848,4,0,0.24912738962573475,27.93759219540412,-28.824945712762286,0,0,Montreal
C010268,4,0,0.22551547684498965,28.793994425288655,-29.786338119649795,0,0,Montreal
C013704,4,0,0.01237718943241765,26.11079331034639,-29.63315022511752,0,0,Capitale-Nationale
C000414,4,0,0.032417473956091444,28.107988850577318,-30.839450388566544,0,1,Cote-Nord
C000370,4,0,1.3760255711995993e-05,20.92759219540412,-29.930615288373517,0,0,Montreal
C002433,4,0,0.015120935236646522,28.0391788160969,-31.398258644419315,0,1,Cote-Nord
C008772,4,1,0.40112515566515056,28.821189965519583,-29.143533777794147,0,0,Montreal
C000415,4,0,0.0001067666369154035,24.66558104598144,-32.0206449707228,0,1,Bas-Saint-Laurent
C003163,4,1,0.8140288363929842,33.04439108046186,-31.856929733741254,1,1,Cote-Nord
C003668,4,0,0.015368857251109095,26.471983275865973,-29.81778041454576,0,0,Montreal
C011170,4,0,0.06428293408943177,27.250396655173194,-29.404308223374937,0,0,Capitale-Nationale
C013310,4,0,0.4916994113634148,29.475184390808245,-29.501891261586227,0,0,Montreal
C007500,4,0,0.531323836000992,28.841189965519582,-28.74028366482586,0,0,Capitale-Nationale
C003058,4,1,0.9807038973050597,31.76759219540412,-28.608034265164772,1,0,Montreal
C006805,4,0,0.7597716158486149,30.391189965519583,-29.46510478300938,1,0,Montreal
C013886,4,1,0.6199087281603085,30.154787735635047,-29.76135915687407,1,0,Montreal
C000604,4,0,0.02621566159407729,29.68838550575051,-32.59576981096228,0,1,Cote-Nord
C009498,4,0,2.295159512550392e-05,22.308385505750508,-30.899922541225372,0,1,Bas-Saint-Laurent
C005945,4,1,0.8128747535219163,31.378385505750508,-30.197041031972848,1,1,Cote-Nord
C007709,4,1,0.9250805128869001,31.474787735635047,-29.453224347313444,1,0,Montreal
C000375,4,1,0.060388459345107774,29.21439108046185,-31.421908409539395,0,1,Gaspesie-Iles-de-la-Madeleine
C004955,4,1,0.4521578758092348,30.441189965519584,-30.59557860663829,1,0,Montreal
C009629,4,0,0.9440411901517706,31.85158662069278,-29.579013742322196,1,0,Capitale-Nationale
C000833,4,0,0.002103640912506388,26.031983275865972,-30.988019722529593,0,1,Cote-Nord
C011751,4,1,0.9872751972716246,32.56439108046185,-29.064594479961244,1,0,Montreal
C012000,4,0,0.003137390604175599,27.347195540230928,-31.98090494944058,0,1,Gaspesie-Iles-de-la-Madeleine
C005094,4,1,0.614574060312863,31.09838550575051,-30.723118228611007,1,1,Bas-Saint-Laurent
C004460,4,1,0.10908862117437275,29.97838550575051,-31.66746839741673,1,1,Gaspesie-Iles-de-la-Madeleine
C010410,4,1,0.9892256630641764,33.134787735635044,-29.499580693559633,1,0,Capitale-Nationale
C009499,4,0,0.18233023673625998,28.641189965519583,-29.84814322829748,0,0,Montreal
C009239,4,1,0.7524941791697197,29.98439108046185,-29.09005025197121,1,0,Montreal
C007835,4,0,0.3879214912646643,30.787988850577317,-31.154792711518336,1,1,Bas-Saint-Laurent
C009000,4,1,0.43533840061776846,29.240396655173196,-29.449595605321598,0,0,Capitale-Nationale
C002708,4,1,0.5082124819692476,28.857988850577318,-28.831565511372364,0,0,Montreal
C005528,4,1,0.8590206703963922,32.38237993103917,-30.928878174592516,1,1,Gaspesie-Iles-de-la-Madeleine
C009603,4,0,0.009024434212666348,26.38079331034639,-30.159967719098915,0,0,Montreal
C006447,4,0,0.08203549051806017,29.121983275865976,-31.06435600512869,0,1,Bas-Saint-Laurent
C005565,4,0,3.0220138101157943e-05,23.397988850577317,-31.768242109338612,0,1,Cote-Nord
C003916,4,1,0.9992378159437967,35.48759219540412,-29.713927537054545,1,0,Montreal
C013379,4,0,0.4067341375570923,29.797195540230927,-30.100802335065413,0,0,Montreal
C004965,4,1,0.915272933287894,31.354787735635046,-29.440741852452074,1,0,Capitale-Nationale
C011099,4,1,0.9970504308096686,34.71478773563505,-30.031275941527483,1,0,Montreal
C006464,4,1,0.514320041434701,29.911586620692777,-29.865503989030703,0,0,Capitale-Nationale
C008384,4,0,0.03198082187371183,28.695184390808244,-31.437915978165307,0,1,Cote-Nord
C005304,4,0,0.0010001933045370314,24.377988850577317,-29.932886881813523,0,0,Capitale-Nationale
C010171,4,0,0.11871843317122686,29.731983275865975,-31.34428694031793,0,1,Bas-Saint-Laurent
C012177,4,0,0.014148071937398175,26.641189965519583,-30.054550859812096,0,0,Montreal
C013308,4,0,0.014983121774361539,27.17079331034639,-30.537349676412525,0,0,Capitale-Nationale
C001242,4,0,0.013336737081660388,25.451189965519582,-28.91271077651067,0,0,Montreal
C012230,4,1,0.5214183175168393,29.191586620692778,-29.12263802646378,0,0,Montreal
C000307,4,1,0.9996992041095908,35.90838550575051,-29.386553321389833,1,0,Montreal
C004468,4,0,0.40920532856990965,27.655184390808245,-27.950562135185965,0,0,Capitale-Nationale
C010686,4,0,0.06981033161642308,28.13759219540412,-30.2203942425675,0,0,Capitale-Nationale
C000369,4,1,0.9967457268020569,32.96838550575051,-28.364189449408585,1,0,Montreal
C011756,4,0,0.032301006489674725,26.064391080461853,-28.798844241236907,0,0,Montreal
C001150,4,1,0.8379599117913328,30.487988850577317,-29.166433917946264,1,0,Capitale-Nationale
C002581,4,0,0.007423761152395496,25.47798885057732,-29.41549951939298,0,0,Montreal
C010782,4,1,0.2045082415804226,29.36079331034639,-30.453306313471103,0,0,Montreal
C012799,4,0,0.0006578366185426062,25.45597770115463,-31.348143566813143,0,1,Gaspesie-Iles-de-la-Madeleine
C001258,4,1,0.8125621303860926,30.627988850577317,-29.44829633970097,1,0,Montreal
C006279,4,0,0.0009460806236917355,26.584787735635047,-32.18446472345906,0,1,Bas-Saint-Laurent
C013882,4,0,0.04695788159666123,28.898385505750507,-31.319635233337582,0,1,Cote-Nord
C011579,4,0,0.9194318997936908,32.17158662069278,-30.21341241371714,1,0,Montreal
C004309,4,0,0.0009045511145312393,23.86759219540412,-29.503406500100475,0,0,Montreal
C013456,4,0,0.019111957019747508,28.03478773563505,-31.202209022318165,0,1,Bas-Saint-Laurent
C001139,4,0,0.059133045778590895,26.86759219540412,-29.093080085114227,0,0,Montreal
C011882,4,0,0.001997440768848539,25.755184390808243,-30.75297110475043,0,1,Cote-Nord
C013887,4,0,0.11687307934470766,29.02158662069278,-30.6481727425439,0,1,Bas-Saint-Laurent
C012029,4,1,0.9990586981329318,35.325184390808246,-29.72143068970607,1,0,Montreal
C008729,4,1,0.11431689442237171,30.501189965519583,-32.14788700934672,1,1,Gaspesie-Iles-de-la-Madeleine
C009150,4,0,0.09563005564596765,30.061983275865973,-31.86902937200467,1,1,Gaspesie-Iles-de-la-Madeleine
C000691,4,0,0.005805645692378451,27.037988850577317,-31.174549035240247,0,1,Bas-Saint-Laurent
C013492,4,0,0.33370076253260345,28.594391080461854,-29.150554940829366,0,0,Capitale-Nationale
C001325,4,1,0.9584382292289509,31.505184390808243,-28.981213347163937,1,0,Capitale-Nationale
C000740,4,1,0.5540397451570075,29.425184390808244,-29.250647534634453,0,0,Montreal
C009145,4,1,0.43773743256582665,31.314391080461853,-31.515745544721423,1,1,Gaspesie-Iles-de-la-Madeleine
C003740,4,0,0.3945809347888889,32.07478773563505,-32.41910278879967,1,1,Bas-Saint-Laurent
C013610,4,0,0.13440814443397542,27.293994425288655,-28.792016020462405,0,0,Montreal
C004014,4,1,0.0907959798722797,29.665184390808243,-31.5182385781038,0,1,Gaspesie-Iles-de-la-Madeleine
C001915,4,1,0.6384253229473321,30.077592195404122,-29.62032264929494,1,0,Montreal
C004485,4,1,0.585705615991896,29.03439108046185,-28.755912307512947,0,0,Capitale-Nationale
C009868,4,0,0.029386206044615393,26.677988850577318,-29.490925372527542,0,0,Montreal
C010920,4,1,0.9999530599138159,37.22759219540412,-29.211533609377618,1,0,Montreal
C002392,4,1,0.8582061361870404,30.99079331034639,-29.542688134660473,1,0,Capitale-Nationale
C011101,4,0,0.20611049661595135,28.307592195404123,-29.392206768299936,0,0,Montreal
C003773,4,1,0.9998362728319663,37.19798885057731,-30.18685094334627,1,0,Montreal
C006669,4,0,0.7684088810852107,31.001586620692777,-30.036959096960253,1,0,Montreal
C012804,4,0,0.35748133432681745,29.39439108046185,-29.865958221715463,0,0,Montreal
C003736,4,0,0.10336291614906941,28.044787735635047,-29.782386030656976,0,0,Montreal
C007351,4,1,0.8017429582371355,32.69198327586597,-31.56820623097487,1,1,Bas-Saint-Laurent
C011746,4,1,0.9578049991677485,31.843994425288656,-29.332716639490496,1,0,Montreal
C006143,4,0,0.4715840228069294,30.7091788160969,-30.800696502977342,1,1,Bas-Saint-Laurent
C008017,4,0,0.008986078392357114,26.057988850577317,-29.84062009486329,0,0,Montreal
C003244,4,0,0.22119355045942649,30.778782160923704,-31.791165259473114,1,1,Cote-Nord
C012402,4,1,0.9927352101974594,32.941189965519584,-28.986140398578655,1,0,Montreal
C005118,4,1,0.9999589098196491,37.054787735635045,-28.931670767156103,1,0,Montreal
C003399,4,0,0.5328326850203781,28.307988850577317,-28.202208257194226,0,0,Capitale-Nationale
C005053,4,0,0.22485220693211508,27.834787735635047,-28.830188946948724,0,0,Montreal
C013278,4,0,0.002725244226822399,25.704391080461853,-30.451704240920893,0,0,Montreal
C009970,4,1,0.5670926833896243,29.56838550575051,-29.351227155908784,0,0,Montreal
C013573,4,1,0.9982827593654713,35.36759219540412,-30.24801241963714,1,0,Montreal
C009212,4,1,0.9993214415080799,37.00838550575051,-31.141180723492738,1,1,Bas-Saint-Laurent
C006336,4,0,0.21027464064994383,28.58759219540412,-29.651889428707037,0,0,Montreal
C005638,4,0,0.017428966534055974,26.04118996551958,-29.28413025747429,0,0,Capitale-Nationale
C011022,4,1,0.9990175055938658,36.69597770115463,-31.126705644412894,1,1,Gaspesie-Iles-de-la-Madeleine
C006611,4,0,0.3692531385291179,29.334391080461852,-29.765027332445676,0,0,Montreal
C000976,4,1,0.8678259824715783,31.308385505750508,-29.794809392927103,1,0,Capitale-Nationale
C012042,4,0,0.0003920495480979266,25.301189965519583,-31.609846265796527,0,1,Cote-Nord
C000066,4,1,0.9973306351585258,34.098782160923705,-29.3347610046777,1,0,Montreal
C012591,4,1,0.997434303999735,32.993994425288655,-28.198031010035866,1,0,Montreal
C011537,4,0,1.4975744459812906e-05,22.551586620692778,-31.486527403134723,0,1,Bas-Saint-Laurent
C013320,4,0,0.07145375331748544,28.868782160923704,-30.93144733670765,0,1,Gaspesie-Iles-de-la-Madeleine
C009816,4,0,0.00892771422480183,24.97158662069278,-28.75950611462031,0,0,Montreal
C013570,4,1,0.9997625015989969,36.64079331034639,-29.928879089796112,1,0,Capitale-Nationale
C007620,4,1,0.9960310579602901,34.747195540230926,-30.303253123260056,1,0,Montreal
C011588,4,1,0.9987598215093939,34.90759219540412,-29.52586025496445,1,0,Montreal
C010325,4,1,0.4704042243489897,29.18838550575051,-29.283711625147557,0,0,Montreal
C001576,4,1,0.9790901131731882,32.41759219540412,-29.323958814463886,1,0,Montreal
C009348,4,1,0.8491177328292094,30.49079331034639,-29.101218118744033,1,0,Capitale-Nationale
C009893,4,1,0.7875675614971885,29.660793310346392,-28.606908124178013,0,0,Montreal
C008054,4,0,0.07823852204178734,27.434787735635048,-29.418595695015515,0,0,Montreal
C009994,4,0,0.01735468440308154,28.474787735635047,-31.721224045766412,0,1,Gaspesie-Iles-de-la-Madeleine
C011795,4,1,0.21805848949776716,29.494391080461853,-30.521486443442022,0,0,Montreal
C003931,4,0,0.02145883837136665,26.044391080461853,-29.116730536378572,0,0,Montreal
C013262,4,1,0.2110895070982488,31.22838550575051,-32.288741601967274,1,1,Gaspesie-Iles-de-la-Madeleine
C004820,4,1,0.3112526722053,30.483994425288657,-31.122819681324692,1,1,Bas-Saint-Laurent
C008886,4,1,0.13595095169129323,28.197592195404123,-29.684999449369627,0,0,Montreal
C008961,4,0,0.010249872105914989,27.127592195404123,-30.80336125959454,0,1,Gaspesie-Iles-de-la-Madeleine
C005161,4,0,0.06253595819842452,28.561983275865973,-30.739555301561417,0,1,Gaspesie-Iles-de-la-Madeleine
C010959,4,1,0.9777070687885909,31.677195540230926,-28.636212072448156,1,0,Montreal
C003861,4,1,0.9752375363950192,32.95158662069278,-29.9971356849424,1,0,Capitale-Nationale
C002866,4,0,0.010805096959624505,24.72798885057732,-28.3608779509742,0,0,Montreal
C000285,4,0,0.2859797836011504,28.56158662069278,-29.297506681080378,0,0,Montreal
C010307,4,1,0.9348329296477725,30.74079331034639,-28.59862877932548,1,0,Montreal
C000128,4,1,0.6445587032085306,29.58158662069278,-29.102866842072167,0,0,Montreal
C008830,4,1,0.6265373699233778,30.01759219540412,-29.601458723665424,1,0,Montreal
C006923,4,0,0.2338016495764917,29.27759219540412,-30.232262078247697,0,0,Montreal
C013355,4,1,0.9368877166731554,31.087988850577318,-28.9182897679299,1,0,Capitale-Nationale
C013617,4,0,0.038768713430921774,26.857988850577318,-29.440252744680816,0,0,Montreal
C010377,4,0,0.0025413508675848936,24.11158662069278,-28.915237802713097,0,0,Montreal
C000199,4,1,0.42859277692943415,29.320793310346392,-29.55210383920909,0,0,Montreal
C005850,4,0,0.3226831497234862,28.863994425288656,-29.460352097369455,0,0,Montreal
C001569,4,0,0.0633004643874365,29.255581045981437,-31.422723982780276,0,1,Gaspesie-Iles-de-la-Madeleine
C003973,4,0,0.12134815214636785,29.551189965519583,-31.143468703735138,0,1,Bas-Saint-Laurent
C012048,4,0,0.8433846643381984,30.655184390808245,-29.301052418499996,1,0,Capitale-Nationale
C011771,4,0,0.03557485134647974,26.52158662069278,-29.17566725004244,0,0,Montreal
C012760,4,0,0.008593201687569264,27.63079331034639,-31.44969937433003,0,1,Cote-Nord
C003449,4,1,0.9443309862952634,31.171189965519584,-28.894194181399236,1,0,Montreal
C008501,4,1,0.9557765602147473,32.370793310346386,-29.898984794034806,1,0,Montreal
C001441,4,0,0.1624820496302434,30.02158662069278,-31.340526528728535,1,1,Cote-Nord
C007456,4,0,0.002684337396692697,25.257988850577316,-30.017499231912055,0,0,Capitale-Nationale
C011555,4,1,0.281663113418507,29.87237993103917,-30.625380584029134,0,1,Gaspesie-Iles-de-la-Madeleine
C010505,4,0,0.00010396868739669937,25.517988850577318,-32.8944136008231,0,1,Gaspesie-Iles-de-la-Madeleine
C010280,4,0,0.014655764029623815,27.468782160923706,-30.853373127619744,0,1,Bas-Saint-Laurent
C013494,4,1,0.9916940884140704,32.764391080461856,-28.917902896752928,1,0,Montreal
C000543,4,0,0.002967633398637786,26.79079331034639,-31.469379779780866,0,1,Cote-Nord
C001633,4,1,0.9735010656032194,32.028385505750514,-29.129879354468503,1,0,Capitale-Nationale
C009066,4,1,0.5682074407506693,30.97079331034639,-30.7499817165397,1,0,Capitale-Nationale
C008196,4,0,0.34517428556392754,29.80597770115463,-30.320982232513185,0,1,Cote-Nord
C004040,4,1,0.8930303336859126,31.941586620692778,-30.234816623398697,1,1,Gaspesie-Iles-de-la-Madeleine
C010513,4,0,0.0005647877045990121,22.564391080461853,-28.579291869484166,0,0,Capitale-Nationale
C008298,4,1,0.6453854899085567,31.321586620692777,-30.83996278975504,1,1,Bas-Saint-Laurent
C006402,4,1,0.993950807407107,34.64518439080825,-30.54187284283516,1,1,Gaspesie-Iles-de-la-Madeleine
C007475,4,1,0.8358522808561002,31.37079331034639,-30.061657743583815,1,0,Montreal
C006462,4,0,0.7517284522339845,32.06838550575051,-31.177347989211558,1,1,Gaspesie-Iles-de-la-Madeleine
C000484,4,0,0.0013261557372779985,25.23439108046185,-30.562142817684208,0,1,Gaspesie-Iles-de-la-Madeleine
C006166,4,0,0.0039035065555558636,27.232776586212363,-31.690142650059187,0,1,Cote-Nord
C000257,4,1,0.8234781138955147,32.45997212644329,-31.221287023909277,1,1,Gaspesie-Iles-de-la-Madeleine
C010902,4,0,0.15406602151838517,31.141983275865975,-32.5117423730725,1,1,Cote-Nord
C005527,4,0,0.03998527925872502,27.507988850577316,-30.06438327910245,0,1,Cote-Nord
C011168,4,0,0.0013149056483429246,24.61079331034639,-29.945406217532675,0,0,Montreal
C005107,4,0,0.05128801633018154,28.174787735635046,-30.521431335393213,0,1,Cote-Nord
C004730,4,0,0.46625908790790577,30.621586620692778,-30.730302144883268,1,1,Gaspesie-Iles-de-la-Madeleine
C007449,4,0,0.056647850800710796,27.67158662069278,-29.933729173486682,0,0,Montreal
C006724,4,0,0.1458357502134003,28.60079331034639,-30.022495587798733,0,0,Montreal
C013335,4,1,0.6031702809795568,29.707988850577316,-29.371237635955072,0,0,Montreal
C012720,4,0,8.041414139375897e-05,24.211189965519583,-31.79425627810079,0,1,Cote-Nord
C008757,4,0,0.0057548583016961245,25.447592195404123,-29.591260319871445,0,0,Montreal
C004187,4,0,0.13218571879001423,27.947195540230926,-29.46068960810066,0,0,Capitale-Nationale
C010753,4,0,0.013943070893190362,25.437195540230928,-28.8624628666594,0,0,Capitale-Nationale
C011470,4,0,0.06128101532056645,27.934787735635048,-30.12974004011477,0,0,Capitale-Nationale
C005586,4,0,0.5859388091146558,29.764787735635046,-29.48553596653899,0,0,Montreal
C012791,4,0,0.0892144149084628,28.067195540230927,-29.93578092475139,0,0,Montreal
C009120,4,0,0.27816204526356314,28.821189965519583,-29.588161102816702,0,0,Montreal
C007747,4,0,0.023508809133988777,25.83759219540412,-28.834862393101265,0,0,Montreal
C012414,4,0,0.4068935812000659,30.56118996551958,-30.86426534426634,1,1,Gaspesie-Iles-de-la-Madeleine
C008675,4,1,0.62714781952599,30.294787735635047,-29.876555258548382,1,0,Capitale-Nationale
C011314,4,0,0.26182698693915835,28.704391080461853,-29.53803606044003,0,0,Montreal
C012182,4,0,0.9167864591833887,32.611189965519586,-30.681317775614314,1,1,Cote-Nord
C012767,4,1,0.951824698874533,32.94237993103917,-30.542744465714634,1,1,Cote-Nord
C010557,4,0,0.006158265966084182,27.487988850577317,-31.57683907217702,0,1,Gaspesie-Iles-de-la-Madeleine
C013715,4,0,0.012686941111264331,26.775184390808242,-30.277408510487366,0,1,Bas-Saint-Laurent
C011599,4,1,0.6340908182440281,32.35878216092371,-31.91657628885712,1,1,Gaspesie-Iles-de-la-Madeleine
C011549,4,1,0.9987599928729819,33.787592195404116,-28.40574897487192,1,0,Capitale-Nationale
C002295,4,1,0.9967743684362336,34.50798885057731,-29.896659574809025,1,0,Capitale-Nationale
C006879,4,0,0.26892515256266314,28.92759219540412,-29.7319516217007,0,0,Montreal
C010523,4,1,0.40892660186215585,31.024787735635048,-31.321092865868188,1,1,Gaspesie-Iles-de-la-Madeleine
C004473,4,0,0.0639402468736654,30.224391080461853,-32.38289624122297,1,1,Bas-Saint-Laurent
C007978,4,1,0.33520735529567935,29.57439108046185,-30.12511121632761,0,0,Montreal
C003661,4,0,0.032130721663917956,27.12079331034639,-29.85963928563209,0,0,Montreal
C007285,4,1,0.9925670841529602,34.18838550575051,-30.251873466870236,1,1,Bas-Saint-Laurent
C003684,4,1,0.7526791145198619,30.738385505750507,-29.84324584696539,1,0,Capitale-Nationale
C006603,4,0,0.012704730197980501,27.934787735635048,-31.435870408495468,0,1,Gaspesie-Iles-de-la-Madeleine
C011912,4,1,0.8042610759355499,30.897988850577317,-29.761408661132435,1,0,Montreal
C007190,4,1,0.5050107337060981,29.00478773563505,-28.988666806309677,0,0,Montreal
C005389,4,1,0.9491061323233829,31.49838550575051,-29.145202959109316,1,0,Montreal
C009551,4,0,0.01835401913493699,27.351189965519584,-30.551778674979595,0,1,Cote-Nord
C007314,4,0,0.09140554328144646,29.044391080461853,-30.891524243547178,0,1,Cote-Nord
C004945,4,1,0.99914686448031,34.43838550575051,-28.755462266374355,1,0,Capitale-Nationale
C008448,4,1,0.6384598133141833,32.10558104598144,-31.648191325211293,1,1,Bas-Saint-Laurent
C005886,4,0,0.0338758455150187,27.924391080461852,-30.619246828124147,0,1,Cote-Nord
C010226,4,1,0.43106503120008516,28.891189965519583,-29.11438700789286,0,0,Capitale-Nationale
C002709,4,1,0.5042155944818636,29.52158662069278,-29.508024008928842,0,0,Montreal
C001272,4,0,0.017871295049786202,28.515184390808244,-31.737605154643155,0,1,Gaspesie-Iles-de-la-Madeleine
C013778,4,0,4.30006332397235e-05,22.773994425288656,-30.86055822861175,0,1,Bas-Saint-Laurent
C005732,4,1,0.9900563842947144,32.21158662069278,-28.511170885645846,1,0,Capitale-Nationale
C006181,4,1,0.9996839932668772,36.32118996551959,-29.839047065914578,1,0,Montreal
C004375,4,0,0.0031934840840938373,26.81158662069278,-31.430997837924586,0,1,Cote-Nord
C006700,4,0,0.45063604252048006,29.308385505750508,-29.467716853246678,0,0,Capitale-Nationale
C000485,4,1,0.2762436476313049,31.381983275865974,-32.15665528781926,1,1,Gaspesie-Iles-de-la-Madeleine
C007071,4,0,0.6128573661688222,29.675184390808244,-29.30574127516692,0,0,Montreal
C011076,4,1,0.356956774683845,29.29759219540412,-29.770996769791278,0,0,Montreal
C005463,4,0,0.05090909497721552,28.031586620692778,-30.384515657139865,0,1,Gaspesie-Iles-de-la-Madeleine
C000630,4,0,0.0026431934874087057,25.184787735635048,-29.95675446710899,0,1,Gaspesie-Iles-de-la-Madeleine
C000840,4,1,0.0569409334508561,30.178782160923703,-32.43652430101423,1,1,Cote-Nord
C000380,4,0,0.005436773063044648,26.001189965519583,-30.190846428357673,0,0,Montreal
C011069,4,1,0.966217606712504,33.00439108046185,-30.307235694633086,1,0,Capitale-Nationale
C012973,4,0,0.01725446443043021,26.991189965519585,-30.242366401104345,0,0,Montreal
C009129,4,1,0.9019111999592347,31.390793310346393,-29.606354657018517,1,0,Montreal
C012262,4,0,0.07225566275603684,28.87439108046185,-30.9273852305723,0,1,Gaspesie-Iles-de-la-Madeleine
C007932,4,0,0.2407649764805628,28.32439108046185,-29.248113500528063,0,0,Montreal
C002546,4,1,0.9949548444918292,33.44798885057732,-29.197889053488282,1,0,Montreal
C007445,4,0,0.10748049549658922,28.021189965519582,-29.72366803616567,0,0,Montreal
C010089,4,1,0.9904980058130725,34.958782160923704,-31.221469511178306,1,1,Cote-Nord
C012447,4,0,0.13443432614776296,28.111189965519582,-29.609030577679047,0,0,Capitale-Nationale
C010236,4,0,0.010437393048723327,28.531586620692778,-32.19262176642706,0,1,Cote-Nord
C011210,4,1,0.9523997508803427,32.651189965519585,-30.241410400444465,1,1,Gaspesie-Iles-de-la-Madeleine
C011632,4,0,0.004038901235491786,27.10237993103917,-31.532212353773513,0,1,Bas-Saint-Laurent
C008580,4,0,0.013598660244182216,26.121189965519584,-29.566854656247642,0,0,Montreal
C000754,4,0,0.1940189207779854,30.431983275865974,-31.577380442827145,1,1,Gaspesie-Iles-de-la-Madeleine
C000126,4,0,0.03317582118571433,29.24759219540412,-31.959824861944995,0,1,Cote-Nord
C004114,4,1,0.7324652889499109,29.77158662069278,-28.96152967500462,0,0,Capitale-Nationale
C003699,4,0,0.2815468146470881,29.161189965519583,-29.914652984331035,0,0,Capitale-Nationale
C012051,4,0,0.01930509696671747,28.685184390808242,-31.84436013615264,0,1,Cote-Nord
C010206,4,0,0.05941688222651665,27.11759219540412,-29.338986072623786,0,0,Capitale-Nationale
C011433,4,1,0.312949497188808,28.96237993103917,-29.5948484803912,0,0,Capitale-Nationale
C007186,4,0,0.3481946054672613,29.421189965519584,-29.925469137017195,0,0,Montreal
C007297,4,1,0.9005146097974357,32.31637435632783,-30.544552877495214,1,1,Bas-Saint-Laurent
C010124,4,0,0.07161851694404053,27.244787735635047,-29.305457716811276,0,0,Montreal
C006386,4,0,0.0017174923822056555,23.83158662069278,-28.95104829284563,0,0,Montreal
C002755,4,0,0.10040490688700428,27.92158662069278,-29.6851866972228,0,0,Montreal
C004511,4,0,0.06316880165588623,26.74838550575051,-28.917316129211155,0,0,Capitale-Nationale
C002251,4,1,0.999481257431112,34.86478773563505,-28.781451081466365,1,0,Montreal
C009677,4,1,0.3064006942893746,28.594391080461854,-29.25149893746792,0,0,Montreal
C007725,4,0,0.03776808802969994,26.404787735635047,-29.008919945955533,0,0,Capitale-Nationale
C002502,4,0,0.0005232234373478862,24.878782160923706,-30.955197607820146,0,1,Cote-Nord
C008889,4,1,0.0763008610920729,27.327592195404122,-29.333259092688223,0,0,Montreal
C011010,4,0,0.004069739344854063,27.037988850577317,-31.46167870007513,0,1,Bas-Saint-Laurent
C011105,4,0,0.10770852390802409,28.281586620692778,-29.98215461386368,0,0,Montreal
C013126,4,0,0.06244806083657443,26.814391080461853,-28.993169782115014,0,0,Montreal
C009209,4,0,0.056648929553897054,27.77759219540412,-30.039718512343764,0,0,Montreal
C008632,4,0,0.2150184814929137,29.428782160923703,-30.470290109236295,0,1,Bas-Saint-Laurent
C004020,4,1,0.9902670698614696,34.781586620692785,-31.063775244562407,1,1,Cote-Nord
C002474,4,1,0.9910798312019593,34.91198327586598,-31.123377607786956,1,1,Gaspesie-Iles-de-la-Madeleine
C009513,4,0,0.018298347430541203,26.141586620692777,-29.344664243819864,0,0,Montreal
C009926,4,0,0.03164619009380951,27.16478773563505,-29.916257377066945,0,1,Cote-Nord
C010787,4,0,0.06556218043557464,29.56158662069278,-31.698549412455726,0,1,Bas-Saint-Laurent
C003171,4,0,0.047345826973752496,27.29759219540412,-29.711897044261107,0,0,Capitale-Nationale
C007836,4,0,0.42419039879509496,28.630396655173197,-28.87618424973777,0,0,Capitale-Nationale
C009576,4,0,0.873002338283595,32.94158662069278,-31.391095302703604,1,1,Bas-Saint-Laurent
C004030,4,0,0.01407954291484132,26.33759219540412,-29.754914215424122,0,0,Montreal
C005216,4,1,0.9479623083126602,31.377592195404123,-29.04325563325422,1,0,Montreal
C006806,4,1,0.9909815384764036,32.834391080461856,-29.05467933854791,1,0,Montreal
C006343,4,0,0.11798349591249295,29.57478773563505,-31.192756377473263,0,1,Cote-Nord
C005769,4,1,0.7446324074181785,30.22798885057732,-29.367245365399867,1,0,Montreal
C006666,4,1,0.6251679198612065,29.49798885057732,-29.086559148182985,0,0,Montreal
C002646,4,0,0.002283669720236806,26.551586620692778,-31.44143419656435,0,1,Cote-Nord
C004255,4,0,0.17228958792958593,27.694391080461852,-28.956717997576707,0,0,Montreal
C007000,4,1,0.552544519744913,29.68838550575051,-29.518714325013434,0,0,Montreal
C001426,4,0,0.06013899098747005,29.654787735635047,-31.865848041492725,0,1,Gaspesie-Iles-de-la-Madeleine
C013150,4,1,0.9852314295205907,32.28759219540412,-28.909260308312987,1,0,Montreal
C006165,4,1,0.9963443938317407,33.400396655173196,-28.890058108440385,1,0,Capitale-Nationale
C007757,4,1,0.9996498806573483,35.43478773563505,-29.03512079023737,1,0,Capitale-Nationale
C007076,4,0,0.4414385749221575,28.761189965519584,-28.95046075894459,0,0,Montreal
C011968,4,0,0.010534871362042368,27.577592195404122,-31.23107140798536,0,1,Gaspesie-Iles-de-la-Madeleine
C009309,4,1,0.9162144363434387,32.541189965519585,-30.61732968353213,1,0,Montreal
C004009,4,1,0.8885126242375974,34.13198327586598,-32.46256283265025,1,1,Bas-Saint-Laurent
C003260,4,1,0.9130771627733354,30.79759219540412,-28.906056541194193,1,0,Capitale-Nationale
C004223,4,0,0.36074642435484533,31.311983275865973,-31.772140077293372,1,1,Gaspesie-Iles-de-la-Madeleine
C011911,4,0,0.001566166867524496,25.29759219540412,-30.491359056332954,0,0,Capitale-Nationale
C007889,4,0,0.34023122974820064,29.354391080461852,-29.887045256885383,0,0,Montreal
C012436,4,1,0.9356076248715148,32.704787735635044,-30.552338378777876,1,0,Montreal
C012594,4,0,0.23536765149417976,29.475184390808245,-30.422839542657204,0,1,Bas-Saint-Laurent
C001394,4,0,0.0060268684571401715,25.865184390808242,-29.971487681858775,0,0,Montreal
C010239,4,0,8.470704132077003e-06,20.671189965519584,-30.064436712203705,0,0,Montreal
C007209,4,1,0.5260317858536326,30.9991788160969,-30.915354303244815,1,1,Gaspesie-Iles-de-la-Madeleine
C004152,4,0,0.22507675005630676,30.96478773563505,-31.95915314087511,1,1,Gaspesie-Iles-de-la-Madeleine
C005431,4,1,0.9988239612587478,36.60478773563505,-31.1802933620762,1,0,Montreal
C008415,4,1,0.9627601668692326,31.647988850577317,-29.032086311844008,1,0,Capitale-Nationale
C012456,4,1,0.9993775113635787,35.97478773563505,-30.0381713393983,1,0,Montreal
C001695,4,0,0.02680640272903435,25.88158662069278,-28.770560185369714,0,0,Capitale-Nationale
C009245,4,0,0.022614801177223635,28.491189965519585,-31.520379095789636,0,1,Bas-Saint-Laurent
C012255,4,0,0.013887618066872952,28.181189965519582,-31.60970764330995,0,1,Gaspesie-Iles-de-la-Madeleine
C012101,4,0,0.18391945605517018,27.654787735635047,-28.85319628801623,0,0,Montreal
C009612,4,0,0.2283513658125267,30.14478773563505,-31.124129956818077,1,1,Gaspesie-Iles-de-la-Madeleine
C013062,4,1,0.5119247322187838,31.411983275865975,-31.373612091071664,1,1,Cote-Nord
C005025,4,1,0.8762307076772047,31.755184390808243,-30.181014228438183,1,0,Capitale-Nationale
C012396,4,1,0.8331594314613562,31.527988850577316,-30.234536037634197,1,0,Montreal
C007244,4,0,0.283266774530598,29.89478773563505,-30.641424537279917,0,1,Gaspesie-Iles-de-la-Madeleine
C003473,4,0,0.0026554843386644962,27.19079331034639,-31.959018836339467,0,1,Cote-Nord
C012252,4,1,0.6566412265988377,30.76838550575051,-30.24691264712043,1,1,Bas-Saint-Laurent
C003272,4,0,0.16006814049522558,27.884391080461853,-29.21768440019716,0,0,Capitale-Nationale
C009390,4,1,0.9997762729587861,38.41158662069278,-31.651617571824083,1,1,Gaspesie-Iles-de-la-Madeleine
C005916,4,0,0.011136189863984094,25.32439108046185,-28.93273561143491,0,0,Capitale-Nationale
C005615,4,1,0.9936561324393604,33.73399442528866,-29.669176585726646,1,0,Montreal
C000529,4,1,0.9184461959029582,30.834391080461852,-28.886859950520073,1,0,Montreal
C012751,4,1,0.8670654162787881,30.73439108046185,-29.22613502302737,1,0,Montreal
C013245,4,0,0.0006529526867944193,25.581983275865973,-31.480146605512903,0,1,Gaspesie-Iles-de-la-Madeleine
C006964,4,0,0.007872484236363702,25.764391080461852,-29.654335844267763,0,0,Montreal
C004989,4,0,0.11505646789258453,28.877195540230925,-30.518034077821472,0,0,Capitale-Nationale
C012803,4,1,0.793177106202409,29.661189965519583,-28.580072601691526,0,0,Montreal
C006545,4,1,0.9959726321015966,33.27118996551958,-28.83904823458449,1,0,Montreal
C001427,4,0,0.13538043228862603,27.357988850577318,-28.84930931682963,0,0,Capitale-Nationale
C011003,4,0,0.034127752664730365,27.435581045981436,-30.12426830997907,0,1,Gaspesie-Iles-de-la-Madeleine
C013807,4,0,0.03221334880525426,27.36079331034639,-30.097504960998464,0,0,Montreal
C008980,4,1,0.9594903414968122,33.49478773563504,-30.949311927607607,1,1,Bas-Saint-Laurent
C005184,4,0,0.003574215517654541,24.123994425288657,-28.652508298121944,0,0,Capitale-Nationale
C000058,4,1,0.9993690232443192,37.56198327586597,-31.636266772951252,1,1,Bas-Saint-Laurent
C008819,4,0,0.004220155037777014,25.354391080461852,-29.748769317835993,0,0,Montreal
C011073,4,0,0.003364785591339757,25.79759219540412,-30.374839485817848,0,0,Montreal
C012815,4,0,0.9322357743841241,32.063994425288655,-29.95549935812505,1,0,Capitale-Nationale
C004408,4,0,0.04895906029841544,27.05478773563505,-29.440780988649898,0,0,Montreal
C012899,4,0,0.0049757025426725495,26.601189965519584,-30.862494933655828,0,0,Montreal
C001968,4,1,0.9927803431260415,33.07079331034639,-29.110694876534016,1,0,Montreal
C012483,4,1,0.9606451533119967,32.92118996551959,-30.351485529994946,1,0,Montreal
C004455,4,0,0.36963438744662563,30.197592195404123,-30.62691216004886,1,0,Capitale-Nationale
C002860,4,1,0.4065585418280204,29.023994425288656,-29.32818654594154,0,0,Montreal
C007417,4,0,4.936127491538147e-06,22.67158662069278,-32.49918051936387,0,1,Cote-Nord
C013069,4,0,0.028646852152235877,28.65838550575051,-31.492429299519717,0,1,Cote-Nord
C010451,4,1,0.8791076977042819,31.087988850577318,-29.49226589665655,1,0,Montreal
C013630,4,0,0.0013112548874711443,25.085581045981435,-30.422433072554494,0,1,Cote-Nord
C008471,4,0,0.0005841700885876094,24.424391080461852,-30.4121376028846,0,1,Cote-Nord
C005108,4,0,0.0001380488464652509,23.957988850577316,-31.106354831996256,0,1,Bas-Saint-Laurent
C004446,4,0,0.05241313195141717,26.99759219540412,-29.32582819469092,0,0,Montreal
C013202,4,1,0.9017651459900279,29.724391080461853,-27.941279382788927,0,0,Montreal
C002117,4,1,0.7867485217604155,30.79118996551958,-29.741236661032044,1,0,Montreal
C009925,4,0,0.18117115837288877,28.547988850577315,-29.761210654875878,0,0,Capitale-Nationale
C010957,4,1,0.7921040065404662,30.594787735635048,-29.518921528187455,1,0,Montreal
C006164,4,1,0.8839972820767209,30.581189965519584,-28.947799531882893,1,0,Capitale-Nationale
C007002,4,0,0.14904612106672713,29.56158662069278,-30.962746952536737,0,1,Gaspesie-Iles-de-la-Madeleine
C013029,4,0,0.0523275115868418,27.40118996551958,-29.73081357502355,0,0,Montreal
C000167,4,1,0.994258657444409,33.330793310346394,-29.185223084468923,1,0,Capitale-Nationale
C009996,4,0,0.5016674054060384,28.904391080461853,-28.899026731437072,0,0,Montreal
C003647,4,1,0.931357387416463,31.435184390808242,-29.33780608904143,1,0,Montreal
C003067,4,1,0.5315681384311417,29.06838550575051,-28.966690121083854,0,0,Montreal
C013843,4,1,0.8143822930986621,30.071189965519583,-28.88184937214688,1,0,Montreal
C000187,4,0,0.1544558185323576,29.36759219540412,-30.734948254774977,0,1,Bas-Saint-Laurent
C004972,4,0,0.0014300286957448542,24.57439108046185,-29.841407290001438,0,0,Montreal
C002741,4,0,0.009005146528025322,27.55439108046185,-31.335301976774254,0,1,Cote-Nord
C006971,4,0,0.7644477731834298,30.13798885057732,-29.19115835050578,1,0,Montreal
C012333,4,0,0.026389426813322174,28.09838550575051,-31.000312774988064,0,1,Gaspesie-Iles-de-la-Madeleine
C011208,4,0,0.022382085152381756,27.15399442528866,-30.191694433665916,0,0,Capitale-Nationale
C005879,4,1,0.8442450190425689,30.81798885057732,-29.458606316538905,1,0,Capitale-Nationale
C005394,4,1,0.9309767458718358,32.014391080461856,-29.92178925418208,1,0,Montreal
C004201,4,1,0.9327701655118443,32.47478773563505,-30.35946392672895,1,1,Gaspesie-Iles-de-la-Madeleine
C010383,4,0,0.026554612022669136,26.697988850577318,-29.5947608519079,0,0,Montreal
C011141,4,0,0.008272964441632228,25.49838550575051,-29.3480971513375,0,0,Montreal
C000974,4,0,0.030688769761382153,27.9391788160969,-30.716151944377305,0,1,Gaspesie-Iles-de-la-Madeleine
C004515,4,0,0.566951589638936,31.63158662069278,-31.414890498899013,1,1,Bas-Saint-Laurent
C007061,4,0,0.18767451503552057,28.771189965519582,-29.949633403932452,0,0,Montreal
C000204,4,1,0.5241448563154675,29.801189965519583,-29.723451358339215,0,0,Montreal
C004603,4,0,0.0014870403384580732,25.54158662069278,-30.777114459892793,0,1,Bas-Saint-Laurent
C006184,4,1,0.656446658264646,30.347592195404122,-29.826813323894683,1,0,Capitale-Nationale
C005424,4,1,0.9063562936478482,30.97798885057732,-29.15229609343855,1,0,Montreal
C013543,4,0,0.0013619119404728727,25.884391080461853,-31.190715633880334,0,1,Gaspesie-Iles-de-la-Madeleine
C005540,4,1,0.6580208783133563,32.164787735635045,-31.638388527431907,1,1,Cote-Nord
C000751,4,1,0.6724468772049256,31.1991788160969,-30.620672775757683,1,1,Gaspesie-Iles-de-la-Madeleine
C009751,4,1,0.9867861267518502,31.704391080461853,-28.235326284223408,1,0,Capitale-Nationale
C009353,4,1,0.9932974555434094,34.335184390808244,-30.314891921700937,1,1,Gaspesie-Iles-de-la-Madeleine
C011827,4,1,0.9260238457189642,31.694391080461852,-29.66181656811175,1,0,Montreal
C010932,4,0,0.037573999606317035,27.05439108046185,-29.662829385409566,0,0,Montreal
C012784,4,1,0.680581668872995,29.79759219540412,-29.189187906660095,0,0,Montreal
C008549,4,1,0.8575585608673547,30.854787735635046,-29.410954541835196,1,0,Capitale-Nationale
C013409,4,1,0.9031859839877232,32.31118996551958,-30.515094019006217,1,1,Bas-Saint-Laurent
C010889,4,0,0.004601299993481696,26.384391080461853,-30.70891661193469,0,1,Gaspesie-Iles-de-la-Madeleine
C009331,4,0,0.009618089878000722,28.36759219540412,-32.09504323901759,0,1,Gaspesie-Iles-de-la-Madeleine
C011360,4,0,0.0973532319387926,27.201189965519582,-28.992338427653458,0,0,Montreal
C001650,4,0,0.057838433654447026,27.86759219540412,-30.11199017972516,0,0,Montreal
C009542,4,0,0.006446075385777458,27.187988850577316,-31.239869047196926,0,1,Cote-Nord
C004036,4,0,0.006841264254118163,28.091586620692777,-32.095290558391056,0,1,Bas-Saint-Laurent
C009304,4,1,0.8977819863129921,31.33158662069278,-29.58400351042134,1,0,Montreal
C009049,4,0,0.06984646032889132,28.735184390808243,-30.817539063116413,0,1,Bas-Saint-Laurent
C000900,4,1,0.8881965092057081,34.24158662069278,-32.57472967158675,1,1,Gaspesie-Iles-de-la-Madeleine
C000411,4,0,0.0002407015410797925,24.13518439080824,-30.836321038332123,0,1,Gaspesie-Iles-de-la-Madeleine
C013003,4,1,0.9992298338562826,34.05719554023093,-28.291916584751725,1,0,Capitale-Nationale
C002425,4,0,0.010921731192460368,27.096374356327825,-30.72053330513743,0,1,Gaspesie-Iles-de-la-Madeleine
C002545,4,0,0.04900766707096827,28.774787735635048,-31.159941771557442,0,1,Bas-Saint-Laurent
C006081,4,1,0.5711562887265994,30.283994425288657,-30.05350794348758,1,0,Capitale-Nationale
C008687,4,0,0.007709581975531052,27.14478773563505,-31.051682075279157,0,1,Cote-Nord
C013255,4,0,0.07917211243689129,27.724787735635047,-29.69824015737832,0,0,Montreal
C008421,4,0,0.022577654549305985,27.825581045981437,-30.856122945603254,0,1,Gaspesie-Iles-de-la-Madeleine
C003648,4,1,0.9846416936696556,32.81759219540412,-29.471234091127716,1,0,Montreal
C007355,4,1,0.9955758110197925,32.78838550575051,-28.4321468636168,1,0,Montreal
C012819,4,1,0.7454012860488038,31.859575471270094,-30.99557665860547,1,1,Bas-Saint-Laurent
C004527,4,0,0.005144361054133899,24.653597770115464,-28.887955617442362,0,0,Montreal
C013286,4,0,0.02653136603798374,26.56158662069278,-29.45908221707781,0,0,Montreal
C008871,4,1,0.7282349532487212,29.803597770115466,-29.01081767395825,0,0,Montreal
C002455,4,0,0.000947702500333389,25.04838550575051,-30.64668356007056,0,1,Gaspesie-Iles-de-la-Madeleine
C005819,4,1,0.432880799999496,28.674787735635046,-28.892032958795696,0,0,Montreal
C011177,4,0,0.007153587193945791,27.467592195404123,-31.435138412579185,0,1,Cote-Nord
C007092,4,0,0.035487549353614055,26.417988850577316,-29.07411847317072,0,0,Montreal
C005941,4,1,0.9654771772180635,32.734787735635045,-30.055686704767613,1,0,Montreal
C000208,4,0,0.006964517164751873,27.577988850577317,-31.567231727606398,0,1,Bas-Saint-Laurent
C009182,4,0,0.38362656679971396,29.001189965519583,-29.382572299109416,0,0,Montreal
C010436,4,0,0.727373379097886,30.04118996551958,-29.25190779963331,1,0,Capitale-Nationale
C011964,4,1,0.9998496518637608,38.571983275865975,-31.492270311993924,1,1,Cote-Nord
C012195,4,1,0.9733168689351382,34.391586620692784,-31.498804041188684,1,1,Gaspesie-Iles-de-la-Madeleine
C008106,4,0,0.5898720104162741,29.97158662069278,-29.679277393805958,1,0,Montreal
C010151,4,0,0.044024343549233964,29.75838550575051,-32.233990689504395,0,1,Bas-Saint-Laurent
C005569,4,0,0.10102111770033972,29.221983275865973,-30.980111166272277,0,1,Cote-Nord
C002103,4,0,0.0007275453866380872,25.077988850577317,-30.88909040678814,0,1,Gaspesie-Iles-de-la-Madeleine
C013777,4,0,0.9903354845023186,33.06558104598144,-29.342040612518847,1,0,Capitale-Nationale
C011389,4,0,0.007687912339652346,27.935184390808242,-31.84436013615264,0,1,Gaspesie-Iles-de-la-Madeleine
C012394,4,0,0.004082049988512232,27.72838550575051,-32.14963616253729,0,1,Gaspesie-Iles-de-la-Madeleine
C012176,4,0,0.570319050713133,30.16439108046185,-29.93665315063957,1,0,Montreal
C010466,4,1,0.9754395377301429,32.037988850577314,-29.07678336190397,1,0,Montreal
C004694,4,1,0.03625981557342607,29.968782160923706,-32.60695256091804,1,1,Bas-Saint-Laurent
C013017,4,0,0.7856795320299257,30.96079331034639,-29.91595527494499,1,0,Montreal
C004525,4,0,0.299216122470884,31.42838550575051,-32.11286560713746,1,1,Cote-Nord
C008688,4,0,0.20742824638770918,27.79079331034639,-28.868945946918945,0,0,Montreal
C005688,4,0,0.0006409441684832063,23.983994425288657,-29.89709696046403,0,0,Montreal
C000157,4,1,0.9567613600740598,33.607592195404116,-31.116842374477145,1,1,Bas-Saint-Laurent
C004054,4,0,0.04920811278101614,26.937988850577316,-29.319690423426472,0,0,Montreal
C000898,4,1,0.5495022703012442,30.771189965519582,-30.6114092495876,1,0,Montreal
C011604,4,0,0.8566327425051318,31.184391080461854,-29.746637368746523,1,0,Capitale-Nationale
C006162,4,0,0.06908580065492957,29.267988850577318,-31.35980814676958,0,1,Gaspesie-Iles-de-la-Madeleine
C000309,4,0,0.6715042769948202,30.261189965519584,-29.686123322177945,1,0,Montreal
C003418,4,0,0.08006585800204843,28.697988850577318,-30.66163174613941,0,1,Gaspesie-Iles-de-la-Madeleine
C009142,4,0,0.0002750045299769855,23.97158662069278,-30.56553987438578,0,1,Cote-Nord
C000339,4,0,0.059146522845696804,29.3591788160969,-31.584471898711154,0,1,Gaspesie-Iles-de-la-Madeleine
C004886,4,0,0.18164579275531267,29.911586620692777,-31.1222377403482,0,1,Gaspesie-Iles-de-la-Madeleine
C002400,4,1,0.9649494694563463,32.20439108046185,-29.537930993180616,1,0,Montreal
C005517,4,1,0.987156242187141,32.39118996551959,-28.898974111592846,1,0,Capitale-Nationale
C000085,4,0,0.028527670753791912,26.761983275865973,-29.59947888025552,0,0,Montreal
C013746,4,0,0.004697274267827087,27.64478773563505,-31.95263227378305,0,1,Gaspesie-Iles-de-la-Madeleine
C011510,4,0,0.015387491101101792,25.361189965519582,-28.705997315174628,0,0,Montreal
C008628,4,0,0.1075773156736641,29.751983275865975,-31.453649898436403,0,1,Gaspesie-Iles-de-la-Madeleine
C000655,4,0,0.00030846749259982555,23.821189965519583,-30.322760235314433,0,0,Capitale-Nationale
C002460,4,0,0.25111264590999943,29.884787735635047,-30.7636280622956,0,1,Cote-Nord
C007977,4,0,0.006193581817933557,25.077195540230925,-29.161417971931805,0,0,Montreal
C012685,4,0,0.0018579457304099302,25.423994425288658,-30.480120586068896,0,0,Montreal
C011137,4,0,0.4773768838072897,30.485184390808243,-30.558016563660466,1,1,Bas-Saint-Laurent
C002714,4,1,0.582826042017008,29.905184390808245,-29.636240550526118,0,0,Montreal
C003984,4,0,0.002579239770745658,26.79118996551958,-31.582907933095676,0,1,Gaspesie-Iles-de-la-Madeleine
C005697,4,0,0.09376603117825225,26.87079331034639,-28.695327564706517,0,0,Capitale-Nationale
C000605,4,1,0.9945580778290093,34.5087821609237,-30.31989123856774,1,1,Bas-Saint-Laurent
C009291,4,0,0.4084478042261171,29.12079331034639,-29.418691962125546,0,0,Capitale-Nationale
C012432,4,0,0.04204717165157615,26.97118996551958,-29.485414646181773,0,0,Capitale-Nationale
C001800,4,0,1.7487198088686608e-05,21.43759219540412,-30.247835627420315,0,0,Montreal
C002412,4,1,0.7780735852485176,30.184391080461854,-29.175425584985025,1,0,Montreal
C013879,4,0,0.03506025395444915,29.261983275865973,-31.92821216963491,0,1,Cote-Nord
C013709,4,0,0.06435147074562397,29.604391080461852,-31.757386678389008,0,1,Gaspesie-Iles-de-la-Madeleine
C003308,4,1,0.31373301421658006,30.898782160923705,-31.528321811953088,1,1,Bas-Saint-Laurent
C010135,4,0,0.5998016031138572,31.514787735635046,-31.18933985561237,1,1,Bas-Saint-Laurent
C010996,4,1,0.9142578415575701,31.873994425288657,-29.970419791289753,1,0,Montreal
C012480,4,0,0.0035220771816220605,26.514787735635046,-31.055162609132875,0,1,Gaspesie-Iles-de-la-Madeleine
C005348,4,1,0.9305034307997848,34.22158662069278,-32.134890282192146,1,1,Bas-Saint-Laurent
C001516,4,0,0.16008361550265773,28.011189965519584,-29.34439071336281,0,0,Montreal
C009519,4,0,0.0025253473509319413,26.65838550575051,-31.467130438175893,0,1,Gaspesie-Iles-de-la-Madeleine
C001398,4,1,0.9905810920923169,34.971189965519585,-31.226746115499065,1,1,Gaspesie-Iles-de-la-Madeleine
C013015,4,0,0.00034920771743503833,23.944787735635046,-30.34655232772693,0,1,Bas-Saint-Laurent
C008378,4,0,0.004828145872202435,25.314787735635047,-29.60042444701583,0,0,Montreal
C004974,4,0,0.023140159826223257,27.24759219540412,-30.257878290584227,0,0,Capitale-Nationale
C007503,4,1,0.8118238142217594,32.58798885057732,-31.41218935392339,1,1,Gaspesie-Iles-de-la-Madeleine
C005988,4,0,0.07622959894723329,28.691983275865972,-30.698463751276343,0,1,Gaspesie-Iles-de-la-Madeleine
C003383,4,1,0.6616091286207814,30.46439108046185,-29.925134191758488,1,0,Capitale-Nationale
C006825,4,1,0.9973850628115246,34.78198327586597,-30.001349409032464,1,0,Montreal
C006710,4,0,0.038692453635681835,28.972379931039168,-31.556291269763957,0,1,Bas-Saint-Laurent
C010442,4,0,0.32594843558582975,29.438782160923704,-30.02315515650216,0,0,Montreal
C005302,4,0,8.066291252389172e-06,20.267988850577318,-29.700581795757806,0,0,Capitale-Nationale
C010102,4,0,0.0984931666201981,28.00478773563505,-29.785556863247795,0,0,Montreal
C011887,4,0,0.06582454919576124,27.07439108046185,-29.20791579250218,0,0,Montreal
C009700,4,1,0.8532214311420779,30.671189965519584,-29.255558914828306,1,0,Montreal
C013419,4,1,0.98049530440395,32.55198327586598,-29.401244266992116,1,0,Montreal
C004370,4,0,0.0016028249072043436,25.058385505750508,-30.23351432122918,0,1,Bas-Saint-Laurent
C012141,4,0,0.0008243940478450647,25.895184390808243,-31.60569370602169,0,1,Bas-Saint-Laurent
C008235,4,0,0.0002832987581112086,25.251983275865975,-31.822030733929385,0,1,Gaspesie-Iles-de-la-Madeleine
C001164,4,1,0.5782434841317183,31.61838550575051,-31.364577327720827,1,1,Cote-Nord
C011146,4,1,0.9779643652279479,31.844787735635048,-28.794255811158987,1,0,Montreal
C001639,4,0,0.08484023912261147,27.454391080461853,-29.367263907084116,0,0,Montreal
C013251,4,0,0.27223405205158335,30.451983275865974,-31.242858384125583,1,1,Cote-Nord
C011849,4,0,0.33770833099282904,29.051189965519583,-29.592900075987554,0,0,Capitale-Nationale
C011977,4,1,0.45091954876770174,31.579575471270097,-31.73798580469894,1,1,Bas-Saint-Laurent
C002882,4,1,0.962762328604708,33.417988850577316,-30.802037816164578,1,1,Gaspesie-Iles-de-la-Madeleine
C003134,4,0,0.15340301918768895,30.255184390808243,-31.62904224175187,1,1,Bas-Saint-Laurent
C012355,4,0,0.40130934125814977,28.39439108046185,-28.716118267909984,0,0,Capitale-Nationale
C012568,4,0,0.044443643299600946,29.00478773563505,-31.472416018361585,0,1,Cote-Nord
C001493,4,0,0.3270495730825364,30.282776586212364,-30.863122077815586,1,1,Cote-Nord
C002395,4,0,0.06415541406399686,29.6191788160969,-31.774797071322926,0,1,Cote-Nord
C013321,4,0,0.00020472795399575965,24.90597770115463,-31.737338762782098,0,1,Gaspesie-Iles-de-la-Madeleine
C012348,4,0,0.22770621772549515,29.22798885057732,-30.21027877035645,0,0,Montreal
C013768,4,1,0.14812531279130361,27.587988850577318,-28.995003369923868,0,0,Capitale-Nationale
C004345,4,0,0.14434511266064268,27.40838550575051,-28.83975342308035,0,0,Montreal
C007524,4,0,0.019433800424918334,28.411189965519583,-31.564915876230003,0,1,Cote-Nord
C001769,4,0,0.00012096444485625227,22.698782160923706,-29.953417759763383,0,0,Capitale-Nationale
C002964,4,0,0.0026413498234810003,24.070793310346392,-28.84332272971659,0,0,Montreal
C000097,4,1,0.9753283777208811,33.90478773563505,-30.947305904025562,1,1,Bas-Saint-Laurent
C006260,4,0,0.03197215604633772,27.63798885057732,-30.380945606403372,0,0,Montreal
C010152,4,0,0.00047896247698871294,26.571189965519583,-32.71872953004815,0,1,Cote-Nord
C006444,4,1,0.9461504398604635,33.5687821609237,-31.263512017511875,1,1,Gaspesie-Iles-de-la-Madeleine
C012643,4,0,0.16315711308976757,27.694391080461852,-29.009347774400517,0,0,Montreal
C012854,4,1,0.8630686032543042,30.851189965519584,-29.370475417212212,1,0,Montreal
C013087,4,0,0.5768905655963437,31.04158662069278,-30.79223835131551,1,1,Cote-Nord
C008913,4,0,0.002573213160659332,26.3591788160969,-31.15278314011377,0,1,Cote-Nord
C013327,4,0,0.0010707339502945027,25.614787735635048,-31.114815558995062,0,1,Bas-Saint-Laurent
C011801,4,0,0.011161860295028345,25.315184390808245,-28.921656171664186,0,0,Montreal
C006069,4,1,0.2160905450945622,29.017988850577318,-30.05439743975503,0,0,Montreal
C005763,4,0,0.00573782103213771,27.491189965519585,-31.637256514417874,0,1,Cote-Nord
C005084,4,0,0.06273453290611736,29.991983275865973,-32.166835037340434,1,1,Cote-Nord
C013186,4,1,0.872796895990514,30.437988850577316,-28.888986869644366,1,0,Montreal
C012190,4,1,0.9993610633328291,36.217592195404116,-30.301964965430354,1,0,Capitale-Nationale
C010731,4,0,0.1365770943337052,28.98439108046185,-30.467519495398708,0,0,Capitale-Nationale
C010022,4,1,0.999360022973448,34.46478773563505,-28.55046988132092,1,0,Capitale-Nationale
C007299,4,1,0.9733700077907046,33.668385505750514,-30.773955688362875,1,1,Gaspesie-Iles-de-la-Madeleine
C000039,4,1,0.8967183497538672,30.89478773563505,-29.156483948385038,1,0,Montreal
C002745,4,0,0.003889188142089142,24.961983275865975,-29.422316543726197,0,0,Capitale-Nationale
C002147,4,1,0.8563774663016889,30.577195540230925,-29.141112373762837,1,0,Montreal
C009516,4,0,0.009129051399494425,26.857988850577318,-30.627808083140796,0,1,Bas-Saint-Laurent
C007783,4,1,0.9928148511179151,34.698782160923706,-30.734802253800336,1,1,Gaspesie-Iles-de-la-Madeleine
C005077,4,0,0.6948832013583597,30.395184390808243,-29.733211844345394,1,0,Montreal
C009740,4,0,0.014476417768245639,26.921189965519584,-30.31583036238766,0,0,Montreal
C013473,4,1,0.8648982341758823,31.071189965519583,-29.577953058816075,1,0,Montreal
C000692,4,0,0.20671570487270408,28.957195540230927,-30.038838532156756,0,0,Montreal
C000164,4,1,0.90468161787565,31.434787735635048,-29.62483890433159,1,0,Montreal
C002409,4,0,0.0031062507610478615,27.044787735635047,-31.686545074788224,0,1,Cote-Nord
C000561,4,0,0.005360081496407237,25.854787735635046,-30.055932417252773,0,0,Montreal
C007159,4,0,0.0208406442706698,26.06079331034639,-29.15715138488663,0,0,Montreal
C001295,4,1,0.999967761714797,36.651189965519585,-28.332932808760738,1,0,Montreal
C008398,4,0,0.04489196127079202,28.143994425288657,-30.603172744149816,0,0,Capitale-Nationale
C005526,4,0,0.009412660715306175,28.218385505750508,-31.96336806102484,0,1,Gaspesie-Iles-de-la-Madeleine
C013064,4,0,0.21499808178493346,28.79838550575051,-29.839990665622096,0,0,Montreal
C012931,4,1,0.8703737450145284,30.663994425288656,-29.132405756423683,1,0,Capitale-Nationale
C001741,4,1,0.9195721458036898,33.5687821609237,-31.609084016365035,1,1,Cote-Nord
C003607,4,0,0.0008150965019072809,25.32478773563505,-31.044426917618367,0,1,Gaspesie-Iles-de-la-Madeleine
C011704,4,0,0.13930166048476084,29.187988850577316,-30.652688436933477,0,0,Montreal
C012976,4,0,0.5542230794971683,29.454787735635048,-29.279654066290234,0,0,Montreal
C003585,4,1,0.9207947552146696,32.458782160923704,-30.485695193163707,1,1,Gaspesie-Iles-de-la-Madeleine
C002900,4,1,0.9847183933373329,33.04878216092371,-29.698334691156735,1,0,Capitale-Nationale
C010966,4,0,0.00023947245069116984,24.461983275865975,-31.167238381326623,0,1,Gaspesie-Iles-de-la-Madeleine
C001478,4,0,0.20430502516434929,28.924787735635046,-30.018305786979045,0,0,Montreal
C013577,4,0,0.008202590143557559,27.17838550575051,-31.0350252379418,0,1,Gaspesie-Iles-de-la-Madeleine
C001352,4,1,0.9989316601823915,35.6991788160969,-30.197348674015725,1,1,Gaspesie-Iles-de-la-Madeleine
C002298,4,1,0.8010370538527862,31.47838550575051,-30.358175562229942,1,1,Gaspesie-Iles-de-la-Madeleine
C007853,4,1,0.8957440376529281,30.481189965519583,-28.75131231116382,1,0,Montreal
C013713,4,0,0.07642683074789296,27.590793310346392,-29.595023754244803,0,0,Montreal
C001395,4,0,0.19839699106921765,28.24759219540412,-29.370661284960363,0,0,Capitale-Nationale
C011172,4,0,0.003826551661657494,26.46478773563505,-30.938230384465705,0,1,Gaspesie-Iles-de-la-Madeleine
C000373,4,1,0.9995271132935645,35.068385505750506,-28.91057311183325,1,0,Montreal
C013388,4,0,0.16208576642137276,29.277988850577316,-30.599273245229664,0,1,Gaspesie-Iles-de-la-Madeleine
C002948,4,0,0.017303212824875118,28.54118996551958,-31.790057369041868,0,1,Gaspesie-Iles-de-la-Madeleine
C012272,4,1,0.9245651120803651,31.397592195404123,-29.38199114080072,1,0,Montreal
C006315,4,0,0.06588624955651684,29.10158662069278,-31.234304661708133,0,1,Cote-Nord
C006091,4,0,0.04013749330408426,27.11079331034639,-29.664004274342812,0,0,Capitale-Nationale
C002187,4,1,0.9994201498419866,37.514391080461856,-31.520671244944413,1,1,Bas-Saint-Laurent
C004642,4,1,0.9688098431453155,32.537988850577314,-29.774466050988906,1,0,Montreal
C005443,4,1,0.887686937050362,31.16237993103917,-29.49964198553464,1,0,Capitale-Nationale
C001825,4,0,0.6032627146902222,29.030396655173195,-28.693334828863872,0,0,Capitale-Nationale
C009634,4,0,0.12352026034871723,28.57478773563505,-30.15080637269215,0,1,Gaspesie-Iles-de-la-Madeleine
C007512,4,0,0.0056686091784397125,27.70158662069278,-31.85746984009407,0,1,Bas-Saint-Laurent
C000245,4,0,0.07842790220040469,26.807195540230925,-28.788893759218436,0,0,Montreal
C013384,4,0,0.04173048642704381,27.343597770115466,-29.864168886409058,0,0,Capitale-Nationale
C001498,4,1,0.8388739533123531,33.04478773563505,-31.717806235202367,1,1,Gaspesie-Iles-de-la-Madeleine
C004125,4,0,1.01272300506632e-05,22.12079331034639,-31.370380594185537,0,1,Gaspesie-Iles-de-la-Madeleine
C005794,4,0,0.2490037994845006,29.20838550575051,-30.09627049746431,0,0,Montreal
C010335,4,0,0.0006040712644670704,24.308385505750508,-30.269172208674906,0,1,Cote-Nord
C006939,4,1,0.7787601260614215,31.001586620692777,-29.989419784452046,1,0,Montreal
C008796,4,1,0.9951990442510192,35.23518439080824,-30.94498345750049,1,1,Cote-Nord
C012587,4,1,0.11580884994010007,27.751189965519583,-29.386102056073202,0,0,Montreal
C008934,4,0,0.026945476252496638,29.15158662069278,-32.03628329856541,0,1,Gaspesie-Iles-de-la-Madeleine
C004569,4,1,0.9582485228523319,31.647988850577317,-29.12783981547798,1,0,Montreal
C000950,4,0,0.3854802214169405,29.93759219540412,-30.31267516575458,0,0,Montreal
C003822,4,1,0.7431129658634691,30.301189965519583,-29.44686071286492,1,0,Capitale-Nationale
C004033,4,1,0.3259008990987811,28.86158662069278,-29.44613364287292,0,0,Capitale-Nationale
C001499,4,0,0.46563534564656067,28.88798885057732,-28.998720411978997,0,0,Capitale-Nationale
C009016,4,0,0.6407277261579607,31.7791788160969,-31.31387602278599,1,1,Gaspesie-Iles-de-la-Madeleine
C008233,4,0,0.0019245580115991889,26.197592195404123,-31.225333538308245,0,1,Bas-Saint-Laurent
C005007,4,1,0.844738200047443,32.50838550575051,-31.14598252133167,1,1,Gaspesie-Iles-de-la-Madeleine
C010953,4,1,0.9879441766679776,34.69158662069278,-31.147809174906584,1,1,Gaspesie-Iles-de-la-Madeleine
C010569,4,1,0.6624233101529599,30.07478773563505,-29.532604194587556,1,0,Capitale-Nationale
C001830,4,0,0.5115394921035737,30.995184390808245,-30.95805327233502,1,1,Gaspesie-Iles-de-la-Madeleine
C002294,4,0,0.0020905777491238785,24.443994425288658,-29.405051460454953,0,0,Capitale-Nationale
C005727,4,0,0.016506623375470344,27.174787735635046,-30.462213556358492,0,0,Montreal
C000813,4,0,0.004693689225535401,27.408782160923703,-31.717243680927577,0,1,Bas-Saint-Laurent
C004374,4,1,0.9572202283060985,32.37759219540412,-29.87787558502825,1,0,Capitale-Nationale
C005602,4,0,0.09999657283530834,27.627988850577317,-29.395231546538845,0,0,Montreal
C012653,4,0,0.302262973199769,30.871189965519584,-31.54401704149881,1,1,Bas-Saint-Laurent
C001181,4,0,0.024508089299473842,28.104391080461852,-31.06735666503306,0,1,Bas-Saint-Laurent
C004213,4,1,0.9297479584853272,30.957988850577316,-28.880641779133832,1,0,Montreal
C009394,4,0,0.006216539976410172,27.06838550575051,-31.149613543523785,0,1,Bas-Saint-Laurent
C008028,4,0,0.0009008893428134689,24.36759219540412,-30.006671965831003,0,0,Montreal
C008399,4,1,0.9971148515993139,34.01838550575051,-29.317060720135427,1,0,Capitale-Nationale
C003526,4,0,0.00809432622828605,25.44079331034639,-29.30820717156464,0,0,Montreal
C003427,4,0,0.018199985470905483,27.614391080461854,-30.821884388887266,0,0,Montreal
C000504,4,1,0.9777193967418464,32.46518439080824,-29.423745886100534,1,0,Montreal
C000403,4,0,0.039391898965447564,29.36838550575051,-31.93730203979033,0,1,Gaspesie-Iles-de-la-Madeleine
C009617,4,0,0.13910493816166347,27.61079331034639,-29.076813334065974,0,0,Capitale-Nationale
C009017,4,0,0.15480685956391865,28.06079331034639,-29.425989494801954,0,0,Montreal
C007315,4,1,0.9886194627965539,32.57118996551959,-28.98050095811474,1,0,Montreal
C001748,4,0,0.007747007314477548,26.691586620692778,-30.59455571753505,0,1,Cote-Nord
C011171,4,1,0.8981632294496824,31.037592195404123,-29.28666223062031,1,0,Capitale-Nationale
C012231,4,1,0.9655915691785422,32.274787735635044,-29.592921952722065,1,0,Montreal
C005796,4,0,0.027448080427011953,26.021189965519582,-28.89060711764541,0,0,Capitale-Nationale
C001402,4,0,9.885383962955438e-05,23.941189965519584,-31.35819329760426,0,1,Gaspesie-Iles-de-la-Madeleine
C004407,4,1,0.2624920092029929,28.33079331034639,-29.16167311611865,0,0,Capitale-Nationale
C010822,4,0,0.00826780385328557,27.41838550575051,-31.268603202569746,0,1,Gaspesie-Iles-de-la-Madeleine
C011104,4,0,0.3497745505148598,30.985184390808243,-31.483870376491858,1,1,Gaspesie-Iles-de-la-Madeleine
C011478,4,0,0.06919102350449173,27.15759219540412,-29.248096509478167,0,0,Montreal
C012212,4,1,0.8972564228221784,31.237592195404122,-29.494604810063418,1,0,Montreal
C013230,4,1,0.8065949836096409,30.21478773563505,-29.066229247740385,1,0,Montreal
C009368,4,0,0.11381864351941341,30.154787735635047,-31.80545029338103,1,1,Gaspesie-Iles-de-la-Madeleine
C013195,4,0,0.012580679753962156,25.39478773563505,-28.90386325809585,0,0,Montreal
C010756,4,0,0.5593447896746586,29.28439108046185,-29.092564538537896,0,0,Montreal
C010989,4,0,0.024383826437931702,27.72158662069278,-30.688743016421085,0,1,Gaspesie-Iles-de-la-Madeleine
C010517,4,0,0.12847857062811063,28.30439108046185,-29.84419235621166,0,0,Capitale-Nationale
C004990,4,1,0.965567459752568,31.780396655173195,-29.099114312088094,1,0,Montreal
C007183,4,0,0.8644587175631728,30.388782160923704,-28.89856637659886,1,0,Montreal
C009885,4,1,0.5380127040726855,31.597988850577316,-31.47545902920133,1,1,Gaspesie-Iles-de-la-Madeleine
C001135,4,1,0.3135214654468169,29.361983275865974,-29.99231333415688,0,1,Cote-Nord
C009502,4,0,0.51761838467316,29.634787735635047,-29.578082894131676,0,0,Montreal
C003112,4,1,0.9001145727931785,31.274391080461854,-29.506154600553362,1,0,Montreal
C010481,4,1,0.4035733566611443,27.85158662069278,-28.165741795036134,0,0,Montreal
C006307,4,0,0.0034074396369722215,24.52759219540412,-29.094673445192655,0,0,Montreal
C011691,4,1,0.9995751533778038,34.95439108046185,-28.710378046643974,1,0,Capitale-Nationale
C002512,4,0,0.8917639920938439,32.9291788160969,-31.23301569914447,1,1,Cote-Nord
C005293,4,0,0.5356631906113889,30.437988850577316,-30.323059085370353,1,0,Montreal
C006875,4,0,0.003381660983143714,26.568782160923703,-31.14199214831548,0,1,Bas-Saint-Laurent
C011279,4,1,0.7703456727483226,30.75478773563505,-29.781380956310596,1,0,Capitale-Nationale
C001365,4,0,0.04710187144840208,26.797988850577315,-29.2166545734331,0,0,Montreal
C005253,4,1,0.9928726592626952,35.0087821609237,-31.038258310925006,1,1,Bas-Saint-Laurent
C007662,4,1,0.9984957836314644,35.00079331034639,-29.774516033141875,1,0,Capitale-Nationale
C013110,4,1,0.5413776027253896,30.203994425288656,-30.070570441779537,1,0,Montreal
C012317,4,0,0.26400156986183776,28.04118996551958,-28.865809681164134,0,0,Montreal
C009014,4,0,0.012236755406603642,26.095184390808242,-29.626833493958266,0,0,Capitale-Nationale
C008096,4,0,0.09889751274596457,26.975581045981436,-28.75269422742734,0,0,Capitale-Nationale
C007483,4,0,0.01540148179847853,25.623994425288657,-28.968059395148394,0,0,Capitale-Nationale
C011458,4,0,0.04833799574550883,28.281586620692778,-30.67837296565427,0,1,Gaspesie-Iles-de-la-Madeleine
C008735,4,1,0.9996402693434256,36.11439108046185,-29.736513325465904,1,0,Capitale-Nationale
C011039,4,0,4.6506660468838574e-05,23.49838550575051,-31.52190545377828,0,1,Bas-Saint-Laurent
C013718,4,0,0.671826919538866,31.431189965519582,-30.854946620463572,1,1,Gaspesie-Iles-de-la-Madeleine
C007940,4,0,0.1959009512696364,27.843994425288656,-28.979747069061062,0,0,Montreal
C011639,4,0,0.03483713949674138,28.738782160923705,-31.410331671360286,0,1,Bas-Saint-Laurent
C010672,4,0,0.017720591255455415,26.15158662069278,-29.3809419335592,0,0,Montreal
C007153,4,1,0.883649698109416,31.307988850577317,-29.677321057925393,1,0,Montreal
C009946,4,0,0.23528217082193081,28.377988850577317,-29.32602606747258,0,0,Montreal
C002665,4,0,0.013988323595325947,25.424391080461852,-28.847015362449984,0,0,Montreal
C000449,4,1,0.7032999977039786,30.685184390808242,-29.991029771058905,1,0,Montreal
C000650,4,1,0.41480117417440077,28.162776586212363,-28.43957587314556,0,0,Montreal
C011942,4,0,0.004401721220330192,25.244391080461853,-29.604742793371685,0,0,Montreal
C005143,4,0,0.036866872235193776,27.99798885057732,-30.622298588070084,0,0,Capitale-Nationale
C008579,4,0,0.09181359683992682,30.271983275865974,-32.11517260476029,1,1,Bas-Saint-Laurent
C007556,4,0,0.008225869722918402,25.331189965519584,-29.185531407278113,0,0,Capitale-Nationale
C013526,4,1,0.9399653091798256,31.61158662069278,-29.399040953117073,1,0,Capitale-Nationale
C008177,4,0,0.18538582716834576,29.354787735635046,-30.54536268054225,0,1,Bas-Saint-Laurent
C011525,4,0,0.0007909704580587331,25.898782160923705,-31.642606461316664,0,1,Bas-Saint-Laurent
C007452,4,1,0.6127904884412948,30.204391080461853,-29.835174664812573,1,0,Capitale-Nationale
C002442,4,1,0.995903068844637,34.04759219540412,-29.629280285336048,1,0,Montreal
C009139,4,0,0.5369447663245976,31.435184390808242,-31.31610972285695,1,1,Cote-Nord
C000179,4,0,0.4604711285928846,29.945581045981434,-30.073018147518628,0,1,Gaspesie-Iles-de-la-Madeleine
C008325,4,0,0.0013641684639590825,26.027988850577316,-31.332980073301897,0,1,Gaspesie-Iles-de-la-Madeleine
C007738,4,1,0.9998134918341334,36.81759219540412,-29.911250733973414,1,0,Montreal
C000910,4,0,0.1533788739349838,28.83237993103917,-30.206387324036438,0,1,Bas-Saint-Laurent
C005097,4,0,0.10325375895126862,29.175184390808244,-30.913730423472835,0,1,Cote-Nord
C006446,4,0,0.3407682786657777,29.343994425288656,-29.874725083205597,0,0,Montreal
C007792,4,0,0.038208498596251875,28.143994425288657,-30.738433897223388,0,0,Capitale-Nationale
C012529,4,0,0.030012660544226195,27.401983275865973,-30.197434826220682,0,1,Cote-Nord
C000442,4,0,0.6075445200162427,30.044787735635047,-29.693309857945685,1,0,Capitale-Nationale
C012599,4,0,7.410167842944859e-05,23.37478773563505,-31.02361156869814,0,1,Bas-Saint-Laurent
C001343,4,0,0.0051024398882341775,25.671189965519584,-29.91216270036683,0,0,Capitale-Nationale
C013131,4,1,0.18948781850899526,28.538385505750508,-29.707297821449256,0,0,Montreal
C002932,4,1,0.9057638982658762,31.204787735635048,-29.38469281324975,1,0,Capitale-Nationale
C005612,4,0,0.22468821217341772,28.307988850577317,-29.304147025497763,0,0,Capitale-Nationale
C013334,4,0,0.3094418310315936,28.174787735635046,-28.82041781937225,0,0,Capitale-Nationale
C000513,4,0,0.15451748646813412,30.74158662069278,-32.10856296117057,1,1,Bas-Saint-Laurent
C007236,4,0,8.910557836591469e-06,22.47798885057732,-31.83051935665916,0,1,Bas-Saint-Laurent
C012110,4,1,0.8732285611999783,32.607988850577314,-31.05585516449111,1,1,Bas-Saint-Laurent
C001110,4,1,0.725843370625502,29.641189965519583,-28.85810254297888,0,0,Montreal
C005752,4,1,0.9507366664269,31.92158662069278,-29.540833823905704,1,0,Capitale-Nationale
C011809,4,1,0.8617225096716793,31.11079331034639,-29.639202094572305,1,0,Capitale-Nationale
C010468,4,0,0.0030449214990322785,25.877988850577317,-30.53583434247789,0,1,Gaspesie-Iles-de-la-Madeleine
C006892,4,0,0.001189033862924765,25.39439108046185,-30.8100363698286,0,1,Gaspesie-Iles-de-la-Madeleine
C010785,4,1,0.9967115745611874,34.191189965519584,-29.595418202765938,1,0,Montreal
C008335,4,1,0.9810126067906307,33.037592195404116,-29.864809572613172,1,0,Capitale-Nationale
C013450,4,1,0.8424280369405687,30.594787735635048,-29.24646635315134,1,0,Montreal
C011322,4,1,0.8072552082846036,29.79518439080824,-28.643217528724584,0,0,Capitale-Nationale
C001973,4,1,0.9995932241384595,35.28478773563505,-29.00580085616457,1,0,Capitale-Nationale
C005980,4,0,0.0005785289994961206,23.08079331034639,-29.076348839533242,0,0,Montreal
C007793,4,1,0.7928295977990455,29.891586620692777,-28.812171969183193,0,0,Montreal
C004060,4,1,0.9985090247299132,35.64198327586597,-30.408584074805614,1,1,Gaspesie-Iles-de-la-Madeleine
C011302,4,1,0.23492212951577304,30.398782160923705,-31.348429677009662,1,1,Bas-Saint-Laurent
C012989,4,1,0.8178587822612324,29.52558104598144,-28.317607647256985,0,0,Montreal
C004064,4,0,0.009303693845378894,25.14478773563505,-28.899224073930306,0,0,Capitale-Nationale
C009185,4,1,0.9526699100215588,32.55079331034639,-30.13620779687959,1,0,Montreal
C009354,4,1,0.8562059622788576,31.891189965519583,-30.456227745914067,1,0,Montreal
C000255,4,0,0.01733505119229614,26.924391080461852,-30.171753865102016,0,0,Montreal
C013900,4,0,0.1437251819623008,27.741189965519585,-29.17660209124499,0,0,Capitale-Nationale
C005577,4,1,0.5298625740694787,29.607195540230926,-29.511008039308845,0,0,Montreal
C011724,4,0,0.005765599944170273,27.195184390808244,-31.337343984590152,0,1,Bas-Saint-Laurent
C011082,4,0,0.22799455059644963,28.257592195404122,-29.23856398836006,0,0,Montreal
C009618,4,0,0.00022438982188087683,24.171983275865973,-30.929572634679708,0,1,Bas-Saint-Laurent
C002849,4,0,0.02032640967940459,28.398385505750507,-31.51526041859256,0,1,Bas-Saint-Laurent
C003298,4,0,0.03672342065496894,26.79759219540412,-29.425157381843466,0,0,Capitale-Nationale
C009904,4,1,0.9546698448301189,31.968385505750508,-29.51738896937203,1,0,Capitale-Nationale
C004583,4,0,0.027316509312409996,27.524787735635048,-30.398178299523128,0,1,Cote-Nord
C012756,4,0,0.0008043816918540587,24.955184390808242,-30.68547509623642,0,0,Capitale-Nationale
C011347,4,0,0.0017264590514803676,24.16478773563505,-29.28005406145789,0,0,Capitale-Nationale
C005195,4,0,0.046632116089993576,27.307592195404123,-29.734715940503516,0,0,Montreal
C002820,4,1,0.8283689388129726,30.98478773563505,-29.718741111987125,1,0,Montreal
C010640,4,0,0.03614465215285909,28.204391080461853,-30.845216133966346,0,1,Cote-Nord
C001314,4,0,0.0011553546805184957,25.384391080461853,-30.823173814105257,0,1,Gaspesie-Iles-de-la-Madeleine
C010850,4,0,0.030298884535878024,27.028782160923704,-29.816362329579913,0,0,Montreal
C010352,4,0,0.051092826799171986,28.561983275865973,-30.911859114682198,0,1,Bas-Saint-Laurent
C000778,4,0,0.0364442364176325,28.005581045981437,-30.639517180427934,0,1,Bas-Saint-Laurent
C004013,4,1,0.992303735056681,32.18838550575051,-28.28008988752554,1,0,Montreal
C012988,4,0,0.13212099252509296,28.044391080461853,-29.558339062344977,0,0,Montreal
C008060,4,0,0.0007149411414759441,26.045581045981436,-31.870748701603457,0,1,Cote-Nord
C006126,4,1,0.9625908667566977,31.82439108046185,-29.212278186079,1,0,Montreal
C008642,4,0,0.022238248596024496,25.101189965519584,-28.144193699540818,0,0,Capitale-Nationale
C007278,4,1,0.960321879994193,32.36759219540412,-29.8047381957087,1,0,Montreal
C001635,4,0,0.3996683093593682,29.364391080461854,-29.691615499470103,0,0,Montreal
C008472,4,1,0.9166114973708399,29.97759219540412,-28.049562815500085,1,0,Montreal
C007550,4,0,0.3832176898934322,31.315184390808245,-31.69795777114825,1,1,Gaspesie-Iles-de-la-Madeleine
C012489,4,1,0.9916198912951651,33.61439108046185,-29.775115961850755,1,0,Montreal
C000444,4,0,0.026293380956926137,28.087988850577318,-30.992928069429446,0,1,Gaspesie-Iles-de-la-Madeleine
C011607,4,0,0.026458275809502184,28.531983275865972,-31.43175803088112,0,1,Bas-Saint-Laurent
C002846,4,0,0.01080606686906026,26.12439108046185,-29.757207198887713,0,0,Capitale-Nationale
C007549,4,0,0.05977424713441895,27.57439108046185,-29.7906563587142,0,1,Bas-Saint-Laurent
C000936,4,1,0.9234178135113865,32.60118996551959,-30.59872808185139,1,1,Gaspesie-Iles-de-la-Madeleine
C012552,4,0,0.0076495732849244,26.878782160923706,-30.792009964469102,0,1,Cote-Nord
C009801,4,1,0.9737475439047015,34.03198327586597,-31.125757420246632,1,1,Bas-Saint-Laurent
C002017,4,0,0.0020391339798435846,26.33838550575051,-31.319523172238,0,1,Cote-Nord
C007486,4,0,0.15016712366351623,29.224787735635047,-30.618861239536272,0,1,Gaspesie-Iles-de-la-Madeleine
C002980,4,0,0.001131484161311385,25.74158662069278,-31.19717995153554,0,1,Gaspesie-Iles-de-la-Madeleine
C005762,4,1,0.908607341394828,31.15798885057732,-29.310730899543053,1,0,Montreal
C004402,4,0,0.2385593705261375,29.97118996551958,-30.904647441695168,1,1,Cote-Nord
C001492,4,1,0.5431941627830874,31.25439108046185,-31.115080804034505,1,1,Bas-Saint-Laurent
C004494,4,0,0.44033985182567964,28.96439108046185,-29.15724675961882,0,0,Montreal
C005994,4,0,0.004571798976172887,26.917592195404122,-31.247314851307255,0,1,Bas-Saint-Laurent
C003714,4,0,0.37576798637448217,28.877988850577317,-29.28620787575178,0,0,Capitale-Nationale
C003220,4,1,0.4129274292332863,29.24399442528866,-29.5270062514135,0,0,Montreal
C009098,4,0,0.008212985170565595,26.51079331034639,-30.36640598897387,0,0,Capitale-Nationale
C002683,4,1,0.9652278360272623,32.62518439080824,-29.952079231349995,1,0,Capitale-Nationale
C007560,4,0,0.08476328059974933,27.787195540230925,-29.70086590401707,0,0,Montreal
C001279,4,0,0.00028886242521765956,24.54118996551958,-31.095590646049327,0,1,Gaspesie-Iles-de-la-Madeleine
C010282,4,0,0.9739926214577448,32.34597770115463,-29.432005768771333,1,1,Gaspesie-Iles-de-la-Madeleine
C011194,4,1,0.9094002499244946,30.987592195404122,-29.132624307239826,1,0,Montreal
C007555,4,0,0.0012143476180787997,25.15798885057732,-30.55667060635043,0,1,Cote-Nord
C011714,4,0,0.3995249790815429,27.96079331034639,-28.288498222529814,0,0,Capitale-Nationale
C004167,4,1,0.6968776348492156,29.774391080461854,-29.10483876532186,0,0,Montreal
C001531,4,1,0.8946820406290474,31.431189965519582,-29.710417882673934,1,0,Montreal
C011821,4,1,0.9935538649932184,32.53759219540412,-28.48571948607509,1,0,Montreal
C010614,4,1,0.9994667442956173,35.70439108046185,-29.64325920644185,1,0,Capitale-Nationale
C003910,4,0,0.2721208084742293,28.70759219540412,-29.49892708377089,0,0,Capitale-Nationale
C005504,4,0,0.07600924717392774,29.671983275865973,-31.680983862600588,0,1,Gaspesie-Iles-de-la-Madeleine
C006171,4,0,0.00022631004668332284,25.22798885057732,-31.97872317929072,0,1,Cote-Nord
C008617,4,0,0.0015427955657240922,25.353994425288658,-30.559872716723806,0,0,Montreal
C013219,4,1,0.08565053073279483,30.341189965519582,-32.24570516348308,1,1,Cote-Nord
C011124,4,1,0.9991893094392973,34.234391080461855,-28.510389016235226,1,0,Capitale-Nationale
C011136,4,0,0.02417193649877495,28.18237993103917,-31.156730656022486,0,1,Bas-Saint-Laurent
C002214,4,0,0.30459671136888844,30.411983275865975,-31.075929700737518,1,1,Cote-Nord
C008956,4,0,0.17783917202401445,28.75478773563505,-29.986205499854247,0,0,Montreal
C005548,4,0,0.1179642543070512,30.461189965519583,-32.07930733381491,1,1,Gaspesie-Iles-de-la-Madeleine
C009921,4,1,0.9913267311431045,33.7203966551732,-29.909014852152126,1,0,Montreal
C002002,4,0,0.6519270685913443,29.65798885057732,-29.153278450453026,0,0,Montreal
C008447,4,0,0.024274592531354566,26.807988850577317,-29.778846433891566,0,0,Montreal
C008202,4,0,0.05140016919925319,27.41439108046185,-29.75918274593203,0,0,Capitale-Nationale
C005409,4,1,0.948825324839941,31.261189965519584,-28.912670913609645,1,0,Montreal
C006163,4,1,0.9407153137815315,31.92838550575051,-29.705087139083183,1,0,Montreal
C008893,4,0,0.0045285816978544524,25.12079331034639,-29.458190039701442,0,0,Montreal
C012409,4,0,0.00044686672676181867,24.148385505750507,-30.351738145051964,0,1,Gaspesie-Iles-de-la-Madeleine
C011163,4,0,0.3252152826278285,29.011189965519584,-29.598248426162026,0,0,Capitale-Nationale
C009855,4,1,0.9935202788138953,33.47439108046185,-29.426725273112876,1,0,Montreal
C011469,4,0,0.0005467102729470719,25.691586620692778,-31.732666344390665,0,1,Bas-Saint-Laurent
C005137,4,0,0.0009177660566502315,24.43158662069278,-30.055725061823203,0,1,Gaspesie-Iles-de-la-Madeleine
C011024,4,0,0.0025655574126335567,26.371983275865976,-31.167990248413076,0,1,Gaspesie-Iles-de-la-Madeleine
C011486,4,1,0.9211481519048538,31.001586620692777,-29.02459441767173,1,0,Montreal
C009752,4,0,0.04866277915705275,29.987988850577317,-32.37911468269147,1,1,Gaspesie-Iles-de-la-Madeleine
C006385,4,1,0.9900185804070096,33.51759219540412,-29.820259154661052,1,0,Montreal
C003837,4,1,0.6069931042581542,29.237195540230925,-28.887577252018637,0,0,Montreal
C005832,4,0,0.08189628921950481,27.307195540230925,-29.251056141685112,0,0,Capitale-Nationale
C012063,4,0,0.06752036785832874,27.871189965519584,-29.982794960624744,0,0,Montreal
C006360,4,1,0.8811006710387616,30.74079331034639,-29.129879354468503,1,0,Montreal
C011637,4,0,0.17003916256883933,27.691189965519584,-28.966275460725637,0,0,Montreal
C003523,4,1,0.8692753379434485,30.18158662069278,-28.657800186639342,1,0,Capitale-Nationale
C008474,4,1,0.39315265722009957,29.564391080461853,-29.913517957894634,0,0,Montreal
C004937,4,0,0.0002787204193990042,22.74759219540412,-29.33074753968147,0,0,Montreal
C004463,4,0,0.005975744801021775,27.84237993103917,-31.955576203471146,0,1,Bas-Saint-Laurent
C010123,4,0,0.017877538128838605,26.621189965519584,-29.8433246976598,0,0,Montreal
C011218,4,0,0.2504952822395846,28.53079331034639,-29.41227620148562,0,0,Capitale-Nationale
C009105,4,1,0.6747058523713106,30.62079331034639,-30.03402387448105,1,0,Montreal
C004702,4,1,0.9993476765085774,35.39798885057731,-29.499049611756607,1,0,Capitale-Nationale
C001073,4,1,0.9513845065309966,31.091189965519582,-28.69924224504609,1,0,Montreal
C003963,4,0,0.0016260148176920942,24.757592195404122,-29.921149076661383,0,0,Capitale-Nationale
C003481,4,1,0.8587113496260266,31.314391080461853,-29.862941744866838,1,0,Montreal
C008880,4,1,0.994290307359403,33.187592195404115,-29.03755032964902,1,0,Montreal
C012198,4,1,0.32987677347279415,29.154787735635047,-29.724824232797165,0,0,Capitale-Nationale
C007022,4,1,0.9999187717656527,36.777988850577316,-29.203024715625382,1,0,Capitale-Nationale
C007741,4,0,0.00047511368043954107,24.194787735635046,-30.34881955721765,0,1,Bas-Saint-Laurent
C010945,4,1,0.9658970322915418,31.674787735635046,-28.98549551091953,1,0,Montreal
C007846,4,1,0.9867785892836622,32.953994425288656,-29.48539442717108,1,0,Capitale-Nationale
C013318,4,1,0.9745127777037352,32.94079331034639,-30.0101427964609,1,0,Montreal
C000744,4,0,0.02394707850222821,28.621983275865976,-31.60403621468689,0,1,Bas-Saint-Laurent
C010000,4,0,0.002606747705941129,27.125581045981434,-31.908744360659576,0,1,Gaspesie-Iles-de-la-Madeleine
C011856,4,1,0.9845074509232246,33.82478773563505,-30.485538850766005,1,0,Capitale-Nationale
C004202,4,1,0.6513416624883147,30.877592195404123,-30.374955907531966,1,0,Capitale-Nationale
C002835,4,1,0.9991680516783643,34.42439108046185,-28.72122436159295,1,0,Montreal
C004008,4,1,0.7362518482203646,31.814787735635047,-30.98911871393434,1,1,Cote-Nord
C001391,4,1,0.7237037297373875,32.11478773563505,-31.340327402069384,1,1,Cote-Nord
C010345,4,0,0.8855582689814675,30.61079331034639,-28.96508746571707,1,0,Montreal
C004445,4,0,0.0011201620853410817,24.303994425288657,-29.767685480518338,0,0,Montreal
C002586,4,1,0.09866437224216924,27.76079331034639,-29.540012832400073,0,0,Capitale-Nationale
C002914,4,0,0.01282144287544235,26.590793310346392,-30.084425951158245,0,0,Montreal
C013885,4,0,0.0012602681267161848,23.74399442528866,-29.11278585737299,0,0,Capitale-Nationale
C011266,4,1,0.7582908668138247,31.474787735635047,-30.55521398284038,1,1,Gaspesie-Iles-de-la-Madeleine
C002081,4,1,0.9974859545414749,35.99198327586598,-31.179621634413127,1,1,Cote-Nord
C000027,4,1,0.7979361851262833,32.41518439080824,-31.31053231491704,1,1,Cote-Nord
C008681,4,0,0.0027865922280373634,24.601189965519584,-29.330548980973294,0,0,Capitale-Nationale
C009214,4,0,0.011078861841163653,28.17838550575051,-31.790927778630703,0,1,Gaspesie-Iles-de-la-Madeleine
C006058,4,0,0.007298778970580516,27.33838550575051,-31.28965333213256,0,1,Cote-Nord
C002989,4,0,0.31253714478377836,30.334787735635047,-30.968799320022033,1,1,Bas-Saint-Laurent
C001305,4,1,0.5700752873442855,29.434787735635048,-29.20784980278762,0,0,Capitale-Nationale
C012816,4,1,0.7045644800894653,32.15478773563505,-31.455753276493574,1,1,Cote-Nord
C004802,4,0,0.739941248560899,32.30198327586598,-31.46096380296497,1,1,Bas-Saint-Laurent
C005200,4,1,0.8514314878772443,31.264391080461852,-29.860198011103847,1,0,Capitale-Nationale
C005155,4,0,0.00023984959425961885,24.655184390808245,-31.359173513763807,0,1,Bas-Saint-Laurent
C010487,4,1,0.5366006283094437,30.911189965519583,-30.793228469689712,1,1,Gaspesie-Iles-de-la-Madeleine
C004212,4,0,0.03315912228108271,27.513994425288658,-30.226645922611468,0,0,Montreal
C001657,4,1,0.8484740641360731,31.33759219540412,-29.95205076628524,1,0,Capitale-Nationale
C008612,4,1,0.8589406338383594,30.507988850577316,-29.055018517379658,1,0,Capitale-Nationale
C006741,4,0,0.05689618766080715,27.844391080461854,-30.10280366579891,0,0,Capitale-Nationale
C007587,4,0,0.01920372775627569,29.07439108046185,-32.23788434857505,0,1,Gaspesie-Iles-de-la-Madeleine
C011338,4,0,0.00043264994060916565,25.014391080461852,-31.243759114033374,0,1,Gaspesie-Iles-de-la-Madeleine
C005677,4,0,0.20906383794373612,29.411983275865975,-30.48215736409465,0,1,Cote-Nord
C000883,4,0,0.18725294599260323,30.147988850577317,-31.328658278286838,1,1,Cote-Nord
C007926,4,0,0.028576336350263395,29.5891788160969,-32.42526324758752,0,1,Gaspesie-Iles-de-la-Madeleine
C003979,4,1,0.23709132017755857,29.021189965519582,-29.961161379614193,0,0,Montreal
C010201,4,0,0.1279558411163747,28.087988850577318,-29.631551419316345,0,0,Montreal
C012878,4,1,0.9982919627010167,33.68439108046185,-28.56048179091436,1,0,Montreal
C009510,4,0,0.13076611384492554,27.444787735635046,-28.968280821024777,0,0,Montreal
C009578,4,0,0.009141623547892427,25.854391080461852,-29.623093231546722,0,0,Montreal
C010146,4,0,0.5476224563502207,30.594787735635048,-30.44111230346255,1,0,Montreal
C006930,4,1,0.837415820409977,31.955184390808242,-30.636847955839272,1,1,Gaspesie-Iles-de-la-Madeleine
C013903,4,0,0.024847885970573656,28.12478773563505,-31.076398447643378,0,1,Bas-Saint-Laurent
C008403,4,1,0.7871161786087866,31.35158662069278,-30.299869708237576,1,0,Montreal
C002560,4,1,0.7982675529902937,32.045977701154634,-30.93967163076192,1,1,Cote-Nord
C011425,4,0,0.11537249464888852,29.198782160923706,-30.837127291133495,0,1,Cote-Nord
C013212,4,1,0.582789525326125,30.46439108046185,-30.19556803382721,1,0,Montreal
C001893,4,1,0.9756977931900391,32.21759219540412,-29.24767180198911,1,0,Capitale-Nationale
C008418,4,0,0.29814216871890786,28.587195540230926,-29.27579926031407,0,0,Montreal
C001093,4,1,0.9818583254599959,32.78118996551959,-29.57106787937636,1,0,Capitale-Nationale
C010856,4,0,0.06250551125444152,26.63838550575051,-28.816375335060265,0,0,Capitale-Nationale
C004331,4,1,0.9833176759748042,32.997195540230926,-29.718429272020074,1,0,Capitale-Nationale
C004665,4,0,0.16851718426631665,28.15798885057732,-29.441779341204512,0,0,Montreal
C013009,4,1,0.9935910188454667,33.037988850577314,-28.981436918446516,1,0,Montreal
C004303,4,0,0.018457454029409296,25.750793310346392,-28.946777363665394,0,0,Montreal
C008902,4,0,0.193690481160169,30.751983275865975,-31.899070806615786,1,1,Bas-Saint-Laurent
C012449,4,1,0.4826732998251805,28.584391080461852,-28.640156375549996,0,0,Montreal
C007806,4,1,0.9875509012761617,33.71079331034639,-30.193154236918463,1,0,Montreal
C008030,4,1,0.13724020150400978,28.110396655173197,-29.58901159518985,0,0,Montreal
C000206,4,0,0.005462830982836251,26.867988850577316,-31.053778552213455,0,1,Gaspesie-Iles-de-la-Madeleine
C013745,4,0,4.3896587630800367e-07,19.93838550575051,-31.712303180151082,0,1,Cote-Nord
C004127,4,1,0.34349475397973217,29.54079331034639,-30.06178113317452,0,0,Capitale-Nationale
C000570,4,0,0.010089861793489315,27.531586620692778,-31.22014051966541,0,1,Gaspesie-Iles-de-la-Madeleine
C005657,4,1,0.9983799354202834,34.74838550575051,-29.5818752035603,1,0,Montreal
C007129,4,0,0.009857879552024308,27.577988850577317,-31.285439100924158,0,1,Gaspesie-Iles-de-la-Madeleine
C000264,4,1,0.6326010738320831,29.86759219540412,-29.430546076799317,0,0,Montreal
C013226,4,1,0.9812348014417475,34.645977701154635,-31.463545414269458,1,1,Cote-Nord
C001387,4,0,0.03442602229718039,28.145184390808243,-30.82662442718522,0,1,Cote-Nord
C005543,4,0,0.22010623352865186,27.147988850577317,-28.165457461933606,0,0,Montreal
C007376,4,0,0.03432289821426688,27.61158662069278,-30.29552544847141,0,1,Cote-Nord
C001627,4,0,0.04215438570718012,26.977195540230927,-29.48928198201835,0,0,Capitale-Nationale
C003540,4,1,0.9970374732762805,33.71838550575051,-29.038409705252054,1,0,Montreal
C012342,4,1,0.5753112743421402,31.608782160923706,-31.364635238362688,1,1,Gaspesie-Iles-de-la-Madeleine
C004203,4,0,0.30939108939677706,30.71439108046185,-31.360212157898367,1,1,Cote-Nord
C013118,4,0,0.022806491302397692,25.56798885057732,-28.590231516338672,0,0,Capitale-Nationale
C010357,4,0,0.01709593410955714,27.711586620692778,-30.970316616534145,0,1,Gaspesie-Iles-de-la-Madeleine
C012761,4,0,0.30566666993076974,28.807988850577317,-29.46787653113264,0,0,Montreal
C006216,4,0,0.17518073686974162,29.737592195404122,-30.98372019298276,0,1,Bas-Saint-Laurent
C008693,4,0,0.062317263590424034,27.351189965519584,-29.531767220983554,0,0,Montreal
C010233,4,0,0.0003558145352008787,25.951983275865974,-32.33866793021195,0,1,Gaspesie-Iles-de-la-Madeleine
C001959,4,0,0.011906680040466263,28.661586620692777,-32.21549748798862,0,1,Cote-Nord
C000050,4,0,0.0009705804231083624,24.515184390808244,-30.094278720621734,0,0,Montreal
C005798,4,0,0.00012203514457426617,22.287592195404123,-29.535139170180194,0,0,Montreal
C002390,4,1,0.9958894393085362,35.475184390808245,-31.05955474232166,1,1,Bas-Saint-Laurent
C007111,4,0,0.061047704561519846,30.121189965519584,-32.31941011521989,1,1,Bas-Saint-Laurent
C006699,4,0,0.001860026665887927,27.038385505750508,-32.09360967011107,0,1,Bas-Saint-Laurent
C013925,4,0,0.5478938866058624,30.264787735635046,-30.11023102553321,1,0,Capitale-Nationale
C011652,4,0,0.04939874651752193,27.26158662069278,-29.64001708136839,0,0,Montreal
C010566,4,1,0.9907679896824432,34.71439108046185,-30.953675598976567,1,1,Gaspesie-Iles-de-la-Madeleine
C010066,4,1,0.7425590294195394,30.307988850577317,-29.455991826815964,1,0,Montreal
C008020,4,1,0.9899990840152554,34.31439108046185,-30.618643346356997,1,1,Bas-Saint-Laurent
C008368,4,1,0.9969197825871184,32.91158662069278,-28.263039129922255,1,0,Montreal
C011335,4,1,0.9985898539197675,35.33158662069278,-30.053293324351404,1,0,Montreal
C003957,4,1,0.34653517800208633,29.15118996551958,-29.661356445055134,0,0,Montreal
C012979,4,1,0.632466177747246,31.808385505750508,-31.371806167261344,1,1,Cote-Nord
C009965,4,0,0.24504832044203445,28.19079331034639,-29.09578230746004,0,0,Montreal
C006156,4,0,0.10063409988923405,29.827988850577317,-31.589550131645904,0,1,Cote-Nord
C003110,4,1,0.9763614957062039,32.387988850577315,-29.395250472506703,1,0,Montreal
C010145,4,0,0.020152870980840298,25.704787735635048,-28.828701316927155,0,0,Montreal
C012463,4,0,0.1363668560576924,29.621983275865976,-31.10654653969784,0,1,Bas-Saint-Laurent
C008573,4,1,0.638842465545557,30.49759219540412,-30.038868866854333,1,0,Capitale-Nationale
C003439,4,0,4.9697029820425624e-05,22.501189965519583,-30.471342812139362,0,1,Gaspesie-Iles-de-la-Madeleine
C007321,4,0,0.0006462887429440459,25.814391080461853,-31.720810448595948,0,1,Bas-Saint-Laurent
C007825,4,1,0.5439108260120893,29.345184390808242,-29.20355085826826,0,0,Montreal
C003150,4,0,0.09968948019807981,27.56118996551958,-29.331180859015287,0,0,Capitale-Nationale
C009328,4,0,0.0841663709551323,29.548782160923704,-31.468660836902078,0,1,Bas-Saint-Laurent
C008782,4,0,0.22198440669485053,29.187988850577316,-30.196684254090904,0,1,Bas-Saint-Laurent
C003633,4,0,0.05817586923026896,27.473994425288655,-29.713425604744334,0,0,Montreal
C012637,4,0,0.0937554137445193,28.274391080461854,-30.099025835722635,0,0,Montreal
C006787,4,1,0.9554594291786268,31.454391080461853,-28.988596565106953,1,0,Montreal
C012039,4,0,0.000655218970956006,25.738385505750507,-31.633760285390544,0,1,Bas-Saint-Laurent
C011629,4,0,0.4568649356820633,29.764391080461852,-29.903509799364063,0,0,Montreal
C000931,4,1,0.9814155367378965,34.34158662069278,-31.15122218403097,1,1,Bas-Saint-Laurent
C009732,4,0,0.04003106188762325,27.42759219540412,-29.9830278885304,0,0,Montreal
C004271,4,0,0.05405148474546519,28.501983275865975,-30.804071461304172,0,1,Bas-Saint-Laurent
C000780,4,1,0.8955953090400207,32.10518439080824,-30.376586855551757,1,0,Montreal
C012517,4,1,0.7746251779441803,30.50439108046185,-29.511399534282425,1,0,Montreal
C001379,4,0,0.0026329741137932,27.607988850577318,-32.383079485993605,0,1,Gaspesie-Iles-de-la-Madeleine
C004951,4,1,0.9337436730862748,30.833994425288658,-28.70610009542073,1,0,Capitale-Nationale
C007094,4,0,0.23612846129073004,29.845184390808242,-30.789443243476637,0,1,Cote-Nord
C003700,4,0,0.25107750725914935,27.56759219540412,-28.446582813565282,0,0,Montreal
C010535,4,1,0.9573978159238339,32.11439108046186,-29.61117953393054,1,0,Montreal
C003362,4,0,0.2791518930459263,29.807988850577317,-30.57099929439057,0,1,Gaspesie-Iles-de-la-Madeleine
C009024,4,0,4.847636671774057e-05,22.99558104598144,-30.985736652226215,0,1,Gaspesie-Iles-de-la-Madeleine
C004824,4,1,0.9566889335458264,31.633994425288655,-29.144651588472065,1,0,Montreal
C003988,4,1,0.7425599363953038,29.95838550575051,-29.106384666047248,1,0,Capitale-Nationale
C004322,4,0,0.0850900252036365,29.154787735635047,-31.06507649174331,0,1,Cote-Nord
C005280,4,0,0.05599981204738952,29.487988850577317,-31.759937689090663,0,1,Bas-Saint-Laurent
C009373,4,0,0.00038504954016561834,25.064787735635047,-31.387939992137827,0,1,Gaspesie-Iles-de-la-Madeleine
C004410,4,0,0.030977139994471502,27.985184390808243,-30.75439587129479,0,1,Bas-Saint-Laurent
C006747,4,0,0.0054598234942879655,25.691586620692778,-29.877821669131308,0,0,Capitale-Nationale
C002080,4,1,0.9343922549514813,33.101983275865976,-30.965618479481016,1,1,Bas-Saint-Laurent
C012634,4,0,0.18986541344954955,30.148782160923705,-31.315718561249792,1,1,Bas-Saint-Laurent
C009440,4,1,0.9989862561140643,36.712379931039166,-31.16831618620931,1,1,Cote-Nord
C002088,4,0,0.02802857405081241,27.434787735635048,-30.28689223363719,0,0,Montreal
C001851,4,0,0.0028323941072887163,27.458782160923704,-32.174991926024454,0,1,Bas-Saint-Laurent
C000146,4,0,0.5244526343523916,29.79759219540412,-29.71886106941799,0,0,Montreal
C004847,4,0,0.003764051985341444,27.0491788160969,-31.535917031882004,0,1,Cote-Nord
C007189,4,0,0.0031820316648174937,26.807988850577317,-31.430298834318563,0,1,Gaspesie-Iles-de-la-Madeleine
C000930,4,0,0.00015913851496708625,25.448385505750508,-32.482390292645555,0,1,Gaspesie-Iles-de-la-Madeleine
C008357,4,1,0.7605065309836518,30.681189965519582,-29.751862886744174,1,0,Montreal
C012689,4,1,0.8868542070544794,33.31518439080824,-31.65914262044472,1,1,Bas-Saint-Laurent
C003434,4,1,0.13659167314707618,27.847592195404122,-29.330621180796346,0,0,Capitale-Nationale
C012954,4,1,0.992571563517861,33.914391080461854,-29.97739056753655,1,0,Capitale-Nationale
C000384,4,0,0.013636375720924297,27.975184390808245,-31.418590733938643,0,1,Bas-Saint-Laurent
C005075,4,0,0.14718234748624004,30.038385505750508,-31.45142632121388,1,1,Bas-Saint-Laurent
C009165,4,1,0.9999503727710339,37.11719554023093,-29.14591219180138,1,0,Montreal
C010157,4,1,0.5420905136392105,29.397988850577317,-29.26225521884785,0,0,Montreal
C003655,4,0,0.44615425726726776,29.64439108046185,-29.8182964474803,0,0,Montreal
C011300,4,0,0.07344818414036418,29.16838550575051,-31.20717929871335,0,1,Bas-Saint-Laurent
C006898,4,1,0.9633943793821828,31.18759219540412,-28.557344529283743,1,0,Capitale-Nationale
C000317,4,1,0.9536782419699575,30.97798885057732,-28.545232490226766,1,0,Montreal
C008638,4,1,0.07535044490144402,27.660396655173194,-29.676972007242657,0,0,Capitale-Nationale
C011570,4,0,0.04941779775479517,27.244787735635047,-29.622891951423334,0,0,Capitale-Nationale
C006783,4,1,0.9183204230675007,31.204391080461853,-29.258209529136614,1,0,Capitale-Nationale
C009648,4,0,0.0003768320083217117,26.20838550575051,-32.548894994061044,0,1,Bas-Saint-Laurent
C006610,4,0,0.09380530350385057,27.341983275865974,-29.16614588081734,0,0,Montreal
C010681,4,0,0.01815920340989029,27.165184390808243,-30.37451536838444,0,1,Cote-Nord
C001629,4,1,0.947730216620488,32.334391080461856,-30.003830684992717,1,0,Capitale-Nationale
C008294,4,1,0.12420595226406964,27.72759219540412,-29.29852888362985,0,0,Montreal
C001918,4,1,0.9930435680201448,34.20198327586597,-30.211799595522134,1,1,Gaspesie-Iles-de-la-Madeleine
C005680,4,0,0.5080619455902319,31.441189965519584,-31.415251055970064,1,1,Gaspesie-Iles-de-la-Madeleine
C007084,4,0,0.029290323048520202,28.38158662069278,-31.197231175078986,0,1,Gaspesie-Iles-de-la-Madeleine
C006226,4,0,0.00977424850473128,27.47158662069278,-31.18595726945753,0,1,Bas-Saint-Laurent
C009920,4,0,0.0033742552917121775,24.111189965519582,-28.686169227562296,0,0,Montreal
C000465,4,0,0.00032963162671376524,23.177195540230926,-29.625376484107143,0,0,Capitale-Nationale
C006526,4,0,0.00038413678257591394,24.975184390808245,-31.300246216410414,0,1,Bas-Saint-Laurent
C005157,4,0,0.001733405707677014,24.491189965519585,-29.603220999732496,0,0,Capitale-Nationale
C000954,4,0,0.8789215617658058,33.09158662069278,-31.49727138446158,1,1,Bas-Saint-Laurent
C013822,4,1,0.7610585439692871,30.517988850577318,-29.586222218839552,1,0,Montreal
C001524,4,0,0.000956021099560015,26.40759219540412,-31.998854556894074,0,1,Gaspesie-Iles-de-la-Madeleine
C005934,4,1,0.7853398180251265,30.481983275865975,-29.43876693292869,1,0,Montreal
C011088,4,1,0.5813090634086799,31.441983275865972,-31.178054939536807,1,1,Cote-Nord
C009232,4,0,0.020285427522450765,28.344391080461854,-31.46292289236498,0,1,Cote-Nord
C006309,4,0,0.6158852446950438,29.38838550575051,-29.008663313272056,0,0,Montreal
C004842,4,0,0.4063127114697728,30.223994425288655,-30.529006123671998,1,1,Bas-Saint-Laurent
C005324,4,0,0.8335073069976919,30.544787735635047,-29.249320406265134,1,0,Montreal
C007391,4,0,0.6200319222490077,29.298782160923704,-28.904933034058022,0,0,Montreal
C008406,4,1,0.4274913789271294,29.20079331034639,-29.435722169067667,0,0,Montreal
C001934,4,1,0.9962455265778233,34.62158662069278,-30.132791340691256,1,0,Montreal
C004132,4,0,0.001004171231315085,23.23439108046185,-28.78609345350543,0,0,Montreal
C011075,4,1,0.7736200759434747,32.76759219540412,-31.77922384661677,1,1,Gaspesie-Iles-de-la-Madeleine
C012178,4,1,0.9785794466947362,32.261189965519584,-29.18738280883825,1,0,Capitale-Nationale
C000062,4,0,0.008204016060967765,27.482776586212363,-31.339275357986224,0,1,Bas-Saint-Laurent
C003284,4,0,0.23131181853035737,28.354391080461852,-29.320281462304226,0,0,Capitale-Nationale
C012518,4,0,0.2721612133439454,28.235184390808243,-29.026355217671156,0,0,Montreal
C003294,4,1,0.9622190601551804,33.874391080461855,-31.270543252697422,1,0,Capitale-Nationale
C011880,4,0,0.0004400320923454163,25.862379931039168,-32.078134425426796,0,1,Gaspesie-Iles-de-la-Madeleine
C004562,4,0,0.08314437057297275,30.28478773563505,-32.215389442700214,1,1,Cote-Nord
C005119,4,0,0.8717927527834229,33.14478773563505,-31.60303578862711,1,1,Bas-Saint-Laurent
C002131,4,1,0.8827802795851759,32.14118996551959,-30.517301574256987,1,0,Montreal
C004007,4,1,0.9932142176715922,34.23798885057732,-30.227690660146752,1,0,Capitale-Nationale
C010736,4,1,0.2944148729049151,30.391586620692777,-31.094568769836677,1,1,Gaspesie-Iles-de-la-Madeleine
C003959,4,1,0.9998316149240621,35.53079331034639,-28.54222120771576,1,0,Montreal
C006390,4,1,0.9989060165934902,34.764787735635046,-29.282055798306583,1,0,Montreal
C009089,4,1,0.5981025934775751,31.831983275865973,-31.51222421632443,1,1,Bas-Saint-Laurent
C010385,4,0,0.08788654939442847,28.08759219540412,-29.96941039328866,0,0,Montreal
C000951,4,0,0.11022396557260741,28.075184390808243,-29.754914215424122,0,0,Montreal
C009736,4,0,0.09852560165375307,27.847592195404122,-29.62806756497721,0,0,Capitale-Nationale
C012007,4,1,0.6336462679894674,31.853994425288658,-31.4133291851031,1,1,Cote-Nord
C006237,4,0,0.0004249513346470705,24.475184390808245,-30.71899912977792,0,1,Gaspesie-Iles-de-la-Madeleine
C012792,4,0,0.5338394538956123,29.577988850577317,-29.46895484597088,0,0,Montreal
C005401,4,1,0.9849388026537849,33.387988850577315,-30.025676446901628,1,0,Montreal
C010754,4,0,0.00717045766876466,27.06158662069278,-31.027224621276133,0,1,Bas-Saint-Laurent
C007227,4,0,0.15907987791014222,27.47079331034639,-28.81001350984927,0,0,Capitale-Nationale
C002413,4,0,0.017010700860261768,28.601189965519584,-31.86400960357924,0,1,Bas-Saint-Laurent
C009857,4,1,0.9869405179709253,33.054391080461855,-29.575747746830206,1,0,Montreal
C008496,4,1,0.9958025471723632,33.60478773563504,-29.206052810541824,1,0,Montreal
C009785,4,1,0.10391774357417258,27.584391080461852,-29.317185829229064,0,0,Montreal
C005163,4,1,0.837426386927449,30.733994425288657,-29.415595568270177,1,0,Montreal
C006353,4,0,0.06179048133240814,26.730793310346392,-28.918650056979907,0,0,Montreal
C007521,4,0,0.023937908291802024,26.40798885057732,-29.390357397937272,0,0,Montreal
C005174,4,0,0.005692918024256939,25.357988850577318,-29.51041071086023,0,0,Montreal
C003398,4,1,0.3517349116760324,30.2891788160969,-30.780941092427085,1,1,Gaspesie-Iles-de-la-Madeleine
C004409,4,0,0.1575326207483875,28.223994425288655,-29.572554207860524,0,0,Capitale-Nationale
C005296,4,1,0.9860135236575894,33.13759219540412,-29.71486018726987,1,0,Capitale-Nationale
C002282,4,1,0.9773668408259654,32.541983275865974,-29.513461887825596,1,0,Montreal
C001932,4,0,0.2657164380582733,28.891189965519583,-29.708725971541543,0,0,Capitale-Nationale
C007436,4,0,0.003560482920599466,25.7991788160969,-30.33079992218418,0,1,Bas-Saint-Laurent
C005095,4,1,0.8740902930788458,31.094391080461854,-29.535978215628578,1,0,Montreal
C003553,4,0,0.021900503900720965,28.13158662069278,-31.187177085448106,0,1,Cote-Nord
C008236,4,1,0.997649031384436,36.39198327586597,-31.52554963051884,1,1,Gaspesie-Iles-de-la-Madeleine
C004291,4,0,0.1756072741501239,29.47838550575051,-30.72214152803994,0,1,Gaspesie-Iles-de-la-Madeleine
C007794,4,0,1.414999100383994e-05,21.697988850577318,-30.6785480741573,0,1,Gaspesie-Iles-de-la-Madeleine
C012903,4,0,0.08176558557466915,29.5591788160969,-31.50443855964396,0,1,Gaspesie-Iles-de-la-Madeleine
C013603,4,0,0.007516089708212898,28.11158662069278,-32.03908125507066,0,1,Cote-Nord
C005914,4,0,0.12104154005464658,29.395184390808243,-30.989778533964646,0,1,Gaspesie-Iles-de-la-Madeleine
C000296,4,1,0.9694495454872103,32.49759219540412,-29.71687114046457,1,0,Montreal
C005396,4,1,0.9325477981289915,33.602776586212364,-31.49030040440938,1,1,Gaspesie-Iles-de-la-Madeleine
C008847,4,0,0.0007678408223584884,23.961189965519583,-29.72890282434326,0,0,Montreal
C009537,4,0,0.28417323868807076,30.371983275865976,-31.11503257382783,1,1,Bas-Saint-Laurent
C002153,4,0,0.1251276477305297,28.847988850577316,-30.412132263805375,0,0,Montreal
C006477,4,0,0.0005279760839047165,26.41838550575051,-32.48752439687476,0,1,Gaspesie-Iles-de-la-Madeleine
C007610,4,0,0.12809797508723342,27.114391080461854,-28.656929630687927,0,0,Capitale-Nationale
C011952,4,1,0.6305247481518741,28.79759219540412,-28.367722872867557,0,0,Capitale-Nationale
C006613,4,0,0.3109243587286954,29.321189965519583,-29.96124734879133,0,0,Montreal
C009344,4,1,0.8821679932377263,30.617195540230927,-28.998055406088202,1,0,Montreal
C009711,4,0,0.2695072255383152,30.50838550575051,-31.31036534445,1,1,Bas-Saint-Laurent
C012659,4,1,0.47552557584339045,29.494787735635047,-29.573589131373893,0,0,Montreal
C012069,4,0,0.37911445462597587,28.340793310346392,-28.737557907551565,0,0,Montreal
C010527,4,0,0.009707268759646066,27.27838550575051,-30.99834108432392,0,1,Cote-Nord
C007110,4,0,0.19451780250560174,28.154391080461853,-29.297224828900504,0,0,Capitale-Nationale
C008497,4,0,5.321730386158329e-06,19.87079331034639,-29.637890083467347,0,0,Montreal
C001043,4,1,0.973811451793341,34.12798885057731,-31.219749886060427,1,1,Cote-Nord
C001086,4,0,0.0032907233440709394,25.613994425288656,-30.209202501529248,0,1,Gaspesie-Iles-de-la-Madeleine
C004635,4,0,0.003200430703425246,27.145184390808243,-31.762842366758257,0,1,Gaspesie-Iles-de-la-Madeleine
C013377,4,0,0.009706939724818304,25.43079331034639,-29.150776418699323,0,0,Capitale-Nationale
C009365,4,0,0.14780179300527757,28.581189965519584,-29.990268449690888,0,0,Montreal
C003120,4,1,0.1181953312521441,28.697195540230926,-30.313528204988824,0,0,Montreal
C007492,4,0,0.00011863151045292706,24.325581045981437,-31.595881739206618,0,1,Gaspesie-Iles-de-la-Madeleine
C001945,4,0,0.041158605782372376,25.88118996551958,-28.413339296399442,0,0,Montreal
C002713,4,1,0.9412501440415263,33.391983275865975,-31.16093900337355,1,1,Gaspesie-Iles-de-la-Madeleine
C005745,4,1,0.9982582745270432,34.191189965519584,-29.083016735552757,1,0,Montreal
C011662,4,0,0.6726727765578581,30.397988850577317,-29.818657786705348,1,0,Montreal
C011496,4,1,0.9635291727924506,32.24759219540412,-29.61426487877451,1,0,Capitale-Nationale
C013906,4,0,0.12377832555197166,27.22759219540412,-28.801695367421697,0,0,Montreal
C004188,4,0,0.01228612802852558,25.884787735635047,-29.41315801976862,0,0,Montreal
C000353,4,0,0.02896039021345746,28.102776586212364,-30.927805612924548,0,1,Bas-Saint-Laurent
C013374,4,0,0.00047302430752315993,22.93079331034639,-29.088371593568773,0,0,Montreal
C002558,4,0,0.014019961779958115,27.421983275865973,-30.842764689376928,0,1,Bas-Saint-Laurent
C005382,4,0,0.07930333431342866,29.33158662069278,-31.303592467124332,0,1,Bas-Saint-Laurent
C009361,4,0,0.0001340586356619954,24.854787735635046,-32.02674707693184,0,1,Bas-Saint-Laurent
C004922,4,1,0.6343288582925765,31.318782160923703,-30.8757510127595,1,1,Cote-Nord
C008975,4,0,0.09317948312195244,29.80478773563505,-31.634889399935652,0,1,Bas-Saint-Laurent
C013678,4,0,0.0324468603413714,26.98439108046185,-29.715099431085665,0,0,Montreal
C013710,4,1,0.5162522883452271,30.938782160923704,-30.88647733613073,1,1,Cote-Nord
C002190,4,0,0.6941094716774074,29.92158662069278,-29.262547109401186,0,0,Capitale-Nationale
C004414,4,0,0.10680332182517882,28.313994425288655,-30.022165922984847,0,0,Montreal
C012266,4,0,0.00017585654750776355,23.521189965519582,-30.47483758905491,0,1,Gaspesie-Iles-de-la-Madeleine
C009487,4,1,0.9773080028981955,33.11439108046186,-30.088006266647508,1,0,Montreal
C006024,4,0,0.05878414879930698,26.10759219540412,-28.338137828012318,0,0,Capitale-Nationale
C007025,4,1,0.878071843690687,31.104391080461852,-29.516478533665182,1,0,Capitale-Nationale
C011205,4,1,0.9931556637182847,34.677988850577314,-30.674648482411325,1,1,Cote-Nord
C010649,4,0,0.018297050371122232,24.967988850577317,-28.171124549852856,0,0,Montreal
C002466,4,1,0.9850065612276564,32.778385505750514,-29.412391188943356,1,0,Capitale-Nationale
C004697,4,1,0.9977076765166084,34.243994425288655,-29.357195861668888,1,0,Montreal
C011103,4,0,0.009295493354648944,26.558385505750508,-30.313537736490822,0,1,Cote-Nord
C010276,4,0,0.000354834047832329,24.961586620692778,-31.350491443572064,0,1,Bas-Saint-Laurent
C004789,4,1,0.6957320069002062,31.185581045981436,-30.520386065424844,1,1,Cote-Nord
C000653,4,0,0.004076025971655684,27.184391080461854,-31.606834400547026,0,1,Gaspesie-Iles-de-la-Madeleine
C000677,4,1,0.9962531681192055,34.64118996551959,-30.150749857695217,1,0,Capitale-Nationale
C013367,4,0,0.15942144039488795,29.704787735635048,-31.041956126983344,0,1,Bas-Saint-Laurent
C001584,4,1,0.9993579562037397,36.9091788160969,-30.997455858503397,1,1,Gaspesie-Iles-de-la-Madeleine
C007238,4,1,0.8563493930627691,29.88798885057732,-28.452089246457085,0,0,Capitale-Nationale
C005598,4,0,0.007129449913307824,26.48478773563505,-30.45507189990403,0,1,Cote-Nord
C005215,4,0,0.03851879673244411,26.834391080461852,-29.422065597610796,0,0,Montreal
C007019,4,0,0.05427853263156335,29.050793310346393,-31.349317000119154,0,1,Cote-Nord
C001502,4,0,0.012890668535049835,25.957988850577316,-29.44723422376093,0,0,Montreal
C011040,4,0,0.014355169326890837,25.547195540230927,-28.94869967385514,0,0,Capitale-Nationale
C008663,4,1,0.999151960209429,36.58478773563505,-30.897041995117014,1,1,Cote-Nord
C012323,4,0,0.7252033998428207,29.718385505750508,-28.937882828508013,0,0,Capitale-Nationale
C002658,4,0,0.621818181674498,30.071189965519583,-29.671237111665675,1,0,Capitale-Nationale
C009073,4,0,0.003090709361092988,25.54518439080824,-30.190988460634962,0,1,Gaspesie-Iles-de-la-Madeleine
C000710,4,0,0.1455132013473521,27.71439108046185,-29.138177863419916,0,0,Montreal
C001631,4,0,0.0647374988733035,27.53237993103917,-29.680233291790074,0,0,Capitale-Nationale
C007893,4,0,0.8341447591172599,33.33478773563505,-32.03562021818488,1,1,Gaspesie-Iles-de-la-Madeleine
C010222,4,0,0.09274129028574395,28.04079331034639,-29.87507477990252,0,0,Montreal
C001693,4,0,0.008130196993243816,27.25439108046185,-31.11821943041507,0,1,Gaspesie-Iles-de-la-Madeleine
C004700,4,1,0.9953073382956275,32.58759219540412,-28.278953753651223,1,0,Montreal
C004613,4,0,0.005410280790852466,25.297988850577315,-29.49159546994526,0,0,Montreal
C011838,4,0,0.4127952097863973,29.79759219540412,-30.081042718535212,0,0,Montreal
C005863,4,0,0.0028632234206482166,26.431983275865974,-31.139461115264396,0,1,Bas-Saint-Laurent
C000400,4,1,0.39913607639947923,32.44838550575051,-32.77739444652314,1,1,Gaspesie-Iles-de-la-Madeleine
C000953,4,0,0.17836005353655762,27.834391080461852,-29.06294683393135,0,0,Montreal
C002915,4,0,0.3359887421864376,28.323994425288657,-28.87189598247714,0,0,Montreal
C009455,4,1,0.9964496354236343,35.45198327586597,-30.918065072187908,1,1,Cote-Nord
C004074,4,1,0.892334806438855,30.90798885057732,-29.207058175079133,1,0,Montreal
C001626,4,1,0.8447651467429699,29.80439108046185,-28.441822837565194,0,0,Montreal
C003986,4,0,0.011275840447083732,27.97798885057732,-31.57619647342534,0,1,Bas-Saint-Laurent
C001105,4,0,0.9320538454371484,32.11798885057731,-30.011807178514704,1,0,Capitale-Nationale
C007264,4,0,0.0016312558341386087,26.631983275865974,-31.79294768466963,0,1,Cote-Nord
C010247,4,1,0.7897299946733812,32.204787735635044,-31.140468051379074,1,1,Bas-Saint-Laurent
C003853,4,1,0.6584474583422852,30.00439108046185,-29.47646674628241,1,0,Montreal
C004325,4,0,0.3259587532663861,28.244391080461853,-28.828726305714902,0,0,Montreal
C011258,4,1,0.9905993477348058,31.724787735635047,-27.97876867740026,1,0,Montreal
C009906,4,0,0.00031123297027955927,22.987592195404122,-29.481981711636067,0,0,Montreal
C007845,4,1,0.6111956665117971,29.17759219540412,-28.813777609663024,0,0,Montreal
C011116,4,1,0.9569820884419925,32.541189965519585,-30.046138272801418,1,0,Montreal
C013539,4,0,0.00013573002823617303,22.19079331034639,-29.352785682117894,0,0,Montreal
C013342,4,1,0.9998756484193908,35.96518439080824,-28.732763047804074,1,0,Montreal
C009989,4,1,0.9874444489585033,32.690793310346386,-29.180089214647175,1,0,Montreal
C005186,4,1,0.7341257789086415,29.96439108046185,-29.147505368882094,1,0,Capitale-Nationale
C003440,4,1,0.9832665824331577,33.28118996551959,-30.004925061278755,1,0,Montreal
C009712,4,0,0.041623029814102167,27.81118996551958,-30.333925004040395,0,1,Cote-Nord
C000935,4,1,0.8910757130715802,32.682379931039165,-30.99193617263364,1,1,Cote-Nord
C007653,4,0,0.2651045435167804,28.691586620692778,-29.51164685216142,0,0,Capitale-Nationale
C013234,4,0,0.08092651766110211,26.211189965519583,-28.165480513761498,0,0,Montreal
C004335,4,0,0.00218683732724615,23.53478773563505,-28.459561220865957,0,0,Montreal
C007973,4,0,0.09195379807065868,29.888782160923704,-31.73062008274471,0,1,Bas-Saint-Laurent
C011070,4,0,0.08004626937345838,26.947592195404123,-28.91144901651802,0,0,Montreal
C002885,4,0,0.47637756863839603,28.667195540230924,-28.74324957287104,0,0,Montreal
C001861,4,1,0.7981698950200865,31.101189965519584,-29.995371557385443,1,0,Montreal
C011290,4,1,0.9689878478046745,34.91518439080824,-32.146910517271905,1,1,Bas-Saint-Laurent
C013204,4,0,0.007072405168269129,25.49798885057732,-29.47478048218241,0,0,Capitale-Nationale
C007137,4,1,0.9110792083603411,32.11798885057731,-30.24649275473947,1,0,Montreal
C000409,4,0,0.0848828011338334,28.895581045981437,-30.808013075485434,0,1,Gaspesie-Iles-de-la-Madeleine
C006252,4,0,0.08582021914468431,29.237988850577317,-31.140762905034013,0,1,Gaspesie-Iles-de-la-Madeleine
C010616,4,1,0.9568358153213652,31.038385505750508,-28.546186942447257,1,0,Capitale-Nationale
C001125,4,1,0.8130646266197764,31.084787735635047,-29.90243889739023,1,0,Montreal
C005139,4,0,0.06804926906118304,26.925184390808244,-29.03005741514704,0,0,Montreal
C012260,4,0,0.20048615811392667,28.321189965519583,-29.433735029655107,0,0,Montreal
C012215,4,0,0.009473850986620663,26.20079331034639,-29.940514518096197,0,0,Capitale-Nationale
C002309,4,0,0.015021799790446341,26.97838550575051,-30.342836731729474,0,1,Cote-Nord
C009093,4,0,0.023849191843201695,27.217988850577317,-30.203416831254785,0,0,Capitale-Nationale
C004691,4,0,0.035861445566115965,28.765581045981435,-31.41296913552386,0,1,Bas-Saint-Laurent
C001653,4,1,0.9996662472336069,35.13198327586598,-28.693798785754602,1,0,Capitale-Nationale
C002330,4,1,0.9730187065034803,32.48079331034639,-29.597194633774347,1,0,Capitale-Nationale
C013855,4,0,0.004871943561077315,27.255184390808243,-31.53352259431223,0,1,Cote-Nord
C006347,4,1,0.48332884930205733,29.52759219540412,-29.58124603456482,0,0,Montreal
C011415,4,0,0.2326344674596823,29.087988850577318,-30.04790825237354,0,0,Montreal
C013325,4,0,0.11419680294441649,28.23478773563505,-29.882439192582627,0,0,Montreal
C013403,4,1,0.33605183590657006,29.014787735635046,-29.562461845910722,0,0,Montreal
C009319,4,1,0.7305390346284701,29.424391080461852,-28.622222243156372,0,0,Montreal
C005592,4,0,0.04822900593619665,28.63158662069278,-31.030280594754487,0,1,Cote-Nord
C012073,4,0,0.20875387771238432,29.30478773563505,-30.376470294583164,0,0,Montreal
C013360,4,0,0.019155092014754512,25.97158662069278,-29.137159322972728,0,0,Capitale-Nationale
C002370,4,0,0.7597509689905431,30.553994425288657,-29.628000223221314,1,0,Montreal
C007840,4,0,0.0011322895446552557,25.427988850577318,-30.88300924594003,0,0,Montreal
C011707,4,0,0.03946769214478717,26.501586620692777,-29.068893655264826,0,0,Montreal
C006609,4,0,0.5979107832030605,29.364787735635048,-29.04567041921892,0,0,Montreal
C010286,4,0,0.004287333865848208,25.81759219540412,-30.199213814660915,0,0,Montreal
C002569,4,0,0.05315780576226666,29.051189965519583,-31.367446859308725,0,1,Gaspesie-Iles-de-la-Madeleine
C012885,4,1,0.3358925670862595,30.301983275865975,-30.85023157582336,1,1,Cote-Nord
C010584,4,1,0.9884670738517899,34.33798885057731,-30.75812209379764,1,1,Bas-Saint-Laurent
C013498,4,0,0.29454133098745455,28.331189965519584,-29.03368256437061,0,0,Capitale-Nationale
C002185,4,0,0.08267569389539772,29.10237993103917,-31.037939216582284,0,1,Cote-Nord
C013883,4,0,0.046533068315994706,29.015184390808244,-31.444101846474922,0,1,Gaspesie-Iles-de-la-Madeleine
C002219,4,1,0.9489947065752107,32.57759219540412,-30.226263052546148,1,0,Montreal
C007637,4,1,0.9073897518215245,30.86759219540412,-29.03205730635122,1,0,Montreal
C005345,4,1,0.9916958720532753,33.08478773563505,-29.238125370257606,1,0,Capitale-Nationale
C005524,4,1,0.9825118018506694,32.73118996551958,-29.49102688128541,1,0,Montreal
C008981,4,0,0.024298604666968877,26.827592195404122,-29.797634781592116,0,1,Gaspesie-Iles-de-la-Madeleine
C001386,4,0,0.032643708827571866,27.421189965519584,-30.14686992721415,0,0,Montreal
C005006,4,0,0.279334655248272,28.454391080461853,-29.216671177375776,0,0,Capitale-Nationale
C010830,4,0,0.04600400020258499,26.89439108046185,-29.332951676062073,0,0,Montreal
C009560,4,1,0.43021766081418295,29.007988850577316,-29.23396551639807,0,0,Montreal
C001339,4,0,0.00013154527181712063,24.968385505750508,-32.15556909190657,0,1,Bas-Saint-Laurent
C008540,4,0,0.5005147660512264,29.194787735635046,-29.193131644384493,0,0,Montreal
C005728,4,1,0.9624420316962008,34.041983275865974,-31.433188341386444,1,1,Cote-Nord
C013332,4,0,0.3654647000994935,28.86158662069278,-29.305333678560807,0,0,Montreal
C013990,4,0,0.16782465842436675,27.63838550575051,-28.926157670544903,0,0,Montreal
C000166,4,0,0.7707105814002758,31.42838550575051,-30.45331883188595,1,1,Bas-Saint-Laurent
C007752,4,0,0.04654878588947793,26.887195540230927,-29.31582811545341,0,0,Montreal
C002652,4,0,0.03340678185360442,26.673994425288658,-29.380455075772346,0,0,Montreal
C011665,4,1,0.6740170278512573,30.271189965519582,-29.686943396824375,1,0,Montreal
C012143,4,0,0.03688108735555715,28.355184390808244,-30.979172198161727,0,1,Gaspesie-Iles-de-la-Madeleine
C011693,4,0,0.0013842091431129518,26.41838550575051,-31.711630859560103,0,1,Bas-Saint-Laurent
C003596,4,0,0.4264199554426635,31.423173241385555,-31.661624223461175,1,1,Cote-Nord
C013962,4,0,0.03538945533639542,28.90118996551958,-31.55962767272797,0,1,Bas-Saint-Laurent
C006118,4,0,0.0024836132210479187,27.468385505750508,-32.29056696542872,0,1,Cote-Nord
C003941,4,0,0.12368482705411205,28.854391080461852,-30.429187839830394,0,0,Montreal
C013686,4,0,0.017414459932895126,26.26759219540412,-29.511214075290884,0,0,Capitale-Nationale
C007839,4,1,0.9881398553377291,34.362379931039165,-30.805281575002127,1,1,Cote-Nord
C001323,4,0,0.4073127101154909,29.28439108046185,-29.586069839167404,0,0,Montreal
C009589,4,0,0.39414117068364185,30.97838550575051,-31.324181460576124,1,1,Gaspesie-Iles-de-la-Madeleine
C008777,4,0,0.14488456904013006,28.237988850577317,-29.665849278148347,0,0,Montreal
C011993,4,1,0.9935139959416251,33.30759219540412,-29.260710955536396,1,0,Montreal
C004826,4,0,0.006966351334724096,27.02158662069278,-31.010616222089006,0,1,Gaspesie-Iles-de-la-Madeleine
C012302,4,0,0.006240544141881005,25.654787735635047,-29.732896679533482,0,0,Capitale-Nationale
C008075,4,0,0.002678016499401663,24.725581045981436,-29.4869926529532,0,0,Montreal
C012548,4,0,0.025589505569307888,26.377988850577317,-29.305333678560807,0,0,Montreal
C006583,4,1,0.9948682738207223,33.83198327586597,-29.595637390121787,1,0,Capitale-Nationale
C005385,4,0,0.3738380779318972,28.871189965519584,-29.286033164162554,0,0,Montreal
C007290,4,1,0.8190381581131062,32.02518439080824,-30.810827233405934,1,1,Cote-Nord
C013444,4,1,0.7082169734089454,32.155184390808245,-31.441985696334022,1,1,Cote-Nord
C011019,4,0,0.0009760196535225846,24.097592195404122,-29.672187390779897,0,0,Montreal
C001721,4,0,0.005364388091686581,27.38118996551958,-31.581685209382613,0,1,Gaspesie-Iles-de-la-Madeleine
C005674,4,1,0.9700614768439193,32.46118996551959,-29.663687719147596,1,1,Bas-Saint-Laurent
C004421,4,0,0.3500010139948073,27.751586620692777,-28.249471859408363,0,0,Montreal
C004352,4,0,0.05606916964773221,28.5091788160969,-30.78007303273503,0,1,Gaspesie-Iles-de-la-Madeleine
C008546,4,0,0.0845938884415307,29.551983275865975,-31.467411403148454,0,1,Cote-Nord
C001755,4,1,0.9972978686938601,33.103994425288654,-28.349812289881857,1,0,Capitale-Nationale
C001188,4,0,0.019421401303596413,26.967988850577317,-30.12223824877732,0,0,Montreal
C007408,4,1,0.9964728586259555,35.33878216092371,-30.799566990841306,1,1,Bas-Saint-Laurent
C006249,4,1,0.8706158909536607,31.441586620692778,-29.908270371761084,1,0,Capitale-Nationale
C012169,4,0,0.010894706550935624,27.597592195404122,-31.223765721557502,0,1,Bas-Saint-Laurent
C010026,4,0,0.0028836632966938963,27.39478773563505,-32.09652782822,0,1,Bas-Saint-Laurent
C006925,4,0,0.12237429203579403,28.165184390808243,-29.749750643435636,0,0,Montreal
C001285,4,1,0.9184000949953313,30.851189965519584,-28.904153731563582,1,0,Montreal
C007251,4,0,0.028452505391313374,27.113994425288656,-29.953674223597222,0,0,Montreal
C006706,4,0,0.01606372465940633,28.994787735635047,-32.30445092298019,0,1,Cote-Nord
C009853,4,0,0.0013502270809625566,26.057988850577317,-31.371253217196383,0,1,Gaspesie-Iles-de-la-Madeleine
C007260,4,0,0.00064798889738901,24.044391080461853,-29.948696051603797,0,0,Montreal
C001933,4,0,0.13114130053282916,30.29158662069278,-31.812428147715295,1,1,Cote-Nord
C012127,4,0,0.11544978497082045,27.957988850577316,-29.595725074925216,0,0,Montreal
C004565,4,0,0.004854548609500733,26.774787735635048,-31.056016811339916,0,1,Gaspesie-Iles-de-la-Madeleine
C008755,4,1,0.7930280332586328,32.42478773563504,-31.34440105414477,1,1,Cote-Nord
C011659,4,0,0.09857772873400283,28.787988850577317,-30.567992295327194,0,1,Cote-Nord
C013937,4,1,0.8751391541521,32.22079331034639,-30.654687882121948,1,0,Montreal
C009967,4,0,0.14966327833189538,28.15759219540412,-29.554845529193955,0,0,Montreal
C005265,4,0,0.024806701214234422,26.817195540230927,-29.770174421727646,0,0,Montreal
C012045,4,0,0.42669691340380456,28.565184390808245,-28.802724704240163,0,0,Capitale-Nationale
C001726,4,1,0.9963208296051614,33.651189965519585,-29.146038316221926,1,0,Montreal
C004923,4,1,0.9562711894037644,33.06198327586597,-30.580712112513183,1,1,Bas-Saint-Laurent
C010421,4,1,0.9612384460178264,31.354787735635046,-28.772369307902178,1,0,Montreal
C008157,4,1,0.80309950251964,31.14478773563505,-30.014128813876738,1,0,Capitale-Nationale
C008712,4,0,0.19745184547228886,28.36158662069278,-29.48944420411796,0,0,Capitale-Nationale
C008607,4,1,0.9976970020401629,33.374391080461855,-28.491337714063086,1,0,Montreal
C006540,4,1,0.2994327370945715,28.87439108046185,-29.558040484416864,0,0,Capitale-Nationale
C004413,4,0,0.019195608060970867,27.38838550575051,-30.552225574302366,0,1,Gaspesie-Iles-de-la-Madeleine
C005276,4,1,0.9995653897537652,35.23118996551958,-29.00545947126261,1,0,Montreal
C007652,4,0,0.09658214550245096,26.86079331034639,-28.659024312209205,0,0,Capitale-Nationale
C008818,4,0,0.1940217385053401,28.097592195404122,-29.242974869913546,0,0,Montreal
C009005,4,0,0.003994524266489716,27.825581045981437,-32.26433528817079,0,1,Gaspesie-Iles-de-la-Madeleine
C013319,4,0,0.173525616281724,28.197592195404123,-29.452967651692624,0,0,Capitale-Nationale
C013719,4,1,0.8471923552949325,31.081189965519584,-29.703639064557404,1,0,Montreal
C008588,4,1,0.6599711174328948,30.507988850577316,-29.974609557248098,1,0,Capitale-Nationale
C004924,4,0,0.030357042445304534,28.61158662069278,-31.3975762111847,0,1,Bas-Saint-Laurent
C010119,4,0,0.05192317842533642,28.027195540230927,-30.363401118137677,0,0,Montreal
C001138,4,0,0.0008026745572292594,26.00838550575051,-31.740386345332325,0,1,Cote-Nord
C011050,4,0,0.4574565909286488,29.967988850577317,-30.105190036629633,1,0,Montreal
C001786,4,1,0.9905499365743959,33.624391080461855,-29.88262854738951,1,0,Montreal
C000023,4,0,0.0058297108829422776,25.397988850577317,-29.531202553934065,0,0,Montreal
C009402,4,1,0.8585059644848653,32.295977701154634,-30.845889074457386,1,1,Gaspesie-Iles-de-la-Madeleine
C002448,4,0,0.2267693137119517,30.944391080461852,-31.930972246199136,1,1,Gaspesie-Iles-de-la-Madeleine
C010669,4,0,0.02723705997376251,27.187988850577316,-30.06378777970124,0,0,Montreal
C001510,4,0,0.08059699630281812,28.345184390808242,-30.30304490851359,0,1,Bas-Saint-Laurent
C011634,4,0,7.27294138759437e-05,23.384787735635047,-31.04864674625022,0,1,Gaspesie-Iles-de-la-Madeleine
C004657,4,0,0.029543826233163956,26.24759219540412,-29.05609560038539,0,0,Montreal
C012894,4,1,0.5443100602059715,31.49158662069278,-31.348658608375665,1,1,Cote-Nord
C013985,4,0,0.08284836110769923,29.444787735635046,-31.378517610981802,0,1,Gaspesie-Iles-de-la-Madeleine
C009869,4,0,0.12550531049133318,27.65759219540412,-29.218964461764607,0,0,Capitale-Nationale
C004877,4,1,0.6272436824785007,29.351189965519584,-28.932627741274263,0,0,Montreal
C003201,4,1,0.9951668091917604,33.78118996551959,-29.49639729936745,1,0,Montreal
C011727,4,0,0.00840319683259051,26.871586620692778,-30.708630143532513,0,1,Gaspesie-Iles-de-la-Madeleine
C013391,4,1,0.9074537744106671,30.411189965519583,-28.575042120364177,1,0,Capitale-Nationale
C006019,4,1,0.9410063986827135,32.14118996551959,-29.913684000352834,1,0,Montreal
C007748,4,0,0.0315900598194279,26.884787735635047,-29.63773182259413,0,0,Montreal
C001904,4,1,0.7001169961570037,29.751189965519583,-29.069266193688957,0,0,Montreal
C002058,4,1,0.8816963529054087,30.998782160923703,-29.383285024603445,1,0,Montreal
C007046,4,0,6.071835634126292e-07,21.141189965519583,-32.654187274529896,0,1,Bas-Saint-Laurent
C003315,4,1,0.9911004285572861,33.40439108046185,-29.613909375601636,1,0,Montreal
C007221,4,0,0.004125957172715185,27.677988850577318,-32.09059913986018,0,1,Bas-Saint-Laurent
C003266,4,0,0.24568455131066047,29.001586620692777,-29.90381200068462,0,0,Montreal
C004654,4,0,0.010148762138674956,28.068782160923703,-31.75260673186982,0,1,Cote-Nord
C009451,4,0,0.5025920100336295,30.981586620692777,-30.973247605202076,1,1,Bas-Saint-Laurent
C012061,4,0,0.016174046136826093,27.053994425288657,-30.358062635374196,0,0,Capitale-Nationale
C000553,4,0,0.3759694119664298,29.14478773563505,-29.552316176427006,0,0,Montreal
C007364,4,0,0.05529595278661758,28.944391080461852,-31.227112578087315,0,1,Gaspesie-Iles-de-la-Madeleine
C002718,4,1,0.9278720177098778,31.807988850577317,-29.753461522454256,1,0,Capitale-Nationale
C009550,4,0,0.5572869301186074,28.31118996551958,-28.126075220990884,0,0,Montreal
C005830,4,0,0.13680686140155365,29.895581045981437,-31.37714345540384,0,1,Gaspesie-Iles-de-la-Madeleine
C013020,4,1,0.5237161279659477,29.191189965519584,-29.11483381781262,0,0,Montreal
C003029,4,1,0.9837027652035211,32.66518439080824,-29.36731953364888,1,0,Montreal
C007773,4,0,0.06252297583632839,26.814391080461853,-28.992141231448517,0,0,Montreal
C002939,4,1,0.956245471865229,31.331189965519584,-28.85041330985328,1,0,Montreal
C010379,4,1,0.8941256354193519,31.434391080461854,-29.71835731907199,1,0,Montreal
C008592,4,1,0.9670536964285621,34.03478773563505,-31.316780546647273,1,1,Bas-Saint-Laurent
C001522,4,0,0.0004201782250407645,22.877988850577317,-29.130892472349927,0,0,Montreal
C008025,4,0,0.022419290458677046,28.711586620692778,-31.747920168949477,0,1,Bas-Saint-Laurent
C007049,4,0,0.010830884325411377,25.77158662069278,-29.402537521068364,0,0,Capitale-Nationale
C002691,4,0,0.005567499784782547,25.723597770115465,-29.89403820150323,0,0,Capitale-Nationale
C013104,4,0,0.12469981894368187,28.437988850577316,-30.005280182737405,0,0,Montreal
C012841,4,0,0.32910009969619,29.604787735635046,-30.177651758514877,0,0,Montreal
C010480,4,0,0.12035664990309031,29.85838550575051,-31.458169974892503,0,1,Cote-Nord
C009215,4,0,0.04038749442960786,26.797988850577315,-29.34599620882531,0,0,Montreal
C001623,4,0,0.1640349104262677,29.2891788160969,-30.598975856381735,0,1,Cote-Nord
C008649,4,1,0.8584749665034962,29.757988850577316,-28.308105447080596,0,0,Montreal
C008983,4,0,0.08500988977877784,27.52158662069278,-29.432703637989345,0,0,Montreal
C003001,4,1,0.2666555348450138,28.737988850577317,-29.551658038593953,0,0,Montreal
C007723,4,0,0.00027411394807450696,24.717592195404123,-31.31415503537589,0,1,Bas-Saint-Laurent
C010762,4,0,0.15610169182485506,28.091189965519582,-29.448453760558014,0,0,Montreal
C001803,4,1,0.9738785542765672,32.07759219540412,-29.16723434030596,1,0,Capitale-Nationale
C013812,4,0,0.0012690916834142815,23.643994425288657,-29.00716725065953,0,0,Montreal
C002318,4,0,0.018802936231139086,28.627988850577317,-31.808774358727867,0,1,Cote-Nord
C006471,4,0,0.3835291780886598,29.597592195404122,-29.979305805833416,0,0,Montreal
C003922,4,0,0.06296043126171139,28.461586620692778,-30.6333535640057,0,1,Bas-Saint-Laurent
C002938,4,0,0.008600349807501434,27.881983275865974,-31.700214780523837,0,1,Gaspesie-Iles-de-la-Madeleine
C013661,4,0,0.004434813789831565,27.421983275865973,-31.776284119014278,0,1,Bas-Saint-Laurent
C007203,4,0,0.41895717608741256,29.927988850577318,-30.191037460827342,0,1,Gaspesie-Iles-de-la-Madeleine
C005225,4,1,0.8782285179650282,30.197592195404123,-28.608501993063534,1,0,Montreal
C007350,4,1,0.8966877307227034,31.20759219540412,-29.46955427824641,1,0,Montreal
C003937,4,1,0.9969424354435537,33.40798885057732,-28.7534862119435,1,0,Montreal
C001265,4,0,0.17527285570838716,30.38079331034639,-31.626408650065883,1,1,Cote-Nord
C002221,4,1,0.7764738900864272,30.557592195404123,-29.556058730952515,1,0,Montreal
C006960,4,1,0.6623867695338895,29.934391080461854,-29.39233896216089,0,0,Montreal
C000881,4,0,0.7745185269506382,31.835581045981435,-30.843080757398806,1,1,Gaspesie-Iles-de-la-Madeleine
C004764,4,1,0.5525271673331693,29.584787735635047,-29.415173003781398,0,0,Montreal
C005138,4,1,0.9763743149481985,32.637988850577315,-29.644803623430985,1,0,Montreal
C003574,4,0,0.1867818475240494,28.237592195404122,-29.42075370806159,0,0,Montreal
C000420,4,0,0.03341863188112641,28.62237993103917,-31.328545473618764,0,1,Gaspesie-Iles-de-la-Madeleine
C010910,4,1,0.9251811051149544,33.68478773563505,-31.662056267754576,1,1,Cote-Nord
C012874,4,0,0.6759992963446411,30.553994425288657,-29.96248016933127,1,0,Montreal
C004606,4,0,0.0032325693618010663,26.755184390808243,-31.36478002572272,0,1,Gaspesie-Iles-de-la-Madeleine
C008485,4,1,0.7793584691205976,30.63798885057732,-29.623026134872667,1,0,Montreal
C004768,4,0,0.5233166130911904,28.654391080461853,-28.579323090195704,0,0,Capitale-Nationale
C001226,4,0,0.42378508767468515,28.97759219540412,-29.22471459470758,0,0,Montreal
C003395,4,1,0.9993389612548829,34.19759219540412,-28.309334435367084,1,0,Montreal
C011060,4,1,0.6229852191697135,30.10079331034639,-29.69684654448138,1,0,Capitale-Nationale
C009383,4,1,0.9672262423943069,31.91478773563505,-29.192413752697867,1,0,Montreal
C009557,4,1,0.8462793224976173,32.87838550575051,-31.506493258768394,1,1,Gaspesie-Iles-de-la-Madeleine
C001525,4,0,0.0005168497265621667,23.140793310346393,-29.22707164338953,0,0,Capitale-Nationale
C006938,4,1,0.9635816808112776,33.41198327586598,-30.77745333388421,1,1,Bas-Saint-Laurent
C007885,4,0,0.009002658626552956,26.140793310346393,-29.921928462967244,0,0,Montreal
C003004,4,1,0.9990482846089421,35.68838550575051,-30.093489138193668,1,0,Capitale-Nationale
C007327,4,1,0.6891758939165161,30.154391080461853,-29.513957316920855,1,0,Montreal
C003345,4,1,0.9912238268343353,34.61198327586597,-30.810171362866935,1,1,Bas-Saint-Laurent
C006807,4,1,0.9965571995775007,34.431189965519586,-29.872440811198317,1,0,Capitale-Nationale
C010878,4,1,0.9980434838642787,34.04478773563505,-29.030318104327456,1,0,Capitale-Nationale
C005816,4,1,0.96858171143145,34.181586620692784,-31.42411460182376,1,1,Gaspesie-Iles-de-la-Madeleine
C010464,4,1,0.9221919227004481,30.97118996551958,-28.98256931063493,1,0,Montreal
C009453,4,0,0.5333238195992781,29.171189965519584,-29.06382236199986,0,0,Montreal
C003329,4,0,0.004320315177442552,26.037988850577317,-30.41342029572314,0,1,Cote-Nord
C000108,4,1,0.6714405168926764,29.46478773563505,-28.889953560302505,0,0,Montreal
C003391,4,0,0.007253026997208924,27.93237993103917,-31.88874235644847,0,1,Cote-Nord
C013116,4,1,0.9999660794641818,38.23118996551958,-29.953845226274264,1,0,Montreal
C005242,4,0,0.0013080235731827775,26.81838550575051,-32.15722459290204,0,1,Cote-Nord
C002082,4,0,0.0006226189456909158,26.251983275865975,-32.18843121741293,0,1,Gaspesie-Iles-de-la-Madeleine
C010544,4,0,0.21521838394566198,28.05439108046185,-29.094946779581438,0,0,Montreal
C005991,4,0,0.012570860288938791,27.764787735635046,-31.27449926774295,0,1,Cote-Nord
C008113,4,0,0.06861974400693276,27.87079331034639,-29.96845935871766,0,0,Capitale-Nationale
C000982,4,0,0.23998524955001152,31.06558104598144,-31.992738004373766,1,1,Gaspesie-Iles-de-la-Madeleine
C005371,4,0,0.009842381855604099,28.058385505750508,-31.767113778688483,0,1,Bas-Saint-Laurent
C000809,4,0,0.009635511769487567,27.451189965519582,-31.177171308854387,0,1,Cote-Nord
C010408,4,0,0.00503299264631052,25.353994425288658,-29.606045384858362,0,0,Capitale-Nationale
C007234,4,1,0.9593983210112924,31.49838550575051,-28.954811772433125,1,0,Capitale-Nationale
C003854,4,1,0.9800411975729597,32.68478773563505,-29.552932141311807,1,0,Montreal
C012161,4,0,0.08980226004816096,26.89478773563505,-28.757571635993372,0,0,Montreal
C013217,4,0,0.010483881253371975,27.02158662069278,-30.679009610499726,0,0,Montreal
C008343,4,0,0.19326428296637319,30.57838550575051,-31.72766977931948,1,1,Bas-Saint-Laurent
C001572,4,0,0.040014372137474385,27.287592195404123,-29.84337726732134,0,0,Montreal
C003770,4,0,0.09744316581957474,26.88118996551958,-28.671515634894558,0,0,Montreal
C002303,4,0,0.026012870899539447,26.140793310346393,-29.054590870979826,0,0,Montreal
C002839,4,1,0.9736943158889483,33.81558104598144,-30.911028245073034,1,1,Gaspesie-Iles-de-la-Madeleine
C010356,4,1,0.32170743136683866,28.717592195404123,-29.317543347013103,0,0,Capitale-Nationale
C008022,4,1,0.8848047928918257,32.39158662069278,-30.7518434489221,1,1,Bas-Saint-Laurent
C013071,4,1,0.6779425340846654,30.353994425288658,-29.755333075193775,1,0,Capitale-Nationale
C002874,4,1,0.9256598230783747,31.51759219540412,-29.48928198201835,1,0,Montreal
C005483,4,0,0.13780267556080242,29.898782160923705,-31.373582944292703,0,1,Gaspesie-Iles-de-la-Madeleine
C000827,4,1,0.9898641624989939,34.79798885057731,-31.113128843191355,1,1,Gaspesie-Iles-de-la-Madeleine
C011641,4,1,0.9607657640413754,34.12198327586597,-31.54970916646292,1,1,Bas-Saint-Laurent
C004721,4,0,0.016337890476654612,28.381983275865974,-31.677810971493557,0,1,Gaspesie-Iles-de-la-Madeleine
C003252,4,1,0.7562933147625477,31.303994425288657,-30.39316178867721,1,0,Capitale-Nationale
C011736,4,0,0.11418305198885491,29.41838550575051,-31.066146302602043,0,1,Cote-Nord
C009118,4,0,0.0009081840296967562,27.24838550575051,-32.88097310362112,0,1,Bas-Saint-Laurent
C002812,4,1,0.9985415884797569,34.92198327586597,-29.67079696275893,1,0,Montreal
C002205,4,1,0.94562589744555,32.107988850577314,-29.810961341306445,1,0,Montreal
C001527,4,0,0.09805182295228965,28.28237993103917,-30.06715481455247,0,1,Cote-Nord
C011898,4,0,0.7428982111093391,30.96439108046185,-30.110966395905,1,0,Montreal
C000127,4,1,0.36842460016559986,27.843994425288656,-28.27749320731533,0,0,Montreal
C009377,4,0,1.8952967761213476e-05,20.417988850577316,-29.163492400923005,0,0,Capitale-Nationale
C011081,4,1,0.7201268063717092,32.13158662069278,-31.37145690956828,1,1,Bas-Saint-Laurent
C002805,4,0,0.009316797503425117,27.351983275865972,-31.105276977826694,0,1,Bas-Saint-Laurent
C002136,4,0,0.005860322236375751,27.43158662069278,-31.560563329559663,0,1,Gaspesie-Iles-de-la-Madeleine
C013949,4,1,0.13986615575278052,27.421189965519584,-28.882109209280173,0,0,Montreal
C012558,4,0,0.09150327874580405,30.321586620692777,-32.16777373167085,1,1,Gaspesie-Iles-de-la-Madeleine
C012031,4,0,0.0004384404372503988,25.15838550575051,-31.37705579032069,0,1,Cote-Nord
C002178,4,0,0.00037047768196050556,23.237592195404122,-29.59178482743158,0,0,Montreal
C007450,4,0,0.7079658900474651,29.864391080461854,-29.15216938920293,0,0,Capitale-Nationale
C004417,4,1,0.9770963921068887,33.05198327586598,-30.033238185836442,1,0,Capitale-Nationale
C008513,4,1,0.29924317450532556,29.057592195404123,-29.741968535871806,0,0,Montreal
C008705,4,1,0.9957832253183841,33.581189965519584,-29.186164498800267,1,0,Montreal
C006406,4,0,0.10862260319701526,27.06118996551958,-28.75413669227591,0,0,Montreal
C008970,4,0,0.010054207021813179,25.717592195404123,-29.40902224439655,0,0,Capitale-Nationale
C001106,4,0,0.13895482879075158,28.244391080461853,-29.71141972011654,0,0,Montreal
C011503,4,1,0.31403320515284605,30.7991788160969,-31.427597363484022,1,1,Gaspesie-Iles-de-la-Madeleine
C000611,4,0,0.23581886496161614,29.66838550575051,-30.614025500024734,0,1,Gaspesie-Iles-de-la-Madeleine
C013305,4,0,0.01567656367791879,26.211189965519583,-29.54079170975672,0,0,Capitale-Nationale
C007212,4,0,0.007181540446643865,26.37079331034639,-30.33518016405646,0,0,Montreal
C007586,4,0,0.01899698470340733,27.181189965519582,-30.35355853810665,0,1,Bas-Saint-Laurent
C012639,4,1,0.9238042100996483,31.45158662069278,-29.444719913641933,1,0,Montreal
C008293,4,1,0.9988806759020928,34.54158662069278,-29.077292978230382,1,0,Capitale-Nationale
C003932,4,1,0.9107996450424521,30.72838550575051,-28.859660940946554,1,0,Montreal
C013028,4,0,0.002167236259802377,25.094787735635048,-30.0268185631679,0,0,Montreal
C003587,4,0,0.029089217649766644,25.697592195404123,-28.518944626656218,0,0,Capitale-Nationale
C012023,4,1,0.7708835092646051,29.941189965519584,-28.965336030248803,0,0,Capitale-Nationale
C006764,4,1,0.9994368046228383,34.91198327586598,-28.89481042941417,1,0,Capitale-Nationale
C003656,4,1,0.5589452289148978,29.517988850577318,-29.327466006238208,0,0,Montreal
C012459,4,0,0.09797008436895212,29.364787735635048,-31.15030626382102,0,1,Cote-Nord
C006364,4,1,0.9856010467114497,33.11759219540412,-29.71857318930169,1,0,Montreal
C003623,4,0,0.0014808130600305512,24.57439108046185,-29.81329914483493,0,0,Capitale-Nationale
C006551,4,0,0.03636093337726314,27.70597770115463,-30.341823897342884,0,1,Gaspesie-Iles-de-la-Madeleine
C007591,4,1,0.9968087901121289,35.12838550575051,-30.508399483278193,1,1,Cote-Nord
C007443,4,0,2.60509337484951e-06,21.55478773563505,-31.896417215395317,0,1,Cote-Nord
C006134,4,0,0.035647948261246135,26.640793310346393,-29.293162063704287,0,0,Capitale-Nationale
C007182,4,0,0.016286690663396768,26.564787735635047,-29.86318175094071,0,0,Montreal
C005069,4,1,0.7109834142970051,30.917592195404122,-30.193595880463015,1,0,Capitale-Nationale
C012681,4,0,0.0014724455896325962,23.261189965519584,-28.504662389384563,0,0,Capitale-Nationale
C004392,4,1,0.9741968252358035,32.09719554023093,-29.176714960240318,1,0,Capitale-Nationale
C006827,4,1,0.7050157733748504,30.038385505750508,-29.337606500443883,1,0,Montreal
C007528,4,0,0.31402640375449925,28.601189965519584,-29.22963390721084,0,0,Montreal
C012274,4,0,0.059882544038289104,27.893597770115466,-30.10831453169481,0,0,Montreal
C011009,4,1,0.6190418368220003,30.37079331034639,-29.980322554524907,1,0,Montreal
C008277,4,1,0.6945222369953381,31.8091788160969,-31.14857512212615,1,1,Cote-Nord
C006868,4,0,0.07354404146177873,27.29838550575051,-29.336047086198654,0,0,Montreal
C002729,4,0,5.450080441877378e-06,21.537592195404123,-31.28552107213553,0,1,Cote-Nord
C002120,4,0,0.46317405134631046,29.947592195404123,-30.06628251485987,0,1,Bas-Saint-Laurent
C001444,4,0,0.00017069143817768613,22.871586620692778,-29.849215270805534,0,1,Bas-Saint-Laurent
C002485,4,1,0.2126638460454077,30.1491788160969,-31.2019519877916,1,1,Bas-Saint-Laurent
C013850,4,1,0.8926817148842009,31.551586620692778,-29.847747625827235,1,0,Capitale-Nationale
C001818,4,1,0.9683844309230165,31.87478773563505,-29.12251404678734,1,0,Montreal
C006456,4,1,0.8836099161149784,31.15759219540412,-29.527235566264515,1,0,Capitale-Nationale
C011286,4,0,0.27616093126707275,28.957988850577316,-29.73299364556747,0,0,Montreal
C007923,4,1,0.47819797524003377,30.514787735635046,-30.584973092198894,1,1,Gaspesie-Iles-de-la-Madeleine
C000140,4,1,0.9386171896951663,30.213994425288657,-28.02046426008591,1,0,Montreal
C004298,4,0,0.3538791341916407,29.22759219540412,-29.711801566071127,0,0,Montreal
C011336,4,0,0.24314662197299677,30.294391080461853,-31.207669580998264,1,1,Cote-Nord
C001816,4,0,0.002390903638218982,26.82838550575051,-31.681239473724887,0,1,Gaspesie-Iles-de-la-Madeleine
C013263,4,0,0.0031893023904000497,25.607988850577318,-30.228457309792315,0,0,Montreal
C008260,4,0,0.004285575541568435,27.607988850577318,-31.98994181492889,0,1,Bas-Saint-Laurent
C002062,4,1,0.727499625656261,30.951983275865974,-30.16218899085982,1,1,Cote-Nord
C007871,4,0,0.034154413504311414,28.00478773563505,-30.692824724606243,0,1,Bas-Saint-Laurent
C000201,4,0,0.001955304219592045,26.058385505750508,-31.073354467640513,0,1,Cote-Nord
C011298,4,0,0.2646376831315447,28.550793310346393,-29.372781969001718,0,0,Montreal
C005800,4,0,0.008762440224930737,24.773994425288656,-28.577077023142305,0,0,Montreal
C002424,4,1,0.7781335147530001,32.57798885057731,-31.568744186121382,1,1,Bas-Saint-Laurent
C002829,4,0,0.00558725163344106,25.49079331034639,-29.658369421811084,0,0,Capitale-Nationale
C002260,4,1,0.9114447647913756,32.22478773563505,-30.349655703603176,1,0,Capitale-Nationale
C010585,4,0,0.020824655919631084,26.11759219540412,-29.21458067033446,0,0,Montreal
C003634,4,0,0.030179029959975918,28.56798885057732,-31.35885630793245,0,1,Cote-Nord
C008012,4,1,0.679605809307753,32.30838550575051,-31.703588749737715,1,1,Gaspesie-Iles-de-la-Madeleine
C011174,4,1,0.23878167905238626,29.555184390808243,-30.48765785829646,0,1,Bas-Saint-Laurent
C003408,4,0,0.013372050620281612,28.765184390808244,-32.22454959104248,0,1,Gaspesie-Iles-de-la-Madeleine
C007714,4,0,0.01525583985575981,27.41478773563505,-30.766613539401575,0,1,Cote-Nord
C003625,4,0,0.003217362594787095,25.177988850577318,-29.791389266152052,0,0,Montreal
C003929,4,0,0.12856148269920617,28.06558104598144,-29.60478692865649,0,0,Montreal
C007734,4,0,0.0009492409050249937,26.20558104598144,-31.802573312388173,0,1,Gaspesie-Iles-de-la-Madeleine
C003039,4,0,0.5053366843011359,29.691189965519584,-29.674020284905843,0,0,Montreal
C000232,4,1,0.9797288624027183,31.73439108046185,-28.615280759335672,1,0,Capitale-Nationale
C001453,4,0,0.006168470261451878,27.211189965519583,-31.298700312278264,0,1,Gaspesie-Iles-de-la-Madeleine
C004503,4,0,0.1684264723252228,30.491189965519585,-31.775501260293034,1,1,Bas-Saint-Laurent
C003145,4,1,0.893458436806499,32.107988850577314,-30.397608064256275,1,1,Bas-Saint-Laurent
C007900,4,1,0.991196465431047,33.67118996551959,-29.871903890804887,1,0,Montreal
C001573,4,0,0.0026461761090711294,25.621983275865976,-30.3930405368565,0,1,Bas-Saint-Laurent
C009092,4,1,0.9977957145449595,33.39798885057731,-28.479621179252508,1,0,Montreal
C002346,4,0,0.0007571906702202568,23.167195540230924,-28.946150812518937,0,0,Capitale-Nationale
C004581,4,1,0.5858237299399331,29.473994425288655,-29.19512414032064,0,0,Montreal
C008745,4,0,0.002769469375229887,23.961189965519583,-28.69552019911302,0,0,Montreal
C002451,4,0,0.1428728108528471,27.45838550575051,-28.899381968480107,0,0,Capitale-Nationale
C004135,4,0,0.00880260178792726,25.578782160923705,-29.378154216127175,0,0,Montreal
